corruption,severity,size_bin,class_name,AP50,AP50_95,R50_max,R50_at_conf_025,clean_AP50_95,absolute_drop_AP50_95,retention_ratio
brightness,1,ALL,all_macro,0.7309479055218868,0.45417800511412426,0.850543094166631,0.6862596580996605,0.6069524313063762,0.15277442619225196,0.748292587174538
brightness,1,ALL,hat,0.8389658044514696,0.6304069502936012,0.9137380191693291,0.7859424920127795,0.7125204886571556,0.0821135383635544,0.8847562425632015
brightness,1,ALL,person,0.622930006592304,0.27794905993464736,0.787348169163933,0.5865768241865413,0.5013843739555969,0.22343531402094952,0.5543632278401697
brightness,1,ES,all_macro,0.32566245684685247,0.10743630142721484,0.6019000316716625,0.312598160132998,0.3141471092881632,0.20671080786094836,0.3419936018849846
brightness,1,ES,hat,0.20150535926105645,0.07223939350364261,0.5117370892018779,0.15492957746478872,0.22565674694100948,0.15341735343736687,0.320129552884706
brightness,1,ES,person,0.4498195544326485,0.14263320935078708,0.6920629741414471,0.4702667428012073,0.40263747163531693,0.2600042622845299,0.35424723081903076
brightness,1,S,all_macro,0.7122997671168465,0.3605787993948758,0.9030312794284931,0.6741752901237754,0.5541587548627844,0.19357995546790863,0.6506777998737183
brightness,1,S,hat,0.7181590597560777,0.4106397246366906,0.945054945054945,0.7087912087912088,0.5744331893389237,0.16379346470223316,0.7148607222874221
brightness,1,S,person,0.7064404744776154,0.3105178741530611,0.8610076138020412,0.6395593714563421,0.5338843203866451,0.22336644623358404,0.5816201418467966
brightness,1,M,all_macro,0.9147074466480751,0.6106369354238512,0.9611824389680736,0.8666562788622351,0.6939112923987594,0.08327435697490815,0.8799927917485826
brightness,1,L,all_macro,0.9517314011694418,0.7586996584547961,0.9611575562700965,0.892668810289389,0.8156218251468484,0.0569221666920523,0.9302100986792454
brightness,2,ALL,all_macro,0.6905830338097975,0.4280928693790558,0.8289717921314371,0.6400778407590383,0.6069524313063762,0.17885956192732044,0.7053153547101683
brightness,2,ALL,hat,0.8070762697471817,0.606373631536166,0.9041533546325878,0.7614483493077743,0.7125204886571556,0.10614685712098959,0.8510262388088823
brightness,2,ALL,person,0.5740897978724132,0.24981210722194563,0.7537902296302864,0.5187073322103023,0.5013843739555969,0.25157226673365124,0.49824470047020103
brightness,2,ES,all_macro,0.2864214930507162,0.09302848260039709,0.5832380694149397,0.28647669796684777,0.3141471092881632,0.2211186266877661,0.2961303155429109
brightness,2,ES,hat,0.16356548069747845,0.060909290443916506,0.5070422535211268,0.1596244131455399,0.22565674694100948,0.164747456497093,0.26992009443368975
brightness,2,ES,person,0.4092775054039539,0.12514767475687769,0.6594338853087528,0.41332898278815566,0.40263747163531693,0.2774897968784392,0.31081974126399337
brightness,2,S,all_macro,0.6593936852793387,0.3286417430273094,0.8774593096843218,0.6176754761519058,0.5541587548627844,0.225517011835475,0.5930461986632054
brightness,2,S,hat,0.6635485309841931,0.37420473451970515,0.9258241758241759,0.6785714285714286,0.5744331893389237,0.20022845481921858,0.6514329977178931
brightness,2,S,person,0.6552388395744844,0.28307875153491363,0.8290944435444678,0.5567795237323829,0.5338843203866451,0.2508055688517315,0.5302248834165139
brightness,2,M,all_macro,0.8746218761298783,0.5790112287329545,0.9371667191907341,0.8143228061581089,0.6939112923987594,0.11490006366580485,0.8344167836372708
brightness,2,L,all_macro,0.9322787640119556,0.7361636534677178,0.9407992650436381,0.8269499310978411,0.8156218251468484,0.07945817167913061,0.9025796401845615
brightness,3,ALL,all_macro,0.6322706334792321,0.39319718740994053,0.7951393029597542,0.5829196322795782,0.6069524313063762,0.2137552438964357,0.6478220814827962
brightness,3,ALL,hat,0.7515995725031746,0.5674956594327163,0.8865814696485623,0.7273695420660277,0.7125204886571556,0.14502482922443927,0.7964622329699476
brightness,3,ALL,person,0.5129416944552897,0.21889871538716474,0.703697136270946,0.4384697224931288,0.5013843739555969,0.2824856585684321,0.4365886269254786
brightness,3,ES,all_macro,0.2322181402386121,0.0733083565956344,0.5533736448109217,0.25011345501838833,0.3141471092881632,0.2408387526925288,0.23335677594406753
brightness,3,ES,hat,0.10201507606387354,0.03836621548166621,0.48826291079812206,0.15492957746478872,0.22565674694100948,0.18729053145934327,0.17002024535829985
brightness,3,ES,person,0.36242120441335063,0.10825049770960257,0.6184843788237213,0.3452973325719879,0.40263747163531693,0.29438697392571433,0.2688535105039823
brightness,3,S,all_macro,0.5812937070841263,0.28944449753841006,0.8242904228446104,0.5448441280087157,0.5541587548627844,0.26471425732437437,0.5223133172552323
brightness,3,S,hat,0.5819623013346436,0.3310240956627418,0.8873626373626373,0.6236263736263736,0.5744331893389237,0.2434090936761819,0.576262134233043
brightness,3,S,person,0.5806251128336091,0.24786489941407833,0.7612182083265835,0.46606188239105784,0.5338843203866451,0.28601942097256683,0.46426705177363464
brightness,3,M,all_macro,0.8210704524716601,0.5376864921253706,0.9051155971518434,0.7447267916427448,0.6939112923987594,0.1562248002733888,0.7748634415022411
brightness,3,L,all_macro,0.9065837376701273,0.7150359274001803,0.9116903996325219,0.7618557648139641,0.8156218251468484,0.10058589774666815,0.8766758139060855
brightness,4,ALL,all_macro,0.570024737668962,0.3551066954164909,0.7555665759385273,0.5150072028266315,0.6069524313063762,0.2518457358898853,0.5850651172978676
brightness,4,ALL,hat,0.6919598049447633,0.523128930110987,0.8700745473908413,0.6847710330138446,0.7125204886571556,0.18939155854616851,0.7341949297442613
brightness,4,ALL,person,0.44808967039316083,0.1870844607219948,0.6410586044862133,0.3452433726394184,0.5013843739555969,0.31429991323360207,0.37313580247030836
brightness,4,ES,all_macro,0.1838268496562156,0.0547472507903003,0.5206585790950943,0.18297527503985767,0.3141471092881632,0.2593998584978629,0.17427265498114558
brightness,4,ES,hat,0.05510203809093586,0.01862300863888182,0.4788732394366197,0.10328638497652583,0.22565674694100948,0.20703373830212768,0.08252803823211273
brightness,4,ES,person,0.3125516612214953,0.09087149294171878,0.5624439187535688,0.2626641651031895,0.40263747163531693,0.3117659786935981,0.22569060095833388
brightness,4,S,all_macro,0.5004674938490227,0.2467497661053764,0.7668253097946927,0.46982249890074285,0.5541587548627844,0.307408988757408,0.4452690929090785
brightness,4,S,hat,0.4981078272493656,0.28220715215308156,0.8516483516483516,0.5714285714285714,0.5744331893389237,0.29222603718584217,0.491279329590713
brightness,4,S,person,0.5028271604486797,0.21129238005767123,0.6820022679410336,0.3682164263729143,0.5338843203866451,0.32259194032897387,0.3957643481731227
brightness,4,M,all_macro,0.7602793133203811,0.4935270240287007,0.8668828864107236,0.665596878822296,0.6939112923987594,0.20038426837005868,0.7112249496944244
brightness,4,L,all_macro,0.8814993841978027,0.6890056645469453,0.887046394120349,0.6954203031694993,0.8156218251468484,0.1266161605999031,0.8447611911597552
brightness,5,ALL,all_macro,0.5050659027270289,0.3179972284531447,0.7066597513488126,0.43711684970447967,0.6069524313063762,0.2889552028532315,0.5239244659893729
brightness,5,ALL,hat,0.6308353562997799,0.47975917306508464,0.8482428115015974,0.6347177848775293,0.7125204886571556,0.23276131559207092,0.6733268456171104
brightness,5,ALL,person,0.37929644915427785,0.15623528384120483,0.565076691196028,0.2395159145314301,0.5013843739555969,0.34514909011439204,0.31160780422534906
brightness,5,ES,all_macro,0.14842379869252117,0.04308704980830124,0.46110666227016506,0.12686702918656678,0.3141471092881632,0.27106005947986195,0.13715564630193058
brightness,5,ES,hat,0.03469401523563372,0.010691474297851887,0.4272300469483568,0.0892018779342723,0.22565674694100948,0.2149652726431576,0.04737936907619616
brightness,5,ES,person,0.26215358214940865,0.07548262531875059,0.49498327759197325,0.16453218043886125,0.40263747163531693,0.32715484631656633,0.1874704433548547
brightness,5,S,all_macro,0.41102344218430575,0.2028818274442825,0.7059482717185617,0.36561403524387487,0.5541587548627844,0.3512769274185019,0.36610777266257966
brightness,5,S,hat,0.411669822988148,0.2330318327403947,0.8241758241758241,0.47527472527472525,0.5744331893389237,0.341401356598529,0.4056726475163722
brightness,5,S,person,0.4103770613804634,0.17273182214817026,0.5877207192612992,0.2559533452130245,0.5338843203866451,0.36115249823847484,0.32353791926887066
brightness,5,M,all_macro,0.6948630634930493,0.4487459091878291,0.821028205424228,0.5808407803100272,0.6939112923987594,0.2451653832109303,0.6466905987890382
brightness,5,L,all_macro,0.83935269170873,0.6548143338652779,0.8371336701883325,0.6234497014239779,0.8156218251468484,0.16080749128157057,0.8028406225487921
contrast,1,ALL,all_macro,0.7057333432108335,0.4428906756001117,0.8413795662554772,0.5997426725626266,0.6069524313063762,0.16406175570626452,0.7296958587790058
contrast,1,ALL,hat,0.8011435914040271,0.6076118868818237,0.8945686900958466,0.7268370607028753,0.7125204886571556,0.1049086017753319,0.8527640910747046
contrast,1,ALL,person,0.6103230950176399,0.27816946431839973,0.7881904424151077,0.4726482844223779,0.5013843739555969,0.22321490963719715,0.5548028194892143
contrast,1,ES,all_macro,0.29057973398589776,0.0984456686470183,0.5885088927671037,0.2166736175817173,0.3141471092881632,0.21570144064114488,0.31337442152528394
contrast,1,ES,hat,0.13029344624007982,0.04549102882312054,0.4835680751173709,0.12206572769953052,0.22565674694100948,0.18016571811788895,0.20159392280441174
contrast,1,ES,person,0.45086602173171564,0.15140030847091607,0.6934497104168366,0.3112815074639041,0.40263747163531693,0.25123716316440087,0.37602140669123985
contrast,1,S,all_macro,0.6768375118096284,0.35439476651056434,0.890196006002745,0.5984613960476588,0.5541587548627844,0.1997639883522201,0.6395184834683632
contrast,1,S,hat,0.6721638151607128,0.40179712922267397,0.9093406593406593,0.6263736263736264,0.5744331893389237,0.17263606011624977,0.699467121119995
contrast,1,S,person,0.681511208458544,0.30699240379845477,0.8710513526648307,0.5705491657216912,0.5338843203866451,0.22689191658819036,0.5750167069452936
contrast,1,M,all_macro,0.8893445303834167,0.5948404654523676,0.9485382448016775,0.8197709430618307,0.6939112923987594,0.0990708269463918,0.8572283978778943
contrast,1,L,all_macro,0.9362882028145109,0.7415732970953937,0.9410656867248507,0.8176573265962334,0.8156218251468484,0.07404852805145479,0.9092121792619726
contrast,2,ALL,all_macro,0.6528643713253269,0.4127461304907683,0.7996529311118583,0.524251082123554,0.6069524313063762,0.1942063008156079,0.6800304425873914
contrast,2,ALL,hat,0.7594766085693212,0.5761521900896416,0.8700745473908413,0.6869009584664537,0.7125204886571556,0.13636829856751398,0.8086114003198432
contrast,2,ALL,person,0.5462521340813327,0.249340070891895,0.7292313148328753,0.3616012057806543,0.5013843739555969,0.25204430306370185,0.4973032344920602
contrast,2,ES,all_macro,0.2456154352023041,0.08150539716293272,0.5100414871971038,0.1325363333712474,0.3141471092881632,0.2326417121252305,0.2594497760861738
contrast,2,ES,hat,0.10158427371016573,0.03228223507596206,0.4084507042253521,0.0892018779342723,0.22565674694100948,0.19337451186504742,0.14305902887273825
contrast,2,ES,person,0.3896465966944425,0.13072855924990337,0.6116322701688556,0.17587078880822252,0.40263747163531693,0.2719089123854136,0.3246805587143883
contrast,2,S,all_macro,0.606484283056312,0.317030572116482,0.8537093475130086,0.5253027185029453,0.5541587548627844,0.23712818274630243,0.5720934106598787
contrast,2,S,hat,0.5912495241254828,0.356424463432278,0.8736263736263736,0.5741758241758241,0.5744331893389237,0.21800872590664572,0.6204802752474362
contrast,2,S,person,0.6217190419871411,0.27763668080068593,0.8337923213996437,0.4764296128300664,0.5338843203866451,0.2562476395859592,0.5200315315490409
contrast,2,M,all_macro,0.8542432985582052,0.565484273952028,0.928785555153391,0.7745135933326677,0.6939112923987594,0.12842701844673132,0.8149230026178473
contrast,2,L,all_macro,0.9166158032213689,0.7154857888426944,0.9233853927423059,0.7394350022967386,0.8156218251468484,0.10013603630415402,0.8772273703120621
contrast,3,ALL,all_macro,0.546357103348258,0.3488745133840539,0.6875944966759926,0.4163083429193198,0.6069524313063762,0.2580779179223223,0.5747971264126129
contrast,3,ALL,hat,0.6670314051060837,0.5019827815501806,0.7960596379126731,0.5985090521831736,0.7125204886571556,0.21053770710697495,0.7045169781661118
contrast,3,ALL,person,0.4256828015904324,0.19576624521792718,0.579129355439312,0.2341076336554659,0.5013843739555969,0.3056181287376697,0.3904514288577818
contrast,3,ES,all_macro,0.17867202202317112,0.05935246899614837,0.32099900159583816,0.06629047471877517,0.3141471092881632,0.2547946402920148,0.1889320870423961
contrast,3,ES,hat,0.06459135300138277,0.018970436341216354,0.23943661971830985,0.07042253521126761,0.22565674694100948,0.20668631059979314,0.08406766736815341
contrast,3,ES,person,0.2927526910449595,0.09973450165108039,0.4025613834733665,0.06215841422628273,0.40263747163531693,0.30290296998423655,0.24770298016726439
contrast,3,S,all_macro,0.4824657026270452,0.24835565556352054,0.7521871656611654,0.400854794808302,0.5541587548627844,0.30580309929926386,0.4481669799207919
contrast,3,S,hat,0.45488726581723815,0.274886172894476,0.7664835164835165,0.4697802197802198,0.5744331893389237,0.29954701644444776,0.47853462856285145
contrast,3,S,person,0.5100441394368522,0.2218251382325651,0.7378908148388142,0.33192936983638427,0.5338843203866451,0.31205918215408,0.41549288818206315
contrast,3,M,all_macro,0.7701270314761535,0.4972053283078953,0.8807408545717781,0.660431903846634,0.6939112923987594,0.19670596409086405,0.7165257775084224
contrast,3,L,all_macro,0.8472290496882242,0.6485935797272608,0.846054203031695,0.6135231970601746,0.8156218251468484,0.1670282454195876,0.7952136146068491
contrast,4,ALL,all_macro,0.3067775462116908,0.19314142871052548,0.3874812682602301,0.17917280278380257,0.6069524313063762,0.41381100259585074,0.3182151001435431
contrast,4,ALL,hat,0.40063647685757636,0.2836103779988222,0.5729499467518637,0.29818956336528224,0.7125204886571556,0.42891011065833334,0.39803820734099254
contrast,4,ALL,person,0.21291861556580519,0.10267247942222876,0.2020125897685965,0.0601560422023229,0.5013843739555969,0.3987118945333681,0.20477798023941118
contrast,4,ES,all_macro,0.10620002791172113,0.03945018997676559,0.07990814068958439,0.002651113467656416,0.3141471092881632,0.2746969193113976,0.12557871395397252
contrast,4,ES,hat,0.018623262459384077,0.0070986985672864935,0.10328638497652583,0.0,0.22565674694100948,0.218558048373723,0.03145794957835767
contrast,4,ES,person,0.19377679336405818,0.07180168138624468,0.05652989640264296,0.005302226935312832,0.40263747163531693,0.3308357902490723,0.17832836346458586
contrast,4,S,all_macro,0.2349785758185488,0.11717892709947329,0.40211404503482906,0.14845845876139088,0.5541587548627844,0.4369798277633111,0.2114537144296999
contrast,4,S,hat,0.20041931361773993,0.11743162946118366,0.5,0.2087912087912088,0.5744331893389237,0.45700155987774005,0.20443043967624464
contrast,4,S,person,0.2695378380193577,0.11692622473776293,0.3042280900696582,0.08812570873157298,0.5338843203866451,0.4169580956488822,0.21901041156834053
contrast,4,M,all_macro,0.449414900888258,0.27700620925702407,0.5903128588277876,0.2964442116397494,0.6939112923987594,0.4169050831417353,0.3991954192004144
contrast,4,L,all_macro,0.547231834045294,0.39235944395202693,0.5041341295360589,0.21595314653192468,0.8156218251468484,0.4232623811948215,0.48105559691390637
contrast,5,ALL,all_macro,0.20393154282511494,0.12155291180265501,0.04863052818242238,0.008164541131742187,0.6069524313063762,0.4853995195037212,0.20026760835446392
contrast,5,ALL,hat,0.15683384667939484,0.10351464693819071,0.09158679446219382,0.01597444089456869,0.7125204886571556,0.6090058417189649,0.1452795373411346
contrast,5,ALL,person,0.25102923897083507,0.13959117666711932,0.005674261902650944,0.000354641368915684,0.5013843739555969,0.3617931972884776,0.2784115020694316
contrast,5,ES,all_macro,0.0,0.0,0.0,0.0,0.3141471092881632,0.3141471092881632,0.0
contrast,5,ES,hat,0.0,0.0,0.0,0.0,0.22565674694100948,0.22565674694100948,0.0
contrast,5,ES,person,0.0,0.0,0.0,0.0,0.40263747163531693,0.40263747163531693,0.0
contrast,5,S,all_macro,0.19997184186974182,0.10379426169568862,0.020533411186254215,0.0015356221617358829,0.5541587548627844,0.4503644931670958,0.1873005899210041
contrast,5,S,hat,0.09064969824695851,0.04790095785633211,0.03296703296703297,0.0027472527472527475,0.5744331893389237,0.5265322314825917,0.08338821423507593
contrast,5,S,person,0.3092939854925251,0.15968756553504512,0.008099789405475458,0.0003239915762190183,0.5338843203866451,0.3741967548516,0.29910517960032534
contrast,5,M,all_macro,0.2543246206486075,0.1622083755631442,0.0635542516412471,0.018467540126307382,0.6939112923987594,0.5317029168356151,0.2337595271038339
contrast,5,L,all_macro,0.127087967356878,0.0771865280503728,0.07564997703261368,0.0040192926045016075,0.8156218251468484,0.7384352970964756,0.09463519203458755
defocus_blur,1,ALL,all_macro,0.6891648186554836,0.42447749604632407,0.8225458293240258,0.6221862970011938,0.6069524313063762,0.18247493526005215,0.699358753918653
defocus_blur,1,ALL,hat,0.7813645225812285,0.5874138618439833,0.8626198083067093,0.7071352502662407,0.7125204886571556,0.1251066268131723,0.824416800913398
defocus_blur,1,ALL,person,0.5969651147297388,0.2615411302486649,0.7824718503413424,0.5372373437361468,0.5013843739555969,0.239843243706932,0.5216379764396631
defocus_blur,1,ES,all_macro,0.325784302679662,0.1094518305191702,0.5185895808272699,0.2721662383141331,0.3141471092881632,0.204695278768993,0.34840947849935944
defocus_blur,1,ES,hat,0.16253123153243249,0.0513828960627752,0.3286384976525822,0.08450704225352113,0.22565674694100948,0.17427385087823427,0.22770378798471097
defocus_blur,1,ES,person,0.48903737382689155,0.16752076497556523,0.7085406640019577,0.4598254343747451,0.40263747163531693,0.2351167066597517,0.4160585558397673
defocus_blur,1,S,all_macro,0.601872521919691,0.30484575169620554,0.83317259850145,0.5437936031245605,0.5541587548627844,0.2493130031665789,0.550105450867935
defocus_blur,1,S,hat,0.6008147116543857,0.35522360420032595,0.8434065934065934,0.554945054945055,0.5744331893389237,0.21920958513859778,0.6183897636714354
defocus_blur,1,S,person,0.6029303321849964,0.2544678991920851,0.8229386035963066,0.5326421513040661,0.5338843203866451,0.27941642119456,0.4766348991253322
defocus_blur,1,M,all_macro,0.8559978869086189,0.5533802295457109,0.9383356397119393,0.7810276827837548,0.6939112923987594,0.1405310628530485,0.7974797868366557
defocus_blur,1,L,all_macro,0.9276510999938933,0.7233148245880296,0.9601745521359669,0.8618603582912265,0.8156218251468484,0.0923070005588188,0.8868262254480508
defocus_blur,2,ALL,all_macro,0.6156151347803209,0.3788211343020391,0.7670015176120135,0.5343399256405049,0.6069524313063762,0.2281312970043371,0.6241364475411724
defocus_blur,2,ALL,hat,0.7237425959488272,0.5406278035021794,0.820021299254526,0.6490947816826411,0.7125204886571556,0.17189268515497613,0.7587540458255005
defocus_blur,2,ALL,person,0.5074876736118146,0.21701446510189887,0.7139817359695009,0.41958506959836867,0.5013843739555969,0.284369908853698,0.43283053157360246
defocus_blur,2,ES,all_macro,0.26459570174627034,0.08580093885564877,0.4295998685645154,0.19203980442461166,0.3141471092881632,0.22834617043251443,0.27312343904761077
defocus_blur,2,ES,hat,0.11483051281559033,0.033335552492409395,0.2112676056338028,0.03755868544600939,0.22565674694100948,0.19232119444860007,0.14772681492711529
defocus_blur,2,ES,person,0.41436089067695037,0.13826632521888815,0.647932131495228,0.34652092340321394,0.40263747163531693,0.2643711464164288,0.34340153353665226
defocus_blur,2,S,all_macro,0.4943790244251108,0.24489444561387236,0.7568716922151233,0.4355185556384325,0.5541587548627844,0.3092643092489121,0.4419210983583771
defocus_blur,2,S,hat,0.5068830071199598,0.29214309369555236,0.7774725274725275,0.4725274725274725,0.5744331893389237,0.2822900956433714,0.5085762785255498
defocus_blur,2,S,person,0.48187504173026174,0.19764579753219239,0.7362708569577191,0.3985096387493925,0.5338843203866451,0.33623852285445277,0.3702034129585507
defocus_blur,2,M,all_macro,0.7794507469524069,0.4926953974662914,0.8846294557050498,0.6905968398192757,0.6939112923987594,0.201215894932468,0.7100264873383292
defocus_blur,2,L,all_macro,0.9026826411160848,0.6894864217936434,0.9475838309600367,0.8149793293523198,0.8156218251468484,0.12613540335320506,0.8453506276263573
defocus_blur,3,ALL,all_macro,0.4504920099576162,0.27749592598455025,0.6063619838426677,0.3537648920340807,0.6069524313063762,0.32945650532182597,0.4571955093536423
defocus_blur,3,ALL,hat,0.5897760357526767,0.4255004935240341,0.7103301384451545,0.5207667731629393,0.7125204886571556,0.2870199951331215,0.5971765027079421
defocus_blur,3,ALL,person,0.31120798416255574,0.1294913584450664,0.5023938292401808,0.1867630109052221,0.5013843739555969,0.37189301551053044,0.25826763890438736
defocus_blur,3,ES,all_macro,0.12177689076493854,0.03624017488084297,0.26884435196982803,0.05634855985848473,0.3141471092881632,0.2779069344073202,0.11536052317323828
defocus_blur,3,ES,hat,0.010291521917341933,0.0027810931909515216,0.0892018779342723,0.004694835680751174,0.22565674694100948,0.22287565375005797,0.01232444067661113
defocus_blur,3,ES,person,0.23326225961253516,0.06969925657073442,0.4484868260053838,0.10800228403621828,0.40263747163531693,0.33293821506458254,0.17310673119332398
defocus_blur,3,S,all_macro,0.29380760725966015,0.1407618740907061,0.5046139871791905,0.24108756139373344,0.5541587548627844,0.41339688077207837,0.25401001582219923
defocus_blur,3,S,hat,0.3285193472639088,0.17665163941784315,0.5357142857142857,0.3021978021978022,0.5744331893389237,0.3977815499210806,0.3075233860027126
defocus_blur,3,S,person,0.25909586725541145,0.10487210876356905,0.47351368864409527,0.17997732058966467,0.5338843203866451,0.42901221162307607,0.1964322696115508
defocus_blur,3,M,all_macro,0.5932278272836238,0.3516694932878047,0.7433217078330545,0.48210521922817706,0.6939112923987594,0.34224179911095465,0.5067931551771263
defocus_blur,3,L,all_macro,0.8266828548778755,0.6083958451177811,0.9040055121727147,0.7077308222324299,0.8156218251468484,0.20722598002906734,0.7459288439323489
defocus_blur,4,ALL,all_macro,0.32868909844492644,0.20471887992293009,0.4413441493285655,0.24554526629780565,0.6069524313063762,0.40223355138344613,0.33728982596264206
defocus_blur,4,ALL,hat,0.47128017095614344,0.32770064450172554,0.6219382321618744,0.410010649627263,0.7125204886571556,0.38481984415543,0.4599175037328726
defocus_blur,4,ALL,person,0.1860980259337094,0.08173711534413466,0.26075006649525667,0.08107988296834825,0.5013843739555969,0.41964725861146224,0.1630228614810668
defocus_blur,4,ES,all_macro,0.06319239664895766,0.018783229613727102,0.0898115670119912,0.0066481768496614736,0.3141471092881632,0.2953638796744361,0.059791190363930685
defocus_blur,4,ES,hat,0.0,0.0,0.0,0.0,0.22565674694100948,0.22565674694100948,0.0
defocus_blur,4,ES,person,0.12638479329791533,0.037566459227454205,0.1796231340239824,0.013296353699322947,0.40263747163531693,0.3650710124078627,0.0933009515355776
defocus_blur,4,S,all_macro,0.18333050744693963,0.08724037632151484,0.3227819483286841,0.1499840674472134,0.5541587548627844,0.4669183785412696,0.15742849058320205
defocus_blur,4,S,hat,0.22377472976254423,0.11624342806466703,0.3956043956043956,0.21978021978021978,0.5744331893389237,0.4581897612742567,0.20236196344860177
defocus_blur,4,S,person,0.14288628513133506,0.05823732457836265,0.24995950105297263,0.08018791511420703,0.5338843203866451,0.47564699580828246,0.10908229059094021
defocus_blur,4,M,all_macro,0.4299541271143803,0.24420277558086773,0.5958647437657572,0.32662825909238413,0.6939112923987594,0.44970851681789165,0.35192218120084356
defocus_blur,4,L,all_macro,0.7377790655347573,0.5227809641283612,0.8329260450160771,0.595925585668351,0.8156218251468484,0.2928408610184873,0.6409599988747692
defocus_blur,5,ALL,all_macro,0.25788870977598044,0.16044767755349684,0.331428198199959,0.18987091469619294,0.6069524313063762,0.44650475375287935,0.26434967433635076
defocus_blur,5,ALL,hat,0.3846921944512363,0.2592402284502847,0.5324813631522897,0.32800851970181044,0.7125204886571556,0.45328026020687084,0.36383547221057344
defocus_blur,5,ALL,person,0.13108522510072462,0.06165512665670895,0.13037503324762834,0.05173330969057541,0.5013843739555969,0.4397292472988879,0.1229697809891642
defocus_blur,5,ES,all_macro,0.04521880610531969,0.013035241089049243,0.028305734562362347,0.0011420181091443022,0.3141471092881632,0.30111186819911395,0.0414940666447202
defocus_blur,5,ES,hat,0.0,0.0,0.0,0.0,0.22565674694100948,0.22565674694100948,0.0
defocus_blur,5,ES,person,0.09043761221063938,0.026070482178098486,0.05661146912472469,0.0022840362182886043,0.40263747163531693,0.37656698945721845,0.06474926954069354
defocus_blur,5,S,all_macro,0.12771914347746488,0.06074535983125865,0.2064271383889074,0.09887684403721986,0.5541587548627844,0.49341339503152576,0.10961725191240522
defocus_blur,5,S,hat,0.16062188246824577,0.08258146559530834,0.2967032967032967,0.1510989010989011,0.5744331893389237,0.4918517237436154,0.14376165431935742
defocus_blur,5,S,person,0.09481640448668402,0.038909254067208965,0.11615098007451806,0.04665478697553863,0.5338843203866451,0.49497506631943616,0.07287955945031395
defocus_blur,5,M,all_macro,0.3220348903449821,0.17739054075880994,0.4534358540725394,0.24167129502508675,0.6939112923987594,0.5165207516399495,0.2556386424345313
defocus_blur,5,L,all_macro,0.6366206740493052,0.43680535967660805,0.7385392742305925,0.4732292145153882,0.8156218251468484,0.3788164654702404,0.5355488857816716
elastic_transform,1,ALL,all_macro,0.729850582521173,0.4436682945043513,0.8499827353103551,0.6913271537358059,0.6069524313063762,0.16328413680202492,0.7309770446909988
elastic_transform,1,ALL,hat,0.8299686835667737,0.6136518216235773,0.9009584664536742,0.7689030883919062,0.7125204886571556,0.09886866703357822,0.8612409487060364
elastic_transform,1,ALL,person,0.6297324814755724,0.2736847673851252,0.7990070041670361,0.6137512190797056,0.5013843739555969,0.22769960657047167,0.5458581910439894
elastic_transform,1,ES,all_macro,0.32251072479664145,0.10289634107274032,0.5851737939396446,0.3255820098829374,0.3141471092881632,0.21125076821542288,0.32754190005407563
elastic_transform,1,ES,hat,0.17139157808962358,0.056722502994102406,0.460093896713615,0.14084507042253522,0.22565674694100948,0.1689342439469071,0.25136630640576696
elastic_transform,1,ES,person,0.47362987150365937,0.1490701791513782,0.7102536911656742,0.5103189493433395,0.40263747163531693,0.2535672924839387,0.37023424209855055
elastic_transform,1,S,all_macro,0.7075239080707741,0.3461900486286986,0.9033619466553211,0.669750446378504,0.5541587548627844,0.2079687062340858,0.6247127661357961
elastic_transform,1,S,hat,0.7194981448201473,0.3977497538802944,0.9395604395604396,0.6840659340659341,0.5744331893389237,0.17668343545862936,0.6924212619713663
elastic_transform,1,S,person,0.695549671321401,0.2946303433771028,0.8671634537502025,0.655434958691074,0.5338843203866451,0.23925397700954232,0.5518617650425248
elastic_transform,1,M,all_macro,0.9036658565679935,0.587432738092335,0.9534214229549935,0.861734097688525,0.6939112923987594,0.10647855430642439,0.846553074618022
elastic_transform,1,L,all_macro,0.9488699996759391,0.7501486872682624,0.9703536977491961,0.8882912264584291,0.8156218251468484,0.065473137878586,0.9197261085224173
elastic_transform,2,ALL,all_macro,0.6957891921581008,0.4183137841796616,0.8224775164831284,0.6614307022172923,0.6069524313063762,0.18863864712671463,0.689203572806031
elastic_transform,2,ALL,hat,0.7863229270847057,0.5797893386385249,0.8588924387646433,0.7321618743343983,0.7125204886571556,0.13273115001863067,0.8137160234244196
elastic_transform,2,ALL,person,0.6052554572314957,0.25683822972079834,0.7860625942016136,0.5906995301001862,0.5013843739555969,0.24454614423479853,0.5122581457705027
elastic_transform,2,ES,all_macro,0.3061077242371859,0.09884506271171489,0.5353340096592827,0.31348665175379437,0.3141471092881632,0.2153020465764483,0.3146457815120163
elastic_transform,2,ES,hat,0.1602075485224558,0.05984291865958091,0.3755868544600939,0.13615023474178403,0.22565674694100948,0.16581382828142857,0.2651944578250296
elastic_transform,2,ES,person,0.452007899951916,0.13784720676384887,0.6950811648584714,0.4908230687658047,0.40263747163531693,0.26479026487146806,0.3423606009743226
elastic_transform,2,S,all_macro,0.667042601530862,0.3228887373700521,0.8629464452605551,0.6393319542922653,0.5541587548627844,0.23127001749273235,0.5826646868549478
elastic_transform,2,S,hat,0.6699316371711802,0.37214768290068945,0.8708791208791209,0.6538461538461539,0.5744331893389237,0.20228550643823429,0.6478519866321948
elastic_transform,2,S,person,0.6641535658905439,0.27362979183941477,0.8550137696419893,0.6248177547383768,0.5338843203866451,0.26025452854723036,0.5125263683362137
elastic_transform,2,M,all_macro,0.8654400079803136,0.5515998709721615,0.9296992009061182,0.8188888897556227,0.6939112923987594,0.14231142142659792,0.7949141007135851
elastic_transform,2,L,all_macro,0.9333077377989916,0.7333045429911247,0.9574046853468076,0.87194763435921,0.8156218251468484,0.08231728215572376,0.899074203732958
elastic_transform,3,ALL,all_macro,0.6514738959351217,0.38634691314467884,0.7969733870733976,0.6147683580963841,0.6069524313063762,0.22060551816169738,0.6365357369326682
elastic_transform,3,ALL,hat,0.7409028655892791,0.5406277311690403,0.8296059637912673,0.6767838125665602,0.7125204886571556,0.17189275748811528,0.7587539443082244
elastic_transform,3,ALL,person,0.5620449262809644,0.23206609512031745,0.7643408103555279,0.552752903626208,0.5013843739555969,0.2693182788352794,0.46285067340544894
elastic_transform,3,ES,all_macro,0.25922371432301405,0.07580077640984448,0.48456054323603204,0.27051218861145226,0.3141471092881632,0.23834633287831872,0.2412907016130248
elastic_transform,3,ES,hat,0.10177240750868283,0.027974480223587627,0.3004694835680751,0.07981220657276995,0.22565674694100948,0.19768226671742187,0.12396917266072542
elastic_transform,3,ES,person,0.4166750211373452,0.12362707259610133,0.668651602903989,0.4612121706501346,0.40263747163531693,0.2790103990392156,0.30704313757482254
elastic_transform,3,S,all_macro,0.5941208569138956,0.2710462345061367,0.8234895672932284,0.5617008133612702,0.5541587548627844,0.28311252035664775,0.48911297011494587
elastic_transform,3,S,hat,0.5800774632105496,0.29893622027117894,0.8131868131868132,0.5494505494505495,0.5744331893389237,0.2754969690677448,0.520402069064297
elastic_transform,3,S,person,0.6081642506172417,0.24315624874109446,0.8337923213996437,0.5739510772719909,0.5338843203866451,0.2907280716455507,0.455447443305692
elastic_transform,3,M,all_macro,0.8265102548050487,0.5138798369203175,0.9166835029704701,0.7732114774968173,0.6939112923987594,0.1800314554784419,0.74055551847831
elastic_transform,3,L,all_macro,0.9157347736839287,0.71063498086238,0.940528249885163,0.8371198897565457,0.8156218251468484,0.10498684428446847,0.8712799963812075
elastic_transform,4,ALL,all_macro,0.6096808198629933,0.35507739875824873,0.7685179257709933,0.5680619434592509,0.6069524313063762,0.2518750325481275,0.5850168488393672
elastic_transform,4,ALL,hat,0.6967284853499183,0.5011697532928858,0.7933972310969116,0.6219382321618744,0.7125204886571556,0.21135073536426974,0.7033759186874896
elastic_transform,4,ALL,person,0.5226331543760682,0.20898504422361164,0.7436386204450749,0.5141856547566274,0.5013843739555969,0.29239932973198524,0.41681602993498873
elastic_transform,4,ES,all_macro,0.23883810143344084,0.06995587331604783,0.44429617102238195,0.24635785455315573,0.3141471092881632,0.24419123597211537,0.22268507730204254
elastic_transform,4,ES,hat,0.09008466378396579,0.02790157976598806,0.23943661971830985,0.06103286384976526,0.22565674694100948,0.19775516717502142,0.12364611359607168
elastic_transform,4,ES,person,0.3875915390829159,0.11201016686610758,0.649155722326454,0.4316828452565462,0.40263747163531693,0.29062730476920934,0.27819111423280335
elastic_transform,4,S,all_macro,0.5374464976219246,0.23085329098284063,0.7757099331900887,0.49870692647705445,0.5541587548627844,0.3233054638799438,0.41658331472179366
elastic_transform,4,S,hat,0.5127741636209825,0.2440696509775492,0.739010989010989,0.4642857142857143,0.5744331893389237,0.33036353836137455,0.42488779462487614
elastic_transform,4,S,person,0.5621188316228669,0.21763693098813203,0.8124088773691884,0.5331281386683946,0.5338843203866451,0.3162473893985131,0.4076481040509241
elastic_transform,4,M,all_macro,0.7721696411204502,0.4684024190416632,0.889492742317965,0.7074679863208607,0.6939112923987594,0.22550887335709618,0.6750177208133594
elastic_transform,4,L,all_macro,0.8879308958160109,0.6768342620175607,0.9185622416169039,0.7775608635737253,0.8156218251468484,0.13878756312928775,0.8298383406987672
elastic_transform,5,ALL,all_macro,0.5498421996954448,0.31523994672028993,0.7299035849464748,0.5090249902251737,0.6069524313063762,0.2917124845860863,0.5193816359575035
elastic_transform,5,ALL,hat,0.6260248714327089,0.44517080063561815,0.7422790202342918,0.553248136315229,0.7125204886571556,0.2673496880215374,0.6247831574283635
elastic_transform,5,ALL,person,0.47365952795818067,0.1853090928049617,0.7175281496586576,0.4648018441351184,0.5013843739555969,0.3160752811506352,0.369594870584006
elastic_transform,5,ES,all_macro,0.19802007346400613,0.05713803745676371,0.39952270383319033,0.21310375782169427,0.3141471092881632,0.2570090718313995,0.1818830597748767
elastic_transform,5,ES,hat,0.044757813397271154,0.013792795712129352,0.17370892018779344,0.03286384976525822,0.22565674694100948,0.21186395122888013,0.06112290414137284
elastic_transform,5,ES,person,0.3512823335307411,0.10048327920139807,0.6253364874785872,0.39334366587813036,0.40263747163531693,0.30215419243391883,0.24956266189851636
elastic_transform,5,S,all_macro,0.46628955488993834,0.1992318915041975,0.7272723024585976,0.42834223123385606,0.5541587548627844,0.3549268633585869,0.35952132805973525
elastic_transform,5,S,hat,0.4309544721693893,0.20892612005029543,0.6730769230769231,0.3791208791208791,0.5744331893389237,0.3655070692886283,0.3637083022496217
elastic_transform,5,S,person,0.5016246376104874,0.1895376629580996,0.7814676818402722,0.47756358334683296,0.5338843203866451,0.34434665742854553,0.3550163503974686
elastic_transform,5,M,all_macro,0.6971036488483002,0.40740537421989587,0.8514049277976087,0.6250011700906118,0.6939112923987594,0.2865059181788635,0.5871144895359023
elastic_transform,5,L,all_macro,0.8416051910566235,0.6334329313947371,0.881502067064768,0.7191593936610013,0.8156218251468484,0.18218889375211134,0.7766257741824047
fog,1,ALL,all_macro,0.7007402174815656,0.4421021802848532,0.8362625473504296,0.5990667200705959,0.6069524313063762,0.164850251021523,0.7283967531578924
fog,1,ALL,hat,0.8118552433338161,0.6172568437092706,0.9009584664536742,0.7497337593184239,0.7125204886571556,0.09526364494788497,0.8663004833342791
fog,1,ALL,person,0.589625191629315,0.26694751686043583,0.771566628247185,0.448399680822768,0.5013843739555969,0.23443685709516104,0.5324208944814004
fog,1,ES,all_macro,0.28961489606440366,0.09971799994637096,0.5949481591947202,0.22542391964971983,0.3141471092881632,0.21442910934179224,0.31742453455110703
fog,1,ES,hat,0.1523055245847709,0.058124506558691946,0.5164319248826291,0.16901408450704225,0.22565674694100948,0.16753224038231754,0.2575792984106373
fog,1,ES,person,0.4269242675440364,0.14131149333404996,0.6734643935068113,0.2818337547923974,0.40263747163531693,0.26132597830126697,0.35096458548706766
fog,1,S,all_macro,0.6570116511791608,0.34428081299329233,0.8860484242794303,0.6058564592705205,0.5541587548627844,0.2098779418694921,0.6212674797108274
fog,1,S,hat,0.6618056372762056,0.39914625849679447,0.9230769230769231,0.6730769230769231,0.5744331893389237,0.17528693084212926,0.6948523621278654
fog,1,S,person,0.652217665082116,0.2894153674897902,0.8490199254819375,0.5386359954641179,0.5338843203866451,0.24446895289685494,0.5420937765697863
fog,1,M,all_macro,0.894014414929075,0.5954368753922823,0.9478018677766407,0.8241149044582012,0.6939112923987594,0.09847441700647708,0.8580878880554543
fog,1,L,all_macro,0.9392464901331404,0.7438392139479924,0.9518695452457511,0.8350711988975654,0.8156218251468484,0.0717826111988561,0.9119903256807381
fog,2,ALL,all_macro,0.673460797087351,0.4268504490330385,0.8201467125660975,0.5577828673283429,0.6069524313063762,0.18010198227333774,0.7032683732962489
fog,2,ALL,hat,0.7900903991639453,0.6006965742572503,0.8972310969116081,0.724174653887114,0.7125204886571556,0.11182391439990524,0.8430586682347155
fog,2,ALL,person,0.5568311950107567,0.25300432380882665,0.7430623282205869,0.3913910807695718,0.5013843739555969,0.24838005014677023,0.504611505565654
fog,2,ES,all_macro,0.26868318556240345,0.0915468442800297,0.5667559753933777,0.17303661542903997,0.3141471092881632,0.2226002650081335,0.2914139317960584
fog,2,ES,hat,0.13698732442389916,0.04984194659853362,0.49765258215962443,0.13145539906103287,0.22565674694100948,0.17581480034247587,0.22087505591651177
fog,2,ES,person,0.4003790467009077,0.13325174196152578,0.6358593686271311,0.21461783179704708,0.40263747163531693,0.26938572967379115,0.33094719530281724
fog,2,S,all_macro,0.6200698912205054,0.32378228270299403,0.8763286769928598,0.5548811912208964,0.5541587548627844,0.2303764721597904,0.5842771225064665
fog,2,S,hat,0.6244002915308279,0.37571649842156696,0.9230769230769231,0.6291208791208791,0.5744331893389237,0.19871669091735678,0.6540647465964731
fog,2,S,person,0.6157394909101828,0.27184806698442116,0.8295804309087964,0.48064150332091365,0.5338843203866451,0.262036253402224,0.5091890819860484
fog,2,M,all_macro,0.8748667585121622,0.5803418869814105,0.9377059359476798,0.8004154991762562,0.6939112923987594,0.11356940541734883,0.8363344037466887
fog,2,L,all_macro,0.9278945149903184,0.7330420400727757,0.9398162609095084,0.8086403307303629,0.8156218251468484,0.08257978507407271,0.8987523598216555
fog,3,ALL,all_macro,0.6464802205115265,0.4124873198923631,0.797468454527489,0.5263426494675045,0.6069524313063762,0.19446511141401313,0.6796040325673374
fog,3,ALL,hat,0.7704061510333384,0.5856898357369318,0.8903088391906283,0.7034078807241747,0.7125204886571556,0.12683065292022377,0.8219971847276225
fog,3,ALL,person,0.5225542899897145,0.23928480404779445,0.7046280698643497,0.3492774182108343,0.5013843739555969,0.2620995699078024,0.477248228061024
fog,3,ES,all_macro,0.23146840743267816,0.07925956268645154,0.5288974240253496,0.13335646475311613,0.3141471092881632,0.23488754660171166,0.2523007862973768
fog,3,ES,hat,0.100305196431352,0.03673183940068707,0.4788732394366197,0.09859154929577464,0.22565674694100948,0.18892490754032243,0.16277749235784825
fog,3,ES,person,0.3626316184340043,0.12178728597221603,0.5789216086140795,0.1681213802104576,0.40263747163531693,0.28085018566310094,0.3024737997622911
fog,3,S,all_macro,0.5899028413985956,0.31090874550348335,0.8568282114774906,0.5261503036085897,0.5541587548627844,0.24325000935930108,0.5610463477753187
fog,3,S,hat,0.595432433022469,0.36234340032382384,0.9065934065934066,0.6098901098901099,0.5744331893389237,0.2120897890150999,0.6307842357451879
fog,3,S,person,0.5843732497747223,0.25947409068314287,0.8070630163615746,0.4424104973270695,0.5338843203866451,0.27441022970350226,0.4860118208664168
fog,3,M,all_macro,0.8607407208611779,0.5672133650272619,0.934130724083273,0.7781792922043883,0.6939112923987594,0.12669792737149743,0.8174148068213165
fog,3,L,all_macro,0.9182461945446783,0.7217949153506713,0.9331189710610932,0.7727423059255857,0.8156218251468484,0.09382690979617714,0.8849627279416118
fog,4,ALL,all_macro,0.6492508761362822,0.41193112809867366,0.7994166451625209,0.5310849391571942,0.6069524313063762,0.19502130320770256,0.6786876645539622
fog,4,ALL,hat,0.769296679341347,0.5833636486159762,0.8855165069222577,0.7012779552715654,0.7125204886571556,0.12915684004117933,0.8187324545788242
fog,4,ALL,person,0.5292050729312173,0.2404986075813711,0.7133167834027839,0.36089192304282297,0.5013843739555969,0.2608857663742258,0.4796691322547477
fog,4,ES,all_macro,0.24075545543805205,0.08149394333336274,0.525399179753727,0.14135059151712626,0.3141471092881632,0.23265316595480046,0.2594133160035204
fog,4,ES,hat,0.10876434594287131,0.03905656957615743,0.45539906103286387,0.09859154929577464,0.22565674694100948,0.18660017736485207,0.17307955603192082
fog,4,ES,person,0.37274656493323277,0.12393131709056807,0.59539929847459,0.18410963373847786,0.40263747163531693,0.2787061545447489,0.3077987664367639
fog,4,S,all_macro,0.5845627767382053,0.30709919447079786,0.8538379650480736,0.5205848136959428,0.5541587548627844,0.24705956039198657,0.5541718718255004
fog,4,S,hat,0.5755971330242353,0.3522331848219461,0.9010989010989011,0.5906593406593407,0.5744331893389237,0.22220000451697763,0.6131839026002439
fog,4,S,person,0.5935284204521754,0.26196520411964963,0.806577028997246,0.45051028673254495,0.5338843203866451,0.2719191162669955,0.49067783809408644
fog,4,M,all_macro,0.8590140638684884,0.5628499454818823,0.932864686041287,0.7801074065175607,0.6939112923987594,0.1310613469168771,0.8111266550169325
fog,4,L,all_macro,0.9172930815961909,0.7206195113079921,0.9337436839687643,0.7857785943959577,0.8156218251468484,0.09500231383885638,0.8835216139272
fog,5,ALL,all_macro,0.6183306202614746,0.39456048064291344,0.7684262203850616,0.4962998706163292,0.6069524313063762,0.21239195066346278,0.6500682101127427
fog,5,ALL,hat,0.7548857970489828,0.5684438965958678,0.8780617678381256,0.6847710330138446,0.7125204886571556,0.14407659206128776,0.7977930538772011
fog,5,ALL,person,0.4817754434739662,0.22067706468995904,0.6587906729319976,0.30782870821881375,0.5013843739555969,0.2807073092656378,0.4401355051194763
fog,5,ES,all_macro,0.236878176574217,0.08242617296428527,0.47279415678889936,0.13037848594134346,0.3141471092881632,0.2317209363238779,0.2623808099048168
fog,5,ES,hat,0.14446690719088764,0.0537525360176721,0.431924882629108,0.14084507042253522,0.22565674694100948,0.17190421092333738,0.23820486976941102
fog,5,ES,person,0.3292894459575464,0.11109980991089843,0.5136634309486907,0.11991190146015172,0.40263747163531693,0.29153766172441853,0.27593013004891276
fog,5,S,all_macro,0.5566668481375825,0.29159938799224305,0.8294742880641147,0.4916785789943088,0.5541587548627844,0.2625593668705414,0.5262018968994655
fog,5,S,hat,0.5663972340194005,0.344815901779731,0.8873626373626373,0.5824175824175825,0.5744331893389237,0.22961728755919275,0.6002715514689467
fog,5,S,person,0.5469364622557645,0.23838287420475518,0.7715859387655921,0.40093957557103516,0.5338843203866451,0.29550144618188995,0.44650660283882393
fog,5,M,all_macro,0.8375862019934392,0.5441695705302955,0.9267831400863683,0.7499130232645217,0.6939112923987594,0.1497417218684639,0.7842062472411616
fog,5,L,all_macro,0.9058476601965225,0.7026725482762162,0.9290124023886082,0.7561322921451539,0.8156218251468484,0.11294927687063228,0.861517588926343
frost,1,ALL,all_macro,0.6114027196524043,0.374560070580653,0.7750644864720275,0.5446191434013525,0.6069524313063762,0.23239236072572322,0.6171160230373693
frost,1,ALL,hat,0.7477414082401413,0.5446224830912004,0.9004259850905219,0.7289669861554846,0.7125204886571556,0.16789800556595513,0.7643604524518552
frost,1,ALL,person,0.47506403106466727,0.20449765807010561,0.6497029878535331,0.3602713006472205,0.5013843739555969,0.29688671588549126,0.40786603789972947
frost,1,ES,all_macro,0.22800492216249155,0.07592943763321874,0.5453833477521737,0.21012903425939436,0.3141471092881632,0.23821767165494445,0.2417002588541078
frost,1,ES,hat,0.12014843933178121,0.04728454412327016,0.539906103286385,0.16901408450704225,0.22565674694100948,0.17837220281773933,0.2095419027538811
frost,1,ES,person,0.3358614049932019,0.10457433114316732,0.5508605922179624,0.25124398401174647,0.40263747163531693,0.2980631404921496,0.259723295793701
frost,1,S,all_macro,0.5434217355841506,0.2709978695084027,0.806356510005465,0.5200963785930577,0.5541587548627844,0.2831608853543817,0.4890256936850247
frost,1,S,hat,0.5882627926129287,0.331786124819446,0.9148351648351648,0.6593406593406593,0.5744331893389237,0.2426470645194777,0.5775887100139117
frost,1,S,person,0.49858067855537247,0.21020961419735937,0.6978778551757654,0.38085209784545604,0.5338843203866451,0.32367470618928573,0.3937362574070787
frost,1,M,all_macro,0.8175781223362507,0.5178588635083765,0.9080611052519907,0.7346213040737875,0.6939112923987594,0.17605242889038286,0.7462897191342817
frost,1,L,all_macro,0.8935020818863739,0.6824464714306514,0.915351401010565,0.7604225999081304,0.8156218251468484,0.13317535371619704,0.836719237261436
frost,2,ALL,all_macro,0.44521438187558166,0.2786408624709045,0.583258670750141,0.37006911824315425,0.6069524313063762,0.3283115688354717,0.45908187874158585
frost,2,ALL,hat,0.6052027631511341,0.43168437131167786,0.8317358892438764,0.5926517571884984,0.7125204886571556,0.2808361173454777,0.6058553798575637
frost,2,ALL,person,0.28522600060002923,0.1255973536301312,0.3347814522564057,0.14748647929781009,0.5013843739555969,0.3757870203254657,0.2505011327721478
frost,2,ES,all_macro,0.14691449304230186,0.05485790935292725,0.3366354966955388,0.10684475562076268,0.3141471092881632,0.2592891999352359,0.1746249057558788
frost,2,ES,hat,0.10255565549515197,0.04895357134760848,0.4460093896713615,0.14084507042253522,0.22565674694100948,0.176703175593401,0.21693821262258015
frost,2,ES,person,0.19127333058945173,0.06076224735824602,0.22726160371971613,0.07284444081899014,0.40263747163531693,0.3418752242770709,0.1509105625749621
frost,2,S,all_macro,0.3812712305756193,0.198499294522341,0.6147855870033093,0.3465971093542777,0.5541587548627844,0.35565946034044343,0.35819932966951235
frost,2,S,hat,0.4773032546283337,0.273311290123225,0.8571428571428571,0.5274725274725275,0.5744331893389237,0.3011218992156987,0.4757929994221965
frost,2,S,person,0.28523920652290485,0.12368729892145698,0.37242831686376154,0.16572169123602787,0.5338843203866451,0.41019702146518816,0.23167434254649252
frost,2,M,all_macro,0.6348647785531539,0.39318271504950647,0.7275650726392251,0.5037743222835176,0.6939112923987594,0.3007285773492529,0.5666181244728357
frost,2,L,all_macro,0.7719953204032153,0.5718599654322368,0.7606109324758843,0.5130730362884703,0.8156218251468484,0.24376185971461162,0.7011337212920663
frost,3,ALL,all_macro,0.35340507981572167,0.22382457652072235,0.4738788361531382,0.27589981985615875,0.6069524313063762,0.38312785478565387,0.36876790498881884
frost,3,ALL,hat,0.49321800193128496,0.3515197122778627,0.7507987220447284,0.47710330138445156,0.7125204886571556,0.36100077637929284,0.49334681300231903
frost,3,ALL,person,0.21359215770015838,0.09612944076358196,0.196958950261548,0.07469633832786594,0.5013843739555969,0.4052549331920149,0.19172803493093163
frost,3,ES,all_macro,0.11053293478628597,0.04223653873910345,0.26281716182840853,0.07520392223094119,0.3141471092881632,0.27191057054905976,0.1344482807268502
frost,3,ES,hat,0.0777017809121163,0.03716593077499575,0.4131455399061033,0.11737089201877934,0.22565674694100948,0.18849081616601374,0.16470117237270798
frost,3,ES,person,0.14336408866045564,0.04730714670321114,0.11248878375071376,0.03303695244310303,0.40263747163531693,0.3553303249321058,0.11749315460151435
frost,3,S,all_macro,0.3083967891124848,0.1698979249374425,0.4942055352714676,0.2535797063781836,0.5541587548627844,0.38426082992534194,0.30658709881703666
frost,3,S,hat,0.4068876659725883,0.24656602527004678,0.7692307692307693,0.42032967032967034,0.5744331893389237,0.32786716406887695,0.4292335990436119
frost,3,S,person,0.2099059122523813,0.09322982460483818,0.21918030131216587,0.0868297424266969,0.5338843203866451,0.44065449578180693,0.1746255153875283
frost,3,M,all_macro,0.532625829283284,0.32879180283474596,0.6025319200718904,0.3737961717755423,0.6939112923987594,0.3651194895640134,0.4738239691966336
frost,3,L,all_macro,0.6579732055849067,0.48224984361277157,0.6159485530546623,0.34214974735875053,0.8156218251468484,0.3333719815340769,0.5912664776055312
frost,4,ALL,all_macro,0.33951986238662746,0.21359897788390264,0.45800318214148433,0.25842308658659663,0.6069524313063762,0.3933534534224736,0.35192045845201103
frost,4,ALL,hat,0.4780044131629828,0.33643851790553125,0.7396166134185304,0.45527156549520764,0.7125204886571556,0.3760819707516243,0.47218083305870495
frost,4,ALL,person,0.20103531161027208,0.09075943786227406,0.17638975086443834,0.061574607677985636,0.5013843739555969,0.41062493609332285,0.18101768339176802
frost,4,ES,all_macro,0.07662523173566181,0.025471108264859585,0.25270214429027327,0.05959212873018079,0.3141471092881632,0.2886760010233036,0.08108019304260176
frost,4,ES,hat,0.018581815916548915,0.0072760668815312415,0.4131455399061033,0.09389671361502347,0.22565674694100948,0.21838068005947825,0.03224395893393486
frost,4,ES,person,0.1346686475547747,0.04366614964818793,0.09225874867444327,0.025287543845338118,0.40263747163531693,0.358971321987129,0.10845028772617048
frost,4,S,all_macro,0.29815585162696373,0.1582150884708543,0.478113656957007,0.2368365070859806,0.5541587548627844,0.3959436663919301,0.2855049876637427
frost,4,S,hat,0.3963224481357295,0.22938941063665136,0.7472527472527473,0.4010989010989011,0.5744331893389237,0.3450437787022724,0.3993317497908505
frost,4,S,person,0.19998925511819796,0.08704076630505722,0.20897456666126682,0.0725741130730601,0.5338843203866451,0.44684355408158793,0.16303300730394424
frost,4,M,all_macro,0.5073716958864224,0.3181805894610809,0.576820543982926,0.3428396695040064,0.6939112923987594,0.37573070293767846,0.458532081761017
frost,4,L,all_macro,0.6356475597855448,0.45359579427817354,0.5857694074414332,0.3414331649058337,0.8156218251468484,0.3620260308686749,0.5561349393715721
frost,5,ALL,all_macro,0.28496691235876725,0.17552918692941433,0.38918545411421285,0.20348122142793004,0.6069524313063762,0.4314232443769619,0.28919760079321777
frost,5,ALL,hat,0.3963617722975599,0.2731039403263378,0.6586794462193823,0.3753993610223642,0.7125204886571556,0.4394165483308178,0.38329275392633316
frost,5,ALL,person,0.17357205241997464,0.07795443353249086,0.11969146200904336,0.031563081833495876,0.5013843739555969,0.423429940423106,0.15547838660682828
frost,5,ES,all_macro,0.07984787468511324,0.029526583347226673,0.18429575741421364,0.052024056676574115,0.3141471092881632,0.2846205259409365,0.09398967068050373
frost,5,ES,hat,0.04091447229664318,0.020258514726140864,0.30985915492957744,0.0892018779342723,0.22565674694100948,0.2053982322148686,0.0897757988660396
frost,5,ES,person,0.1187812770735833,0.03879465196831248,0.058732359898849826,0.014846235418875928,0.40263747163531693,0.36384281966700444,0.09635132023541558
frost,5,S,all_macro,0.258724348729958,0.13756378208146025,0.4175163286413894,0.1988985621538675,0.5541587548627844,0.4165949727813242,0.24823894032951352
frost,5,S,hat,0.34522319903691334,0.1984581244204201,0.6895604395604396,0.3598901098901099,0.5744331893389237,0.37597506491850363,0.34548512882553345
frost,5,S,person,0.17222549842300267,0.0766694397425004,0.14547221772233923,0.03790701441762514,0.5338843203866451,0.4572148806441447,0.14360683918751446
frost,5,M,all_macro,0.43490879668446475,0.26045437644385216,0.4790001887746187,0.2487717948877961,0.6939112923987594,0.4334569159549072,0.3753424671091544
frost,5,L,all_macro,0.5673694862066327,0.39895136483506055,0.4950390445567294,0.25587965089572806,0.8156218251468484,0.4166704603117879,0.4891376769659535
gaussian_noise,1,ALL,all_macro,0.42724651926542057,0.25459961408705956,0.62464928886191,0.36667561767885337,0.6069524313063762,0.35235281721931666,0.41947210515175165
gaussian_noise,1,ALL,hat,0.5717136346225685,0.40275481474241437,0.8035143769968051,0.5425985090521832,0.7125204886571556,0.3097656739147412,0.5652536609879978
gaussian_noise,1,ALL,person,0.2827794039082726,0.10644441343170478,0.4457842007270148,0.19075272630552353,0.5013843739555969,0.3949399605238921,0.21230101886089417
gaussian_noise,1,ES,all_macro,0.18794698018729578,0.06624232483474174,0.45787515697004444,0.1805953047047546,0.3141471092881632,0.24790478445342146,0.21086402795442719
gaussian_noise,1,ES,hat,0.1265124085520414,0.0629452650392136,0.4507042253521127,0.1596244131455399,0.22565674694100948,0.16271148190179588,0.27894253503383426
gaussian_noise,1,ES,person,0.24938155182255012,0.06953938463026987,0.4650460885879762,0.20156619626396932,0.40263747163531693,0.33309808700504706,0.17270966943994265
gaussian_noise,1,S,all_macro,0.39999741959962265,0.20262420210041532,0.5968541219027206,0.3153009917346544,0.5541587548627844,0.3515345527623691,0.3656428781867521
gaussian_noise,1,S,hat,0.4965871618438587,0.2788323005484374,0.8159340659340659,0.48626373626373626,0.5744331893389237,0.29560088879048635,0.4854042310287235
gaussian_noise,1,S,person,0.3034076773553866,0.12641610365239325,0.37777417787137535,0.14433824720557265,0.5338843203866451,0.4074682167342519,0.236785571003174
gaussian_noise,1,M,all_macro,0.5752619409655186,0.3602477217148207,0.6560247575572252,0.406806573101021,0.6939112923987594,0.33366357068393865,0.519155295008231
gaussian_noise,1,L,all_macro,0.6727454025576156,0.4919359297475847,0.6582866329811667,0.4326182820395039,0.8156218251468484,0.32368589539926373,0.6031421849936571
gaussian_noise,2,ALL,all_macro,0.2080547788827886,0.12351777640798879,0.3511733001881506,0.16538637922209473,0.6069524313063762,0.48343465489838744,0.20350487128313313
gaussian_noise,2,ALL,hat,0.31205306462541416,0.21173803928576634,0.56975505857295,0.2987220447284345,0.7125204886571556,0.5007824493713893,0.2971676501328632
gaussian_noise,2,ALL,person,0.10405649314016302,0.03529751353021124,0.13259154180335136,0.03205071371575494,0.5013843739555969,0.4660868604253856,0.07040010691146355
gaussian_noise,2,ES,all_macro,0.07673162613844357,0.026258460268760893,0.23433181408925585,0.07374940017241333,0.3141471092881632,0.2878886490194023,0.08358650928942446
gaussian_noise,2,ES,hat,0.04792305731366936,0.02404826935528111,0.29107981220657275,0.10328638497652583,0.22565674694100948,0.20160847758572836,0.10657013220866708
gaussian_noise,2,ES,person,0.10554019496321779,0.02846865118224068,0.17758381597193898,0.04421241536830084,0.40263747163531693,0.37416882045307626,0.07070541911217282
gaussian_noise,2,S,all_macro,0.2359905473928604,0.12504959468391363,0.3004182962671542,0.14901632063060866,0.5541587548627844,0.4291091601788708,0.2256566256268517
gaussian_noise,2,S,hat,0.32094348937065914,0.18098145590172693,0.5357142857142857,0.28296703296703296,0.5744331893389237,0.3934517334371968,0.315060931820472
gaussian_noise,2,S,person,0.15103760541506167,0.06911773346610037,0.06512230682002268,0.015065608294184352,0.5338843203866451,0.46476658692054473,0.12946200295982566
gaussian_noise,2,M,all_macro,0.39012980316665236,0.2415259173839882,0.3383574424003395,0.18169752065599962,0.6939112923987594,0.45238537501477116,0.34806454373881873
gaussian_noise,2,L,all_macro,0.44741297751386844,0.31706278800685883,0.3694074414331649,0.17255856683509416,0.8156218251468484,0.4985590371399896,0.38873749847212996
gaussian_noise,3,ALL,all_macro,0.07618863691912606,0.038831824423849456,0.14402634184689786,0.0418652436445689,0.6069524313063762,0.5681206068825267,0.06397836538898055
gaussian_noise,3,ALL,hat,0.09377865134340327,0.05965307767895781,0.2678381256656017,0.08146964856230032,0.7125204886571556,0.6528674109781978,0.08372121030706411
gaussian_noise,3,ALL,person,0.05859862249484886,0.0180105711687411,0.02021455802819399,0.0022608387268374854,0.5013843739555969,0.48337380278685577,0.035921684249250525
gaussian_noise,3,ES,all_macro,0.028600748358052052,0.007879892764899248,0.0680800959877327,0.008714494323802346,0.3141471092881632,0.30626721652326394,0.025083448269680307
gaussian_noise,3,ES,hat,0.0009647434771269522,0.000472793301033628,0.10328638497652583,0.014084507042253521,0.22565674694100948,0.22518395363997584,0.002095187967755399
gaussian_noise,3,ES,person,0.05623675323897715,0.015286992228764867,0.032873806998939555,0.0033444816053511705,0.40263747163531693,0.3873504794065521,0.03796713745165487
gaussian_noise,3,S,all_macro,0.13440727083557766,0.07226171798878982,0.12742993682164264,0.04339239652296513,0.5541587548627844,0.4818970368739946,0.1303989467904059
gaussian_noise,3,S,hat,0.14902591421526434,0.0821064026657829,0.25,0.08516483516483517,0.5744331893389237,0.49232678667314084,0.1429346426871219
gaussian_noise,3,S,person,0.11978862745589099,0.062417033311796745,0.004859873643285275,0.0016199578810950916,0.5338843203866451,0.47146728707484836,0.1169111564591251
gaussian_noise,3,M,all_macro,0.2984146191563424,0.1857133275075485,0.13459220782057363,0.04933726067746686,0.6939112923987594,0.5081979648912109,0.26763266362990307
gaussian_noise,3,L,all_macro,0.2966021527927405,0.17140535866607765,0.1724712907671107,0.04180064308681672,0.8156218251468484,0.6442164664807708,0.21015298191072437
gaussian_noise,4,ALL,all_macro,0.02189834630414648,0.008468560855533982,0.04057837040780264,0.0035276241171615734,0.6069524313063762,0.5984838704508423,0.013952594006925131
gaussian_noise,4,ALL,hat,0.010324758266904764,0.006411110235833321,0.07880724174653887,0.006922257720979766,0.7125204886571556,0.7061093784213223,0.008997790713241038
gaussian_noise,4,ALL,person,0.0334719343413882,0.010526011475234643,0.002349499069066407,0.00013299051334338151,0.5013843739555969,0.49085836248036224,0.020993896144371738
gaussian_noise,4,ES,all_macro,0.0168733764708564,0.005357065030807421,0.009163144295251894,0.0001223590831226038,0.3141471092881632,0.3087900442573558,0.017052727440167063
gaussian_noise,4,ES,hat,8.64380170208795e-05,2.0581270538373355e-05,0.014084507042253521,0.0,0.22565674694100948,0.22563616567047112,9.120609428865714e-05
gaussian_noise,4,ES,person,0.033660314924691924,0.010693548791076469,0.0042417815482502655,0.0002447181662452076,0.40263747163531693,0.39194392284424046,0.02655875208942797
gaussian_noise,4,S,all_macro,0.03175961994517712,0.006612321301119064,0.027553525366582225,0.0013736263736263737,0.5541587548627844,0.5475464335616653,0.011932178717913326
gaussian_noise,4,S,hat,0.020436147512867823,0.008916333364489486,0.054945054945054944,0.0027472527472527475,0.5744331893389237,0.5655168559744342,0.015521967619508007
gaussian_noise,4,S,person,0.04308309237748642,0.004308309237748642,0.00016199578810950914,0.0,0.5338843203866451,0.5295760111488965,0.008069742963472902
gaussian_noise,4,M,all_macro,0.042342659456703034,0.023527255258135316,0.033873343151693665,0.005891016200294551,0.6939112923987594,0.670384037140624,0.03390527797408328
gaussian_noise,4,L,all_macro,0.022750315923469433,0.012373098401955523,0.0635048231511254,0.003215434083601286,0.8156218251468484,0.8032487267448929,0.01517014138228561
gaussian_noise,5,ALL,all_macro,0.002704703486007721,0.000841160239155931,0.0088746028342417,0.0,0.6069524313063762,0.6061112710672203,0.001385875063298547
gaussian_noise,5,ALL,hat,0.002075630258350461,0.0008072207187200846,0.01757188498402556,0.0,0.7125204886571556,0.7117132679384355,0.0011329087816708328
gaussian_noise,5,ALL,person,0.003333776713664982,0.0008750997595917776,0.000177320684457842,0.0,0.5013843739555969,0.5005092741960051,0.0017453670378432603
gaussian_noise,5,ES,all_macro,0.0017318368305643196,0.0004537818110228435,0.00016314544416347175,0.0,0.3141471092881632,0.31369332747714035,0.0014444882591824048
gaussian_noise,5,ES,hat,0.0,0.0,0.0,0.0,0.22565674694100948,0.22565674694100948,0.0
gaussian_noise,5,ES,person,0.0034636736611286393,0.000907563622045687,0.0003262908883269435,0.0,0.40263747163531693,0.40172990801327124,0.0022540465952153098
gaussian_noise,5,S,all_macro,0.0004575212022020533,4.575212022020533e-05,0.0013736263736263737,0.0,0.5541587548627844,0.5541130027425643,8.256139566275379e-05
gaussian_noise,5,S,hat,0.0009150424044041066,9.150424044041066e-05,0.0027472527472527475,0.0,0.5744331893389237,0.5743416850984833,0.00015929483556776497
gaussian_noise,5,S,person,0.0,0.0,0.0,0.0,0.5338843203866451,0.5338843203866451,0.0
gaussian_noise,5,M,all_macro,0.012239689586424332,0.007593209626591232,0.003681885125184094,0.0,0.6939112923987594,0.6863180827721681,0.01094262294009154
gaussian_noise,5,L,all_macro,0.0027422772694873513,0.0009694843649711368,0.021704180064308683,0.0,0.8156218251468484,0.8146523407818773,0.0011886444612937942
glass_blur,1,ALL,all_macro,0.7045219018784934,0.4240131608959008,0.8385562914332487,0.6661781850047697,0.6069524313063762,0.18293927041047542,0.6985937266669722
glass_blur,1,ALL,hat,0.7943459642361974,0.5820458817311538,0.8775292864749734,0.740681576144835,0.7125204886571556,0.13047460692600177,0.8168830103792533
glass_blur,1,ALL,person,0.6146978395207895,0.26598044006064786,0.799583296391524,0.5916747938647043,0.5013843739555969,0.235403933894949,0.5304920812793487
glass_blur,1,ES,all_macro,0.2997300407639646,0.0977070465284469,0.5457119364636578,0.31084492106402994,0.3141471092881632,0.21644006275971628,0.31102322332312615
glass_blur,1,ES,hat,0.10495004947115245,0.030860057789583156,0.37089201877934275,0.11267605633802817,0.22565674694100948,0.19479668915142634,0.13675663682970002
glass_blur,1,ES,person,0.4945100320567767,0.16455403526731066,0.7205318541479729,0.5090137857900318,0.40263747163531693,0.23808343636800627,0.4086903153821537
glass_blur,1,S,all_macro,0.638718892111537,0.3050386899984927,0.8613231495541556,0.6021196525813406,0.5541587548627844,0.24912006486429172,0.5504536151811289
glass_blur,1,S,hat,0.6448973375697482,0.3510257354530415,0.8736263736263736,0.6153846153846154,0.5744331893389237,0.22340745388588223,0.6110819186074768
glass_blur,1,S,person,0.6325404466533259,0.25905164454394397,0.8490199254819375,0.5888546897780658,0.5338843203866451,0.27483267584270116,0.4852205518160485
glass_blur,1,M,all_macro,0.8858518230706804,0.5605456911074495,0.9530241771922818,0.8360160910860936,0.6939112923987594,0.13336560129130992,0.8078059793056794
glass_blur,1,L,all_macro,0.9386173687490507,0.7349469827758306,0.9695498392282957,0.9023977951309141,0.8156218251468484,0.08067484237101785,0.9010879308477396
glass_blur,2,ALL,all_macro,0.6271464186748377,0.3803485278873572,0.7947195590285734,0.5832013814395475,0.6069524313063762,0.22660390341901904,0.6266529439032194
glass_blur,2,ALL,hat,0.7261726306770317,0.5345248681254693,0.8439829605963791,0.6687965921192758,0.7125204886571556,0.17799562053168627,0.7501887687929594
glass_blur,2,ALL,person,0.5281202066726436,0.22617218764924502,0.7454561574607678,0.4976061707598191,0.5013843739555969,0.27521218630635186,0.45109540583583296
glass_blur,2,ES,all_macro,0.2545120717931338,0.08480493534889576,0.48619199767766674,0.24348021401924885,0.3141471092881632,0.22934217393926742,0.2699529387396185
glass_blur,2,ES,hat,0.07847427415453785,0.02573992758593575,0.3004694835680751,0.056338028169014086,0.22565674694100948,0.19991681935507374,0.11406673159506552
glass_blur,2,ES,person,0.4305498694317297,0.14386994311185577,0.6719145117872584,0.43062239986948364,0.40263747163531693,0.2587675285234612,0.3573188121997843
glass_blur,2,S,all_macro,0.503100803447678,0.24524469228323348,0.7986841847606467,0.48108365391291036,0.5541587548627844,0.30891406257955095,0.44255313144688774
glass_blur,2,S,hat,0.5057679078403428,0.2869414157787762,0.8296703296703297,0.5027472527472527,0.5744331893389237,0.28749177356014755,0.49952095579469846
glass_blur,2,S,person,0.5004336990550133,0.2035479687876908,0.7676980398509639,0.459420055078568,0.5338843203866451,0.33033635159895436,0.3812585629791095
glass_blur,2,M,all_macro,0.8073444494079833,0.5011853083643187,0.9221419756745962,0.7466055671351189,0.6939112923987594,0.19272598403444063,0.7222613522137499
glass_blur,2,L,all_macro,0.9070938955442923,0.6918721594044506,0.9584749655489205,0.8483739090491502,0.8156218251468484,0.12374966574239787,0.8482756812936959
glass_blur,3,ALL,all_macro,0.412599373820225,0.24393125745815253,0.6302317037486895,0.36830917740292424,0.6069524313063762,0.3630211738482237,0.4018951813622795
glass_blur,3,ALL,hat,0.5318240469413795,0.3729063231423829,0.7060702875399361,0.483493077742279,0.7125204886571556,0.33961416551477264,0.523362245828435
glass_blur,3,ALL,person,0.29337470069907046,0.11495619177392213,0.554393119957443,0.25312527706356946,0.5013843739555969,0.38642818218167474,0.22927757174997795
glass_blur,3,ES,all_macro,0.1058637453946104,0.02913428615849407,0.33567385770423724,0.10282682034507942,0.3141471092881632,0.28501282312966914,0.09274090162570796
glass_blur,3,ES,hat,0.006481957432602282,0.002734452745499416,0.1784037558685446,0.009389671361502348,0.22565674694100948,0.22292229419551007,0.012117753103186623
glass_blur,3,ES,person,0.20524553335661852,0.055534119571488724,0.49294395953992987,0.1962639693286565,0.40263747163531693,0.3471033520638282,0.13792586006944715
glass_blur,3,S,all_macro,0.2692578909450481,0.11930929809448625,0.5505707236227242,0.2529132539257276,0.5541587548627844,0.43484945676829817,0.21529804780225567
glass_blur,3,S,hat,0.2934546649945367,0.14731560061257026,0.5769230769230769,0.3021978021978022,0.5744331893389237,0.42711758872635347,0.2564538458895556
glass_blur,3,S,person,0.24506111689555946,0.09130299557640223,0.5242183703223716,0.203628705653653,0.5338843203866451,0.4425813248102429,0.17101643949812864
glass_blur,3,M,all_macro,0.5729055911246441,0.32479026354158447,0.7696428961458776,0.48307327419435364,0.6939112923987594,0.3691210288571749,0.4680573253374038
glass_blur,3,L,all_macro,0.7800455711823827,0.5648635093998668,0.8934634818557649,0.7103123564538355,0.8156218251468484,0.2507583157469816,0.6925556575170927
glass_blur,4,ALL,all_macro,0.35235159906266744,0.21327925996371863,0.5655358082504349,0.29628867713009777,0.6069524313063762,0.39367317134265756,0.35139369901635664
glass_blur,4,ALL,hat,0.47608165228920796,0.33295150327907064,0.6687965921192758,0.42545260915867944,0.7125204886571556,0.3795689853780849,0.4672869181720855
glass_blur,4,ALL,person,0.22862154583612687,0.09360701664836661,0.4622750243815941,0.1671247451015161,0.5013843739555969,0.40777735730723025,0.18669711604665315
glass_blur,4,ES,all_macro,0.0770925620001519,0.022349145727283783,0.2705430177388118,0.0510463329231719,0.3141471092881632,0.2917979635608794,0.07114229310569015
glass_blur,4,ES,hat,0.002419047859951141,0.0006315090534561855,0.14553990610328638,0.004694835680751174,0.22565674694100948,0.2250252378875533,0.0027985383198902212
glass_blur,4,ES,person,0.15176607614035265,0.04406678240111138,0.3955461293743372,0.09739783016559263,0.40263747163531693,0.35857068923420554,0.10944530875910186
glass_blur,4,S,all_macro,0.21313858327663068,0.09676192092692204,0.49559318051137263,0.1884380401713951,0.5541587548627844,0.4573968339358624,0.17461047051558595
glass_blur,4,S,hat,0.24055358622070858,0.12187899871962993,0.5604395604395604,0.23626373626373626,0.5744331893389237,0.4525541906192938,0.21217262682870433
glass_blur,4,S,person,0.1857235803325528,0.07164484313421414,0.4307468005831848,0.14061234407905396,0.5338843203866451,0.462239477252431,0.13419544346671977
glass_blur,4,M,all_macro,0.48369579431223153,0.2750730226652903,0.7018035776690548,0.4158702899952572,0.6939112923987594,0.41883826973346905,0.396409491643232
glass_blur,4,L,all_macro,0.726332746282125,0.5147819162239113,0.8696187413872302,0.6478870004593478,0.8156218251468484,0.3008399089229371,0.6311526989009
glass_blur,5,ALL,all_macro,0.27982156272641423,0.17294517698550693,0.4476528897559159,0.22428878401349223,0.6069524313063762,0.4340072543208693,0.2849402491283671
glass_blur,5,ALL,hat,0.4079769822278072,0.2789404083214232,0.6048988285410011,0.36421725239616615,0.7125204886571556,0.43358008033573237,0.39148405240546186
glass_blur,5,ALL,person,0.15166614322502128,0.06694994564959067,0.29040695097083075,0.08436031563081833,0.5013843739555969,0.4344344283060062,0.13353017989252258
glass_blur,5,ES,all_macro,0.053672047103712144,0.017028075960387235,0.12088579550829189,0.006933681376947548,0.3141471092881632,0.29711903332777595,0.054204146582700515
glass_blur,5,ES,hat,0.0005236491770147294,0.00011755985081107871,0.03286384976525822,0.0,0.22565674694100948,0.2255391870901984,0.0005209675864103938
glass_blur,5,ES,person,0.10682044503040956,0.03393859206996339,0.20890774125132555,0.013867362753895097,0.40263747163531693,0.3686988795653535,0.08429069438599789
glass_blur,5,S,all_macro,0.153815812822771,0.0739547303451918,0.36942427408975276,0.13761809225927157,0.5541587548627844,0.48020402451759264,0.13345405029918506
glass_blur,5,S,hat,0.18472980002986675,0.09816606407682438,0.4725274725274725,0.1978021978021978,0.5744331893389237,0.47626712526209936,0.17089204784597675
glass_blur,5,S,person,0.12290182561567521,0.04974339661355923,0.26632107565203306,0.07743398671634537,0.5338843203866451,0.4841409237730859,0.09317261195746393
glass_blur,5,M,all_macro,0.3776891652016072,0.21049575978264373,0.6049233902673423,0.32570427753925263,0.6939112923987594,0.48341553261611564,0.3033467852281057
glass_blur,5,L,all_macro,0.6242781993887452,0.43394811760947855,0.793449701423978,0.5503720716582453,0.8156218251468484,0.3816737075373699,0.5320457401092087
impulse_noise,1,ALL,all_macro,0.35367186109698767,0.21715622034406906,0.5542493419636954,0.3322586925611518,0.6069524313063762,0.38979621096230715,0.3577812842378308
impulse_noise,1,ALL,hat,0.5343262429092628,0.3733494226676568,0.7960596379126731,0.5537806176783813,0.7125204886571556,0.33917106598949875,0.5239841220163169
impulse_noise,1,ALL,person,0.17301747928471262,0.0609630180204813,0.3124390460147176,0.11073676744392233,0.5013843739555969,0.44042135593511555,0.12158938568332855
impulse_noise,1,ES,all_macro,0.12050353945144668,0.039682268125434184,0.392345261716313,0.13984532586387619,0.3141471092881632,0.274464841162729,0.12631747023027398
impulse_noise,1,ES,hat,0.08129513830935883,0.03838026981088988,0.43661971830985913,0.15023474178403756,0.22565674694100948,0.1872764771301196,0.17008252725066153
impulse_noise,1,ES,person,0.15971194059353452,0.04098426643997848,0.34807080512276695,0.1294559099437148,0.40263747163531693,0.36165320519533845,0.10178949881023341
impulse_noise,1,S,all_macro,0.32861181319254207,0.16601410691577634,0.4992883756450904,0.28562905990817866,0.5541587548627844,0.3881446479470081,0.2995786053346449
impulse_noise,1,S,hat,0.46240292164057134,0.2514809732794555,0.7857142857142857,0.5082417582417582,0.5744331893389237,0.3229522160594682,0.43778976902234346
impulse_noise,1,S,person,0.19482070474451285,0.08054724055209714,0.21286246557589503,0.06301636157459906,0.5338843203866451,0.45333707983454796,0.15087021190988323
impulse_noise,1,M,all_macro,0.5462906509771386,0.3443052436481875,0.5964025954169891,0.37772748121614536,0.6939112923987594,0.3496060487505719,0.4961804879381194
impulse_noise,1,L,all_macro,0.6426472929186223,0.46875432229526526,0.5929260450160772,0.3811851171336702,0.8156218251468484,0.3468675028515832,0.5747201801654443
impulse_noise,2,ALL,all_macro,0.12643006505342136,0.07599490901186665,0.2826353148967032,0.10822307206480684,0.6069524313063762,0.5309575222945095,0.12520735578618367
impulse_noise,2,ALL,hat,0.20653041220300922,0.13629716317418614,0.5170394036208733,0.20873269435569755,0.7125204886571556,0.5762233254829694,0.1912887634025194
impulse_noise,2,ALL,person,0.04632971790383352,0.01569265484954716,0.048231226172533025,0.007713449773916127,0.5013843739555969,0.4856917191060497,0.03129865162279054
impulse_noise,2,ES,all_macro,0.03147677408008333,0.010617007135600758,0.17338818237209647,0.032143482205465986,0.3141471092881632,0.30353010215256243,0.033796291042302445
impulse_noise,2,ES,hat,0.015348796462043315,0.007920753178673821,0.27230046948356806,0.051643192488262914,0.22565674694100948,0.21773599376233566,0.03510089233336525
impulse_noise,2,ES,person,0.04760475169812334,0.013313261092527692,0.07447589526062484,0.012643771922669059,0.40263747163531693,0.38932421054278926,0.03306513186280383
impulse_noise,2,S,all_macro,0.20336852207454395,0.10155519720502576,0.23587543591998475,0.1107810867247122,0.5541587548627844,0.45260355765775867,0.18326011510938214
impulse_noise,2,S,hat,0.27422780432810256,0.1452859150549418,0.45879120879120877,0.21978021978021978,0.5744331893389237,0.4291472742839819,0.2529204749157017
impulse_noise,2,S,person,0.13250923982098534,0.05782447935510974,0.012959663048760733,0.0017819536692046008,0.5338843203866451,0.47605984103153537,0.10830900467957663
impulse_noise,2,M,all_macro,0.38497721089690107,0.236576036305412,0.2745391403110257,0.11874723078555204,0.6939112923987594,0.45733525609334735,0.34093123846940143
impulse_noise,2,L,all_macro,0.45112620517654406,0.30113399634267746,0.3227009646302251,0.11477262287551677,0.8156218251468484,0.514487828804171,0.36920786945403267
impulse_noise,3,ALL,all_macro,0.05299006782008221,0.027304649688859286,0.1476911109556329,0.03454453369333776,0.6069524313063762,0.579647781617517,0.04498647386598325
impulse_noise,3,ALL,hat,0.06953559208030657,0.043569428808327273,0.2832800851970181,0.06869009584664537,0.7125204886571556,0.6689510598488283,0.06114831713883758
impulse_noise,3,ALL,person,0.03644454355985785,0.0110398705693913,0.012102136714247718,0.0003989715400301445,0.5013843739555969,0.49034450338620555,0.022018776696796305
impulse_noise,3,ES,all_macro,0.01849374395126897,0.0054500801008575605,0.06702405476172149,0.0003670772493678114,0.3141471092881632,0.3086970291873056,0.017348815060584468
impulse_noise,3,ES,hat,0.0002225230701735412,0.00010048726431737273,0.11267605633802817,0.0,0.22565674694100948,0.2255562596766921,0.0004453102585212833
impulse_noise,3,ES,person,0.0367649648323644,0.010799672937397748,0.021372053185414797,0.0007341544987356228,0.40263747163531693,0.3918377986979192,0.026822324543055436
impulse_noise,3,S,all_macro,0.1336706615945538,0.06286853764167284,0.12823324011158127,0.04807692307692308,0.5541587548627844,0.4912902172211116,0.11344860491690645
impulse_noise,3,S,hat,0.1623278896188812,0.08349000899576066,0.2554945054945055,0.09615384615384616,0.5744331893389237,0.4909431803431631,0.14534328890683293
impulse_noise,3,S,person,0.1050134335702264,0.04224706628758503,0.000971974728657055,0.0,0.5338843203866451,0.4916372540990601,0.0791314984807743
impulse_noise,3,M,all_macro,0.23687179793062096,0.13642715067606487,0.14265042684905518,0.04197349042709867,0.6939112923987594,0.5574841417226946,0.19660603908671712
impulse_noise,3,L,all_macro,0.3731011406582784,0.1531412613129192,0.1798851630684428,0.0297427652733119,0.8156218251468484,0.6624805638339293,0.1877601317072982
impulse_noise,4,ALL,all_macro,0.008765901266410381,0.00345433146779592,0.025825086457996665,0.0010649627263045794,0.6069524313063762,0.6034980998385803,0.005691272148561919
impulse_noise,4,ALL,hat,0.0076523595636791815,0.004865132872418912,0.051118210862619806,0.002129925452609159,0.7125204886571556,0.7076553557847366,0.0068280603152730875
impulse_noise,4,ALL,person,0.009879442969141582,0.0020435300631729287,0.0005319620533735261,0.0,0.5013843739555969,0.49934084389242395,0.004075775331909139
impulse_noise,4,ES,all_macro,0.005001267888060078,0.0010429302439162872,0.002836854172866002,0.0,0.3141471092881632,0.3131041790442469,0.0033198785316837674
impulse_noise,4,ES,hat,5.5929951772803744e-05,2.2371980709121496e-05,0.004694835680751174,0.0,0.22565674694100948,0.22563437496030037,9.914164328075647e-05
impulse_noise,4,ES,person,0.009946605824347352,0.002063488507123453,0.0009788726649808304,0.0,0.40263747163531693,0.4005739831281935,0.005124929129776645
impulse_noise,4,S,all_macro,0.0033820306873518138,0.0017216619752758859,0.005494505494505495,0.0,0.5541587548627844,0.5524370928875085,0.003106802807260868
impulse_noise,4,S,hat,0.0067640613747036275,0.0034433239505517717,0.01098901098901099,0.0,0.5744331893389237,0.5709898653883719,0.0059942984048579435
impulse_noise,4,S,person,0.0,0.0,0.0,0.0,0.5338843203866451,0.5338843203866451,0.0
impulse_noise,4,M,all_macro,0.03071539762034462,0.016517998935510186,0.022827687776141383,0.0007363770250368188,0.6939112923987594,0.6773932934632492,0.02380419387384467
impulse_noise,4,L,all_macro,0.012133493715674806,0.006501111981660336,0.04823151125401929,0.002411575562700965,0.8156218251468484,0.8091207131651881,0.007970743034604114
impulse_noise,5,ALL,all_macro,0.0009770378848911227,0.00034678813709669923,0.0077209797657082,0.0,0.6069524313063762,0.6066056431692796,0.0005713596638047706
impulse_noise,5,ALL,hat,0.0019540757697822453,0.0006935762741933985,0.0154419595314164,0.0,0.7125204886571556,0.7118269123829621,0.0009734123933762801
impulse_noise,5,ALL,person,0.0,0.0,0.0,0.0,0.5013843739555969,0.5013843739555969,0.0
impulse_noise,5,ES,all_macro,0.0,0.0,0.0,0.0,0.3141471092881632,0.3141471092881632,0.0
impulse_noise,5,ES,hat,0.0,0.0,0.0,0.0,0.22565674694100948,0.22565674694100948,0.0
impulse_noise,5,ES,person,0.0,0.0,0.0,0.0,0.40263747163531693,0.40263747163531693,0.0
impulse_noise,5,S,all_macro,0.0005937407182028267,5.937407182028267e-05,0.0013736263736263737,0.0,0.5541587548627844,0.5540993807909641,0.00010714271190208719
impulse_noise,5,S,hat,0.0011874814364056534,0.00011874814364056534,0.0027472527472527475,0.0,0.5744331893389237,0.5743144411952832,0.00020672228876124747
impulse_noise,5,S,person,0.0,0.0,0.0,0.0,0.5338843203866451,0.5338843203866451,0.0
impulse_noise,5,M,all_macro,0.010403703703703703,0.006424468641089642,0.0029455081001472753,0.0,0.6939112923987594,0.6874868237576697,0.009258342833535833
impulse_noise,5,L,all_macro,0.002550391233354434,0.0008263107908371853,0.01929260450160772,0.0,0.8156218251468484,0.8147955143560113,0.001013105296303728
jpeg_compression,1,ALL,all_macro,0.7315812057427303,0.44569999427129386,0.8518858168096043,0.6893325556905446,0.6069524313063762,0.16125243703508235,0.7343244235993749
jpeg_compression,1,ALL,hat,0.821109315261638,0.6071330307629488,0.8945686900958466,0.7694355697550586,0.7125204886571556,0.10538745789420678,0.8520920316371194
jpeg_compression,1,ALL,person,0.6420530962238227,0.28426695777963895,0.809202943523362,0.6092295416260307,0.5013843739555969,0.21711741617595792,0.5669641347953416
jpeg_compression,1,ES,all_macro,0.37458820224237777,0.130950572405728,0.6055895697211247,0.35961545163522673,0.3141471092881632,0.1831965368824352,0.4168447473620032
jpeg_compression,1,ES,hat,0.22302619266952073,0.08132580124549872,0.4647887323943662,0.1784037558685446,0.22565674694100948,0.14433094569551075,0.3603960543965418
jpeg_compression,1,ES,person,0.5261502118152348,0.18057534356595725,0.7463904070478832,0.5408271474019088,0.40263747163531693,0.22206212806935968,0.4484812176883297
jpeg_compression,1,S,all_macro,0.6736016786020154,0.3319986422250348,0.8665679857158879,0.6369629884128507,0.5541587548627844,0.22216011263774965,0.5991038476099527
jpeg_compression,1,S,hat,0.6799165634764356,0.3782075893007526,0.8901098901098901,0.6703296703296703,0.5744331893389237,0.19622560003817113,0.6584013534037023
jpeg_compression,1,S,person,0.667286793727595,0.28578969514931696,0.8430260813218856,0.6035963064960311,0.5338843203866451,0.24809462523732817,0.5353026568421129
jpeg_compression,1,M,all_macro,0.8933214884536747,0.5811279539140719,0.9486868463093782,0.8383804541823718,0.6939112923987594,0.11278333848468747,0.8374672098290685
jpeg_compression,1,L,all_macro,0.9466945014730456,0.7454409678352147,0.9611575562700965,0.8715066605420303,0.8156218251468484,0.0701808573116337,0.9139541695086469
jpeg_compression,2,ALL,all_macro,0.7140145433468172,0.4301861910736142,0.8457453091455833,0.6690160949207633,0.6069524313063762,0.176766240232762,0.7087642604012665
jpeg_compression,2,ALL,hat,0.8002467859645965,0.5862662743607789,0.8929712460063898,0.7422790202342918,0.7125204886571556,0.12625421429637662,0.8228061981286737
jpeg_compression,2,ALL,person,0.6277823007290381,0.27410610778644956,0.798519372284777,0.5957531696072347,0.5013843739555969,0.2272782661691473,0.5466985451180508
jpeg_compression,2,ES,all_macro,0.3468419090165328,0.12354219860153763,0.6262087028520198,0.3513903936439148,0.3141471092881632,0.19060491068662555,0.3932622486371948
jpeg_compression,2,ES,hat,0.16882203792102526,0.06499975641426994,0.5117370892018779,0.1643192488262911,0.22565674694100948,0.16065699052673954,0.28804703291792993
jpeg_compression,2,ES,person,0.5248617801120403,0.18208464078880532,0.7406803165021617,0.5384615384615384,0.40263747163531693,0.22055283084651162,0.45222974416481
jpeg_compression,2,S,all_macro,0.6502721556010421,0.3174186534802534,0.8609757932008053,0.6071248328862131,0.5541587548627844,0.23674010138253104,0.572793717855905
jpeg_compression,2,S,hat,0.6550051849246037,0.3629084952443916,0.8928571428571429,0.6291208791208791,0.5744331893389237,0.21152469409453212,0.6317679792527977
jpeg_compression,2,S,person,0.6455391262774806,0.27192881171611516,0.8290944435444678,0.5851287866515471,0.5338843203866451,0.26195550867052997,0.5093403221116912
jpeg_compression,2,M,all_macro,0.8717996482137113,0.5563350168024441,0.9342631393375103,0.8088547777139862,0.6939112923987594,0.13757627559631525,0.8017379496437761
jpeg_compression,2,L,all_macro,0.9254258341747066,0.7272860458043517,0.9326734037666513,0.8178410656867249,0.8156218251468484,0.0883357793424967,0.8916951746275398
jpeg_compression,3,ALL,all_macro,0.7093939037905187,0.4241251630871193,0.8451617465841927,0.6609600423228028,0.6069524313063762,0.18282726821925693,0.6987782587413843
jpeg_compression,3,ALL,hat,0.7773943018365359,0.5679946530480093,0.8780617678381256,0.7215122470713525,0.7125204886571556,0.14452583560914622,0.7971625547476883
jpeg_compression,3,ALL,person,0.6413935057445015,0.28025567312622923,0.8122617253302598,0.6004078375742531,0.5013843739555969,0.22112870082936764,0.5589637166296072
jpeg_compression,3,ES,all_macro,0.35966129223479437,0.1312396042937216,0.6152333420267643,0.36597371979655074,0.3141471092881632,0.18290750499444158,0.41776480003620586
jpeg_compression,3,ES,hat,0.15821502575126614,0.06351306955020737,0.460093896713615,0.16901408450704225,0.22565674694100948,0.1621436773908021,0.28145876607363646
jpeg_compression,3,ES,person,0.5611075587183226,0.19896613903723584,0.7703727873399135,0.5629333550860592,0.40263747163531693,0.2036713325980811,0.49415703468714045
jpeg_compression,3,S,all_macro,0.6445257357492784,0.31961830533024266,0.8603378235242807,0.6008203484511601,0.5541587548627844,0.23454044953254177,0.5767630710975297
jpeg_compression,3,S,hat,0.6392672919725297,0.36077060352103413,0.8846153846153846,0.6181318681318682,0.5744331893389237,0.2136625858178896,0.6280462379554019
jpeg_compression,3,S,person,0.6497841795260271,0.2784660071394512,0.8360602624331768,0.583508828770452,0.5338843203866451,0.25541831324719394,0.5215849136340677
jpeg_compression,3,M,all_macro,0.8482216881936793,0.5375794496011429,0.9198394323656425,0.7745297795861312,0.6939112923987594,0.15633184279761647,0.7747091818361999
jpeg_compression,3,L,all_macro,0.8948777555111045,0.6996921135907139,0.8884749655489206,0.7521221864951768,0.8156218251468484,0.11592971155613452,0.8578634019077874
jpeg_compression,4,ALL,all_macro,0.6418631741139122,0.3719593228536562,0.8079523747611292,0.5927230206531388,0.6069524313063762,0.23499310845272003,0.6128310946099487
jpeg_compression,4,ALL,hat,0.6951208545391636,0.49780719519039823,0.8445154419595314,0.6496272630457934,0.7125204886571556,0.21471329346675733,0.6986566746011549
jpeg_compression,4,ALL,person,0.5886054936886608,0.24611145051691413,0.7713893075627272,0.5358187782604841,0.5013843739555969,0.25527292343868274,0.49086382284963276
jpeg_compression,4,ES,all_macro,0.33476095968836544,0.11927078086286312,0.6455458421464426,0.3458164491202592,0.3141471092881632,0.19487632842530006,0.3796653775777944
jpeg_compression,4,ES,hat,0.11642512585433311,0.04645015032476493,0.5211267605633803,0.15023474178403756,0.22565674694100948,0.17920659661624455,0.20584427877491202
jpeg_compression,4,ES,person,0.5530967935223978,0.1920914114009613,0.7699649237295049,0.5413981564564809,0.40263747163531693,0.21054606023435563,0.47708279763624517
jpeg_compression,4,S,all_macro,0.5753434675481927,0.2805135060794067,0.804253012498598,0.5458528188157218,0.5541587548627844,0.2736452487833777,0.5061970123504858
jpeg_compression,4,S,hat,0.5737696218995547,0.3196231432203649,0.8461538461538461,0.5934065934065934,0.5744331893389237,0.25481004611855884,0.5564148262188637
jpeg_compression,4,S,person,0.5769173131968306,0.2414038689384485,0.76235217884335,0.49829904422485016,0.5338843203866451,0.2924804514481966,0.4521651221441024
jpeg_compression,4,M,all_macro,0.7536646995297007,0.46606712013212553,0.8407028890317266,0.6545798906667333,0.6939112923987594,0.22784417226663384,0.6716523066240834
jpeg_compression,4,L,all_macro,0.8205224062121497,0.631578491262935,0.7824850711988975,0.6025493798805696,0.8156218251468484,0.18404333388391347,0.7743521222586491
jpeg_compression,5,ALL,all_macro,0.5409949859236522,0.3006435821606574,0.7285118583443781,0.495385932615685,0.6069524313063762,0.3063088491457188,0.4953330222494803
jpeg_compression,5,ALL,hat,0.56415531181394,0.39857366116284165,0.751863684771033,0.5378061767838126,0.7125204886571556,0.3139468274943139,0.5593855440059127
jpeg_compression,5,ALL,person,0.5178346600333644,0.20271350315847317,0.7051600319177233,0.4529656884475574,0.5013843739555969,0.29867087079712373,0.40430758054782473
jpeg_compression,5,ES,all_macro,0.3095495306581876,0.10809706299993888,0.6238888588895309,0.3321122318105276,0.3141471092881632,0.20605004628822432,0.34409695268207224
jpeg_compression,5,ES,hat,0.0809382509454209,0.036997316293094676,0.4788732394366197,0.15023474178403756,0.22565674694100948,0.1886594306479148,0.16395395570763238
jpeg_compression,5,ES,person,0.5381608103709543,0.17919680970678306,0.7689044783424422,0.5139897218370177,0.40263747163531693,0.22344066192853387,0.4450574582116589
jpeg_compression,5,S,all_macro,0.4948249658012363,0.2356615128430804,0.7277800969482486,0.4744660814642995,0.5541587548627844,0.31849724201970403,0.4252599291721606
jpeg_compression,5,S,hat,0.4888335610223711,0.2715294138997248,0.7884615384615384,0.5494505494505495,0.5744331893389237,0.30290377543919894,0.4726910264572449
jpeg_compression,5,S,person,0.5008163705801015,0.19979361178643598,0.6670986554349587,0.39948161347804956,0.5338843203866451,0.3340907086002092,0.3742264085256206
jpeg_compression,5,M,all_macro,0.5983462390999339,0.3683518837077765,0.6820906711015702,0.4673299000274581,0.6939112923987594,0.3255594086909829,0.530834254670266
jpeg_compression,5,L,all_macro,0.7075435545901703,0.5403594718116032,0.5952319706017455,0.4341295360587965,0.8156218251468484,0.2752623533352453,0.6625122760959888
motion_blur,1,ALL,all_macro,0.6797841250184933,0.4051454265002521,0.8023018358733718,0.6210162212546695,0.6069524313063762,0.20180700480612412,0.6675077083524255
motion_blur,1,ALL,hat,0.7897911870663725,0.5769120514166854,0.8477103301384451,0.7167199148029819,0.7125204886571556,0.13560843724047011,0.8096778416912008
motion_blur,1,ALL,person,0.5697770629706139,0.23337880158381868,0.7568933416082986,0.525312527706357,0.5013843739555969,0.2680055723717782,0.4654688372966465
motion_blur,1,ES,all_macro,0.285374380658178,0.08317717142754999,0.4839349608814756,0.26508262397617616,0.3141471092881632,0.2309699378606132,0.2647714047600948
motion_blur,1,ES,hat,0.156761602783784,0.04888140912224711,0.3145539906103286,0.11267605633802817,0.22565674694100948,0.17677533781876237,0.21661842504104495
motion_blur,1,ES,person,0.41398715853257195,0.11747293373285286,0.6533159311526225,0.4174891916143242,0.40263747163531693,0.2851645379024641,0.2917585719375177
motion_blur,1,S,all_macro,0.6213110611482069,0.2874847081667327,0.818801702913966,0.5573135757810956,0.5541587548627844,0.2666740466960517,0.5187768047405783
motion_blur,1,S,hat,0.6215804456013238,0.32383170641416975,0.804945054945055,0.5604395604395604,0.5744331893389237,0.250601482924754,0.5637412886724839
motion_blur,1,S,person,0.6210416766950901,0.2511377099192957,0.8326583508828771,0.5541875911226308,0.5338843203866451,0.28274661046734945,0.47039723837069963
motion_blur,1,M,all_macro,0.8704286029944138,0.5395661344959171,0.9357388186141135,0.79774437732458,0.6939112923987594,0.1543451579028423,0.7775722061399353
motion_blur,1,L,all_macro,0.9372381168601607,0.724535055011964,0.9650849793293523,0.885254937988057,0.8156218251468484,0.09108677013488442,0.8883222992242946
motion_blur,2,ALL,all_macro,0.5633760915896224,0.33160464451552213,0.6938897350490951,0.46119030427870655,0.6069524313063762,0.2753477867908541,0.5463437123100269
motion_blur,2,ALL,hat,0.7014887235428321,0.4960645187146562,0.7513312034078807,0.593716719914803,0.7125204886571556,0.21645596994249938,0.696210883212017
motion_blur,2,ALL,person,0.4252634596364128,0.16714477031638805,0.6364482666903094,0.32866388864261015,0.5013843739555969,0.3342396036392088,0.33336653274158595
motion_blur,2,ES,all_macro,0.16265268285186044,0.043678481312596926,0.3195186290267915,0.11408826015341034,0.3141471092881632,0.27046862797556626,0.13903830409762327
motion_blur,2,ES,hat,0.05160085945039823,0.014236345981304374,0.1267605633802817,0.018779342723004695,0.22565674694100948,0.2114204009597051,0.0630885013379458
motion_blur,2,ES,person,0.27370450625332265,0.07312061664388948,0.5122766946733013,0.20939717758381599,0.40263747163531693,0.32951685499142747,0.18160410243713587
motion_blur,2,S,all_macro,0.47102154514722416,0.20605834387930594,0.669493211308374,0.3695244088488864,0.5541587548627844,0.3481004109834785,0.37183991423239027
motion_blur,2,S,hat,0.48767532683180514,0.24171973865411706,0.6291208791208791,0.3901098901098901,0.5744331893389237,0.3327134506848067,0.4207969580105494
motion_blur,2,S,person,0.4543677634626431,0.17039694910449485,0.7098655434958691,0.3489389275878827,0.5338843203866451,0.36348737128215025,0.3191645504424843
motion_blur,2,M,all_macro,0.7512161234808943,0.43182989326319166,0.8574026172586805,0.6350522484461196,0.6939112923987594,0.2620813991355677,0.6223128200874394
motion_blur,2,L,all_macro,0.9014272575106548,0.6635847354719324,0.9427606798346349,0.8038171796049609,0.8156218251468484,0.15203708967491603,0.8135936472181301
motion_blur,3,ALL,all_macro,0.411485725185604,0.24510877043804882,0.47110692578902746,0.29302408341588,0.6069524313063762,0.3618436608683274,0.40383522298524793
motion_blur,3,ALL,hat,0.577263423820602,0.389468779576299,0.6118210862619808,0.4579339723109691,0.7125204886571556,0.32305170908085656,0.5466071302880109
motion_blur,3,ALL,person,0.24570802655060595,0.10074876129979866,0.33039276531607414,0.12811419452079084,0.5013843739555969,0.4006356126557982,0.20094116716274266
motion_blur,3,ES,all_macro,0.06880636801090853,0.02004547766871589,0.09568920716292753,0.01280691736683253,0.3141471092881632,0.2941016316194473,0.06380920618412703
motion_blur,3,ES,hat,0.001750491665860657,0.00026024656017093075,0.009389671361502348,0.0,0.22565674694100948,0.22539650038083855,0.0011532850832018935
motion_blur,3,ES,person,0.1358622443559564,0.03983070877726085,0.18198874296435272,0.02561383473366506,0.40263747163531693,0.3628067628580561,0.09892449556542253
motion_blur,3,S,all_macro,0.28070963761568957,0.11766412153663729,0.3866082888438307,0.1761564007028125,0.5541587548627844,0.43649463332614713,0.21232926576387331
motion_blur,3,S,hat,0.31623327092466336,0.14405634141219406,0.3956043956043956,0.21153846153846154,0.5744331893389237,0.4303768479267297,0.25077997595852486
motion_blur,3,S,person,0.24518600430671578,0.09127190166108051,0.37761218208326586,0.14077433986716345,0.5338843203866451,0.4426124187255646,0.17095819857563968
motion_blur,3,M,all_macro,0.5613059532142659,0.29339747375295766,0.664529366154115,0.41738497229225435,0.6939112923987594,0.4005138186458017,0.4228169752631082
motion_blur,3,L,all_macro,0.800788585493573,0.5570210666590301,0.8659669269637116,0.6800505282498852,0.8156218251468484,0.2586007584878184,0.6829403646214853
motion_blur,4,ALL,all_macro,0.2990123314861918,0.17626978440430016,0.3067069518867044,0.1836991540254864,0.6069524313063762,0.430682646902076,0.2904177911025173
motion_blur,4,ALL,hat,0.43765734326640965,0.28115525074057,0.47231096911608095,0.3077742279020234,0.7125204886571556,0.43136523791658554,0.39459251378223015
motion_blur,4,ALL,person,0.16036731970597395,0.07138431806803032,0.1411029346573278,0.05962408014894938,0.5013843739555969,0.43000005588756657,0.1423744372104269
motion_blur,4,ES,all_macro,0.06473286780749254,0.018823772754883346,0.019069825867131438,0.0011420181091443022,0.3141471092881632,0.29532333653327986,0.05992024818416055
motion_blur,4,ES,hat,0.0019668008445633558,0.00019668008445633558,0.004694835680751174,0.0,0.22565674694100948,0.22546006685655315,0.0008715896472076286
motion_blur,4,ES,person,0.12749893477042173,0.037450865425310356,0.033444816053511704,0.0022840362182886043,0.40263747163531693,0.3651866062100066,0.09301386001954368
motion_blur,4,S,all_macro,0.17441674638407717,0.06984404405780086,0.18603480595218808,0.08217036082336585,0.5541587548627844,0.48431471080498356,0.12603616462776082
motion_blur,4,S,hat,0.19537840706777748,0.07951221118117467,0.21428571428571427,0.10164835164835165,0.5744331893389237,0.49492097815774905,0.13841855355307706
motion_blur,4,S,person,0.1534550857003769,0.06017587693442704,0.1577838976186619,0.06269236999838004,0.5338843203866451,0.4737084434522181,0.11271332503424521
motion_blur,4,M,all_macro,0.3692975988704629,0.18468355717355284,0.42416389225181594,0.22703716675819374,0.6939112923987594,0.5092277352252066,0.2661486550177419
motion_blur,4,L,all_macro,0.6450603227311894,0.4197917856964062,0.721309141019752,0.4922508038585209,0.8156218251468484,0.39583003945044226,0.5146892502794722
motion_blur,5,ALL,all_macro,0.23920242002203582,0.13834069193106435,0.23445077939427894,0.13616302399182853,0.6069524313063762,0.46861173937531186,0.2279267448246418
motion_blur,5,ALL,hat,0.3445852092358445,0.214177536435336,0.3855165069222577,0.23322683706070288,0.7125204886571556,0.49834295222181957,0.3005914073277857
motion_blur,5,ALL,person,0.13381963080822712,0.06250384742679273,0.0833850518663002,0.03909921092295416,0.5013843739555969,0.43888052652880416,0.12466253571821154
motion_blur,5,ES,all_macro,0.03947388039822141,0.010379466753047264,0.0030589770780650952,0.0003670772493678114,0.3141471092881632,0.30376764253511596,0.03304014726274724
motion_blur,5,ES,hat,0.0,0.0,0.0,0.0,0.22565674694100948,0.22565674694100948,0.0
motion_blur,5,ES,person,0.07894776079644282,0.020758933506094528,0.0061179541561301905,0.0007341544987356228,0.40263747163531693,0.3818785381292224,0.05155738094068063
motion_blur,5,S,all_macro,0.13586324942288613,0.056706639528991895,0.11412447507134045,0.04966261261822577,0.5541587548627844,0.4974521153337925,0.10232923152686284
motion_blur,5,S,hat,0.14050983006020815,0.059902395858222754,0.1346153846153846,0.057692307692307696,0.5744331893389237,0.514530793480701,0.10428087542636658
motion_blur,5,S,person,0.1312166687855641,0.05351088319976103,0.09363356552729629,0.04163291754414385,0.5338843203866451,0.4803734371868841,0.10022935897613146
motion_blur,5,M,all_macro,0.27032121516833746,0.13508259256767544,0.28929885830358704,0.158206196487856,0.6939112923987594,0.558828699831084,0.19466838780028037
motion_blur,5,L,all_macro,0.5186558087555502,0.3254959655807417,0.6110289389067525,0.3581212677997244,0.8156218251468484,0.49012585956610677,0.39907706677924887
pixelate,1,ALL,all_macro,0.7122931937013106,0.43993798539444073,0.8366565854475615,0.6731252043602004,0.6069524313063762,0.16701444591193548,0.7248310785205007
pixelate,1,ALL,hat,0.813007385740141,0.6111343772053275,0.8908413205537806,0.7598509052183173,0.7125204886571556,0.10138611145182808,0.857707794981581
pixelate,1,ALL,person,0.6115790016624804,0.26874159358355404,0.7824718503413424,0.5863995035020835,0.5013843739555969,0.23264278037204283,0.5359991406659875
pixelate,1,ES,all_macro,0.33670962982833724,0.11263178285835636,0.5934214471920026,0.3405864121291361,0.3141471092881632,0.20151532642980685,0.35853197285046684
pixelate,1,ES,hat,0.19420197770686065,0.06877382076891067,0.4788732394366197,0.17370892018779344,0.22565674694100948,0.1568829261720988,0.30477183466129343
pixelate,1,ES,person,0.47921728194981383,0.15648974494780205,0.7079696549473856,0.5074639040704788,0.40263747163531693,0.2461477266875149,0.38866165216122844
pixelate,1,S,all_macro,0.6795116140263338,0.34756773030036014,0.8695415430187826,0.6328354336413626,0.5541587548627844,0.20659102456242429,0.6271988437436518
pixelate,1,S,hat,0.7074120007379263,0.41481162318046066,0.9093406593406593,0.6675824175824175,0.5744331893389237,0.15962156615846307,0.7221233572138115
pixelate,1,S,person,0.6516112273147413,0.2803238374202596,0.8297424266969059,0.5980884497003078,0.5338843203866451,0.2535604829663855,0.5250647503887095
pixelate,1,M,all_macro,0.8802341270061422,0.5807292132813494,0.9330228432889843,0.8225421076608173,0.6939112923987594,0.11318207911740996,0.8368925821539025
pixelate,1,L,all_macro,0.9345460622842012,0.7397791818415786,0.9507992650436381,0.855254937988057,0.8156218251468484,0.0758426433052698,0.9070124891623459
pixelate,2,ALL,all_macro,0.7003495518759252,0.4290014768680921,0.8294712029036782,0.6560902148724467,0.6069524313063762,0.17795095443828413,0.7068123542148588
pixelate,2,ALL,hat,0.7956570353774076,0.5939647709824385,0.8828541001064962,0.7348242811501597,0.7125204886571556,0.11855571767471706,0.8336107949707497
pixelate,2,ALL,person,0.6050420683744427,0.26403818275374563,0.77608830570086,0.5773561485947336,0.5013843739555969,0.23734619120185124,0.5266182922109358
pixelate,2,ES,all_macro,0.34685440703228737,0.1191786683169766,0.6155452715203585,0.34040067142392655,0.3141471092881632,0.1949684409711866,0.37937216289218023
pixelate,2,ES,hat,0.20413159069433914,0.0778130940825426,0.5164319248826291,0.16901408450704225,0.22565674694100948,0.1478436528584669,0.3448294595103964
pixelate,2,ES,person,0.48957722337023557,0.1605442425514106,0.714658618158088,0.5117872583408108,0.40263747163531693,0.24209322908390635,0.398731498832829
pixelate,2,S,all_macro,0.6613877076611172,0.33618188751422867,0.8534396512284088,0.6181038303993107,0.5541587548627844,0.21797686734855576,0.6066526686878219
pixelate,2,S,hat,0.6913834640095868,0.40323005500095055,0.8956043956043956,0.6593406593406593,0.5744331893389237,0.17120313433797318,0.7019616249280456
pixelate,2,S,person,0.6313919513126477,0.2691337200275068,0.8112749068524219,0.5768670014579621,0.5338843203866451,0.26475060035913833,0.5041049338789292
pixelate,2,M,all_macro,0.852372629428065,0.5584526480303558,0.9108866790644268,0.782426136079978,0.6939112923987594,0.1354586443684036,0.8047896815454019
pixelate,2,L,all_macro,0.9224708750685826,0.7285253138029866,0.9366008268259072,0.844983922829582,0.8156218251468484,0.08709651134386187,0.8932145895823955
pixelate,3,ALL,all_macro,0.5991286543333518,0.3589014373377489,0.7492368978850967,0.5432279597140246,0.6069524313063762,0.24805099396862734,0.5913172413944633
pixelate,3,ALL,hat,0.6827992619111023,0.5031535954672953,0.7987220447284346,0.6033013844515442,0.7125204886571556,0.20936689318986024,0.706160178517194
pixelate,3,ALL,person,0.5154580467556015,0.21464927920820243,0.699751751041759,0.483154534976505,0.5013843739555969,0.28673509474739445,0.42811322083047604
pixelate,3,ES,all_macro,0.2771598182178395,0.08830626163372936,0.5573894737487108,0.27832938299235555,0.3141471092881632,0.22584084765443385,0.28109843771545623
pixelate,3,ES,hat,0.11539298403424933,0.03659629981749568,0.4413145539906103,0.09389671361502347,0.22565674694100948,0.1890604471235138,0.16217684741800598
pixelate,3,ES,person,0.4389266524014297,0.14001622344996303,0.6734643935068113,0.4627620523696876,0.40263747163531693,0.26262124818535393,0.3477476223990913
pixelate,3,S,all_macro,0.5253675201654788,0.2590295795699063,0.743095374575206,0.4690249811746653,0.5541587548627844,0.29512917529287813,0.46742847116805863
pixelate,3,S,hat,0.5383993306840003,0.30842050288028255,0.782967032967033,0.4945054945054945,0.5744331893389237,0.2660126864586412,0.5369127491314052
pixelate,3,S,person,0.5123357096469574,0.20963865625953004,0.7032237161833792,0.44354446784383605,0.5338843203866451,0.3242456641271151,0.39266681611422366
pixelate,3,M,all_macro,0.7267519419666028,0.46412133529192623,0.792751600683957,0.6208904467561968,0.6939112923987594,0.22978995710683314,0.6688482236504903
pixelate,3,L,all_macro,0.8600010597409239,0.6684151122130049,0.8586449242076252,0.6990721175930179,0.8156218251468484,0.14720671293384358,0.8195159712562378
pixelate,4,ALL,all_macro,0.4672727247137485,0.2800501148275186,0.6212090504175203,0.4040031088715956,0.6069524313063762,0.3269023164788576,0.46140372850101574
pixelate,4,ALL,hat,0.5364240679294331,0.40077369147159914,0.6576144834930777,0.4547390841320554,0.7125204886571556,0.3117467971855564,0.5624732170536081
pixelate,4,ALL,person,0.39812138149806386,0.15932653818343817,0.584803617341963,0.35326713361113576,0.5013843739555969,0.3420578357721587,0.31777324236584265
pixelate,4,ES,all_macro,0.2064926261096182,0.06394710701014565,0.43304353953615377,0.20582999861747642,0.3141471092881632,0.25020000227801753,0.2035578400038301
pixelate,4,ES,hat,0.054266431498706094,0.016647834845338834,0.24882629107981222,0.046948356807511735,0.22565674694100948,0.20900891209567066,0.07377503695775098
pixelate,4,ES,person,0.3587188207205303,0.11124637917495248,0.6172607879924953,0.3647116404274411,0.40263747163531693,0.29139109246036443,0.27629415295879933
pixelate,4,S,all_macro,0.39111353531010956,0.19094506737463318,0.5970510535956834,0.32648359659132375,0.5541587548627844,0.36321368748815125,0.3445674469618606
pixelate,4,S,hat,0.4079392161973427,0.23240274116294798,0.6538461538461539,0.3489010989010989,0.5744331893389237,0.3420304481759757,0.40457749565341894
pixelate,4,S,person,0.37428785442287643,0.14948739358631838,0.540255953345213,0.3040660942815487,0.5338843203866451,0.3843969268003268,0.27999959518956824
pixelate,4,M,all_macro,0.5530999116998989,0.3567755681639322,0.6004727556101945,0.41696198453608246,0.6939112923987594,0.3371357242348272,0.5141515523268202
pixelate,4,L,all_macro,0.740060436606756,0.5811524156632588,0.6796095544327055,0.5444051446945337,0.8156218251468484,0.23446940948358963,0.7125268080689544
pixelate,5,ALL,all_macro,0.3673292663273963,0.22130209727209865,0.5095301134049811,0.28886823609635404,0.6069524313063762,0.38565033403427756,0.3646119297945282
pixelate,5,ALL,hat,0.4303668735909033,0.3228523130970956,0.5436634717784877,0.34451544195953143,0.7125204886571556,0.38966817556005995,0.45311302374694645
pixelate,5,ALL,person,0.30429165906388933,0.1197518814471017,0.47539675503147444,0.2332210302331767,0.5013843739555969,0.3816324925084952,0.23884246830896858
pixelate,5,ES,all_macro,0.14557607128921612,0.04413885546716283,0.3577618742883929,0.1292018089995776,0.3141471092881632,0.27000825382100035,0.14050377725002336
pixelate,5,ES,hat,0.01985745257228936,0.007465207264705014,0.18309859154929578,0.023474178403755867,0.22565674694100948,0.21819153967630447,0.03308213632387666
pixelate,5,ES,person,0.27129469000614287,0.08081250366962064,0.53242515702749,0.2349294395953993,0.40263747163531693,0.32182496796569626,0.2007078559812123
pixelate,5,S,all_macro,0.2808324165883346,0.13699126444630302,0.4510401108692053,0.21428304402547071,0.5541587548627844,0.4171674904164814,0.24720581104998243
pixelate,5,S,hat,0.2836869552337849,0.16320578137860844,0.49725274725274726,0.23076923076923078,0.5744331893389237,0.4112274079603153,0.28411621126284664
pixelate,5,S,person,0.27797787794288426,0.11077674751399762,0.40482747448566336,0.19779685728171068,0.5338843203866451,0.4231075728726475,0.20749204141034117
pixelate,5,M,all_macro,0.4422062918030727,0.285285578736831,0.4650523186515564,0.3034548095404508,0.6939112923987594,0.40862571366192835,0.4111268714919404
pixelate,5,L,all_macro,0.6662257305218378,0.5261193756882537,0.5729857602204869,0.43134588883785024,0.8156218251468484,0.2895024494585947,0.6450530864515901
shot_noise,1,ALL,all_macro,0.5117803383424753,0.2913558260695235,0.7174500879569135,0.44460727953340673,0.6069524313063762,0.31559660523685273,0.4800307421825838
shot_noise,1,ALL,hat,0.5779488027910035,0.400864488618771,0.7944621938232161,0.5410010649627263,0.7125204886571556,0.31165600003838456,0.5626006479817249
shot_noise,1,ALL,person,0.44561187389394713,0.18184716352027594,0.6404379820906109,0.34821349410408725,0.5013843739555969,0.3195372104353209,0.3626901295020824
shot_noise,1,ES,all_macro,0.24172254498790782,0.08314054922001156,0.5227028757639783,0.22426868905742148,0.3141471092881632,0.23100656006815162,0.26465482814214847
shot_noise,1,ES,hat,0.1264939053339647,0.05559482055057106,0.4460093896713615,0.14084507042253522,0.22565674694100948,0.17006192639043843,0.24636897103326802
shot_noise,1,ES,person,0.35695118464185094,0.11068627788945207,0.5993963618565952,0.3076923076923077,0.40263747163531693,0.29195119374586487,0.27490307208590997
shot_noise,1,S,all_macro,0.4924198393563789,0.24304689858221287,0.7389144145988468,0.42696704720842094,0.5541587548627844,0.3111118562805716,0.4385871313039056
shot_noise,1,S,hat,0.5055539602877229,0.286755491050118,0.8241758241758241,0.510989010989011,0.5744331893389237,0.28767769828880574,0.4991972893838629
shot_noise,1,S,person,0.47928571842503487,0.19933830611430775,0.6536530050218694,0.34294508342783087,0.5338843203866451,0.3345460142723374,0.37337359143633336
shot_noise,1,M,all_macro,0.659687420563041,0.4068351010282537,0.781761134582262,0.5388893265894511,0.6939112923987594,0.28707619137050566,0.5862926651933833
shot_noise,1,L,all_macro,0.7240573843379864,0.5195690489153328,0.7807808911345889,0.5226136885622417,0.8156218251468484,0.2960527762315156,0.63702200320815
shot_noise,2,ALL,all_macro,0.24376530044542322,0.13114955034363532,0.4254610597450793,0.18401345446658812,0.6069524313063762,0.4758028809627409,0.21607879560076088
shot_noise,2,ALL,hat,0.28508588732017165,0.1867758318268508,0.5500532481363152,0.27050053248136313,0.7125204886571556,0.5257446568303048,0.2621339804261011
shot_noise,2,ALL,person,0.20244471357067476,0.07552326886041984,0.30086887135384344,0.0975263764518131,0.5013843739555969,0.42586110509517705,0.1506294826553734
shot_noise,2,ES,all_macro,0.10977512774584974,0.03629346500068464,0.33317918769653565,0.09225759976286466,0.3141471092881632,0.27785364428747855,0.11553015745687827
shot_noise,2,ES,hat,0.038710767720633116,0.021120279357278973,0.3380281690140845,0.08450704225352113,0.22565674694100948,0.2045364675837305,0.09359471694768415
shot_noise,2,ES,person,0.18083948777106637,0.051466650644090305,0.32833020637898686,0.10000815727220817,0.40263747163531693,0.35117082099122665,0.1278237975096006
shot_noise,2,S,all_macro,0.26480293071702704,0.12962304598691385,0.40622246294123826,0.1710610991147197,0.5541587548627844,0.42453570887587055,0.2339095879104353
shot_noise,2,S,hat,0.31276230917529335,0.16801507727398837,0.5851648351648352,0.27197802197802196,0.5744331893389237,0.4064181120649354,0.2924884571299676
shot_noise,2,S,person,0.21684355225876076,0.09123101469983931,0.22728009071764135,0.07014417625141746,0.5338843203866451,0.44265330568680583,0.17088161464222956
shot_noise,2,M,all_macro,0.39802487612421367,0.23707837428283002,0.44002291037417934,0.22258438693492424,0.6939112923987594,0.45683291811592935,0.3416551609403581
shot_noise,2,L,all_macro,0.40680569910716824,0.26719376308389553,0.4303766651355076,0.19960496095544328,0.8156218251468484,0.5484280620629529,0.3275951609507123
shot_noise,3,ALL,all_macro,0.09333450442059887,0.04525514273959927,0.1799327418300533,0.05476869895243887,0.6069524313063762,0.5616972885667769,0.07456126774580045
shot_noise,3,ALL,hat,0.09199564035316474,0.05664354181249605,0.2657082002129925,0.08839190628328009,0.7125204886571556,0.6558769468446595,0.07949742177835295
shot_noise,3,ALL,person,0.09467336848803301,0.03386674366670249,0.0941572834471141,0.021145491621597658,0.5013843739555969,0.46751763028889437,0.06754646819069349
shot_noise,3,ES,all_macro,0.0566141549768114,0.016965555950625776,0.13386792189086336,0.03734154115765097,0.3141471092881632,0.29718155333753743,0.05400513151010244
shot_noise,3,ES,hat,0.024601895433317342,0.008846183686772455,0.14553990610328638,0.046948356807511735,0.22565674694100948,0.21681056325423703,0.03920194634856186
shot_noise,3,ES,person,0.08862641452030547,0.025084928214479097,0.12219593767844034,0.027734725507790194,0.40263747163531693,0.3775525434208378,0.062301524278394554
shot_noise,3,S,all_macro,0.1379270367077935,0.07093461127594106,0.16359927938576893,0.0539864315176157,0.5541587548627844,0.4832241435868434,0.1280041335690983
shot_noise,3,S,hat,0.14513560948332904,0.08131401729947728,0.2802197802197802,0.0989010989010989,0.5744331893389237,0.49311917203944644,0.1415552214053928
shot_noise,3,S,person,0.13071846393225792,0.06055520525240484,0.04697877855175765,0.009071764134132512,0.5338843203866451,0.4733291151342403,0.11342383160559963
shot_noise,3,M,all_macro,0.23118449128794646,0.13009118279358933,0.16757316186565488,0.06328942113277253,0.6939112923987594,0.56382010960517,0.18747523526224996
shot_noise,3,L,all_macro,0.20904410919539645,0.12848596574092397,0.19451998162609094,0.05063849333945797,0.8156218251468484,0.6871358594059245,0.1575312991628084
shot_noise,4,ALL,all_macro,0.03024691961671963,0.010547985916050863,0.038353293240730016,0.003926076347412955,0.6069524313063762,0.5964044453903253,0.01737860394322479
shot_noise,4,ALL,hat,0.007329162128164354,0.004761265391128767,0.061235356762513314,0.005857294994675187,0.7125204886571556,0.7077592232660268,0.006682285586063689
shot_noise,4,ALL,person,0.05316467710527491,0.01633470644097296,0.015471229718946716,0.0019948577001507226,0.5013843739555969,0.4850496675146239,0.03257920926434692
shot_noise,4,ES,all_macro,0.02533234619375318,0.007279003738521565,0.028994124083216433,0.001835386246839057,0.3141471092881632,0.3068681055496416,0.023170685081315284
shot_noise,4,ES,hat,0.0001227015743371884,4.3416998641215985e-05,0.03286384976525822,0.0,0.22565674694100948,0.22561332994236827,0.00019240283851369144
shot_noise,4,ES,person,0.050541990813169166,0.014514590478401914,0.025124398401174648,0.003670772493678114,0.40263747163531693,0.388122881156915,0.03604878209534431
shot_noise,4,S,all_macro,0.07457130285584837,0.02813510068706401,0.018103474364611575,0.0013736263736263737,0.5541587548627844,0.5260236541757204,0.05077083135505196
shot_noise,4,S,hat,0.009923964837765793,0.0060572608317375504,0.03296703296703297,0.0027472527472527475,0.5744331893389237,0.5683759285071862,0.010544761243180328
shot_noise,4,S,person,0.13921864087393096,0.05021294054239047,0.0032399157621901833,0.0,0.5338843203866451,0.4836713798442547,0.09405209822612075
shot_noise,4,M,all_macro,0.09800594940280441,0.05260568269961885,0.027023047664811166,0.005154639175257732,0.6939112923987594,0.6413056096991405,0.07581038567302742
shot_noise,4,L,all_macro,0.14300841186780358,0.07058818951032059,0.05841065686724851,0.002411575562700965,0.8156218251468484,0.7450336356365279,0.08654524356016534
shot_noise,5,ALL,all_macro,0.017333867663664813,0.006655133039291971,0.01328701278946681,0.000820627475396283,0.6069524313063762,0.6002972982670842,0.010964834632868629
shot_noise,5,ALL,hat,0.0058634393780063005,0.0048720680021129515,0.020766773162939296,0.0010649627263045794,0.7125204886571556,0.7076484206550426,0.0068377935507441265
shot_noise,5,ALL,person,0.02880429594932333,0.008438198076470992,0.0058072524159943255,0.0005762922244879865,0.5013843739555969,0.49294617587912587,0.016829798682992638
shot_noise,5,ES,all_macro,0.014422037891923777,0.004177307445783588,0.0051798678521902276,0.0005302226935312832,0.3141471092881632,0.3099698018423796,0.013297297101504749
shot_noise,5,ES,hat,0.0,0.0,0.0,0.0,0.22565674694100948,0.22565674694100948,0.0
shot_noise,5,ES,person,0.028844075783847553,0.008354614891567176,0.010359735704380455,0.0010604453870625664,0.40263747163531693,0.39428285674374974,0.02074972023253277
shot_noise,5,S,all_macro,0.0015599534889973248,0.0008626865135624835,0.0027472527472527475,0.0,0.5541587548627844,0.553296068349222,0.0015567497688926595
shot_noise,5,S,hat,0.0031199069779946497,0.001725373027124967,0.005494505494505495,0.0,0.5744331893389237,0.5727078163117988,0.0030036095740056073
shot_noise,5,S,person,0.0,0.0,0.0,0.0,0.5338843203866451,0.5338843203866451,0.0
shot_noise,5,M,all_macro,0.04804860431129917,0.02036530343263422,0.007024638988043234,0.0007363770250368188,0.6939112923987594,0.6735459889661252,0.029348568982404174
shot_noise,5,L,all_macro,0.03984841225710956,0.016384694212933242,0.023936610013780432,0.0008038585209003215,0.8156218251468484,0.7992371309339152,0.020088592173196522
snow,1,ALL,all_macro,0.5603891199789414,0.3400137762315031,0.7410325115303293,0.5160619445922904,0.6069524313063762,0.26693865507487313,0.5601983923182797
snow,1,ALL,hat,0.7049496493340706,0.5055031444587359,0.8828541001064962,0.711395101171459,0.7125204886571556,0.20701734419841966,0.7094576963133049
snow,1,ALL,person,0.4158285906238122,0.1745244080042703,0.5992109229541626,0.3207287880131217,0.5013843739555969,0.3268599659513266,0.3480850562361689
snow,1,ES,all_macro,0.19870902545754038,0.06413338366186222,0.49300102214833447,0.2022390754785121,0.3141471092881632,0.250013725626301,0.20415079994587337
snow,1,ES,hat,0.11249094075590316,0.044944249678980946,0.4694835680751174,0.17370892018779344,0.22565674694100948,0.18071249726202854,0.1991708658759055
snow,1,ES,person,0.2849271101591776,0.08332251764474351,0.5165184762215516,0.23076923076923078,0.40263747163531693,0.3193149539905734,0.20694178638249466
snow,1,S,all_macro,0.4841007686098245,0.243359723660271,0.772185412190272,0.4841633540604867,0.5541587548627844,0.3107990312025134,0.4391516357447595
snow,1,S,hat,0.5239501662704424,0.29854596580521114,0.9065934065934066,0.6346153846153846,0.5744331893389237,0.2758872235337126,0.5197226959479613
snow,1,S,person,0.4442513709492065,0.18817348151533086,0.6377774177871375,0.33371132350558885,0.5338843203866451,0.34571083887131426,0.35246114997168954
snow,1,M,all_macro,0.7561201829962745,0.47597655764685154,0.861030873230823,0.6910500549162527,0.6939112923987594,0.21793473475190783,0.6859328603825766
snow,1,L,all_macro,0.8090187258946212,0.6013758724320998,0.836421681212678,0.6461322921451539,0.8156218251468484,0.21424595271474867,0.7373219473667532
snow,2,ALL,all_macro,0.33130603659943864,0.2050457230034457,0.4706914779660165,0.26510178802133627,0.6069524313063762,0.4019067083029305,0.33782832463841495
snow,2,ALL,hat,0.48446557529209117,0.33088211124303146,0.7598509052183173,0.4696485623003195,0.7125204886571556,0.3816383774141241,0.4643825918137807
snow,2,ALL,person,0.1781464979067861,0.07920933476385997,0.18153205071371575,0.060555013742353045,0.5013843739555969,0.42217503919173693,0.15798125924617434
snow,2,ES,all_macro,0.08311142938557935,0.03376239317891078,0.22681276226300348,0.05702258798460612,0.3141471092881632,0.2803847161092524,0.10747319386581068
snow,2,ES,hat,0.060161590048462214,0.03447786240487012,0.3474178403755869,0.09389671361502347,0.22565674694100948,0.19117888453613935,0.15278897206598135
snow,2,ES,person,0.10606126872269649,0.03304692395295144,0.1062076841504201,0.02014846235418876,0.40263747163531693,0.3695905476823655,0.08207612624510818
snow,2,S,all_macro,0.27079536378820046,0.14195159541517668,0.46962222938247566,0.2340082564446731,0.5541587548627844,0.4122071594476078,0.25615691202122287
snow,2,S,hat,0.3611377799221007,0.20440889550690508,0.7362637362637363,0.3956043956043956,0.5744331893389237,0.3700242938320186,0.35584450776972937
snow,2,S,person,0.1804529476543002,0.07949429532344829,0.20298072250121496,0.07241211728495059,0.5338843203866451,0.4543900250631968,0.1488979771233544
snow,2,M,all_macro,0.4788679116412113,0.28818545333155376,0.5871621948403685,0.3591076342951998,0.6939112923987594,0.4057258390672056,0.4153058993107532
snow,2,L,all_macro,0.5659122455348912,0.39965092215372033,0.622030316949931,0.3477767570050528,0.8156218251468484,0.4159709029931281,0.4899953751014023
snow,3,ALL,all_macro,0.34713543302201316,0.2081621245525089,0.5148938516649213,0.30322018800713546,0.6069524313063762,0.3987903067538673,0.3429628317073719
snow,3,ALL,hat,0.4791183751883174,0.3231153738780963,0.7705005324813632,0.503727369542066,0.7125204886571556,0.38940511477905926,0.4534822212439847
snow,3,ALL,person,0.2151524908557089,0.0932088752269215,0.25928717084847946,0.10271300647220498,0.5013843739555969,0.40817549872867537,0.18590303182279905
snow,3,ES,all_macro,0.08448433083285131,0.02939639515708381,0.2651381547024759,0.06625849667983702,0.3141471092881632,0.2847507141310794,0.09357525276515871
snow,3,ES,hat,0.040331455823120824,0.01791612680062511,0.3615023474178404,0.0892018779342723,0.22565674694100948,0.20774062014038439,0.07939548470628574
snow,3,ES,person,0.12863720584258181,0.04087666351354251,0.1687739619871115,0.04331511542540174,0.40263747163531693,0.3617608081217744,0.10152225362314503
snow,3,S,all_macro,0.28374706728308013,0.14475555438042334,0.5368880876130188,0.2947542292471824,0.5541587548627844,0.4094032004823611,0.26121675983674814
snow,3,S,hat,0.3329178892384761,0.1901416470291692,0.771978021978022,0.4642857142857143,0.5744331893389237,0.38429154230975454,0.3310074183700812
snow,3,S,person,0.23457624532768417,0.09936946173167747,0.30179815324801557,0.12522274420865057,0.5338843203866451,0.43451485865496764,0.18612545440501602
snow,3,M,all_macro,0.5180992761226342,0.3075049061745623,0.6612669585132672,0.4322016346945908,0.6939112923987594,0.3864063862241971,0.4431472863217985
snow,3,L,all_macro,0.6093417894635875,0.4276410573297731,0.6142535599448783,0.37125861276986677,0.8156218251468484,0.38798076781707536,0.524312915796213
snow,4,ALL,all_macro,0.24573020142498145,0.14398222142473258,0.41523644032597173,0.20835026991361802,0.6069524313063762,0.4629702098816436,0.23722159101468945
snow,4,ALL,hat,0.3352417158688478,0.2186773880152197,0.6730564430244942,0.3604898828541001,0.7125204886571556,0.4938431006419359,0.30690680688684163
snow,4,ALL,person,0.15621868698111507,0.06928705483424545,0.15741643762744925,0.05621065697313592,0.5013843739555969,0.4320973191213514,0.13819149226294314
snow,4,ES,all_macro,0.05278416249344882,0.019161945246523718,0.20269921456574783,0.03357100484189637,0.3141471092881632,0.2949851640416395,0.06099672631062381
snow,4,ES,hat,0.014490623161630696,0.007608846879588486,0.3286384976525822,0.051643192488262914,0.22565674694100948,0.218047900061421,0.03371867663047349
snow,4,ES,person,0.09107770182526695,0.030715043613458948,0.07675993147891345,0.015498817195529814,0.40263747163531693,0.371922428021858,0.07628461277761711
snow,4,S,all_macro,0.1914444555834422,0.09628094466885516,0.4221799381567728,0.18665697658893834,0.5541587548627844,0.45787781019392926,0.1737425310418408
snow,4,S,hat,0.22185675908530825,0.12456061599647264,0.6510989010989011,0.3021978021978022,0.5744331893389237,0.4498725733424511,0.21684091084608292
snow,4,S,person,0.16103215208157617,0.06800127334123768,0.19326097521464441,0.07111615098007452,0.5338843203866451,0.46588304704540745,0.12737080064833217
snow,4,M,all_macro,0.4001883541135479,0.22920155617667212,0.5590445274082025,0.3152803303087791,0.6939112923987594,0.4647097362220872,0.3303038280071113
snow,4,L,all_macro,0.48082541384823785,0.3199263040643946,0.4904823151125402,0.23765732659623337,0.8156218251468484,0.49569552108245385,0.39224833642330936
snow,5,ALL,all_macro,0.23574604303627228,0.13336504917807496,0.3652139258865633,0.16915288583748758,0.6069524313063762,0.47358738212830126,0.2197289973631479
snow,5,ALL,hat,0.2996057313828011,0.18984254165827757,0.5905218317358892,0.2955271565495208,0.7125204886571556,0.522677946998878,0.2664380108087311
snow,5,ALL,person,0.17188635468974348,0.07688755669787231,0.13990602003723734,0.04277861512545438,0.5013843739555969,0.4244968172577246,0.15335052445148908
snow,5,ES,all_macro,0.06313164176680526,0.02081211005154496,0.13937791033664257,0.018629984217784615,0.3141471092881632,0.2933349992366182,0.06624956727662987
snow,5,ES,hat,0.004224738588619926,0.0020515948929178797,0.19718309859154928,0.023474178403755867,0.22565674694100948,0.22360515204809162,0.009091662096211116
snow,5,ES,person,0.12203854494499058,0.03957262521017204,0.08157272208173587,0.013785790031813362,0.40263747163531693,0.3630648464251449,0.09828351308050726
snow,5,S,all_macro,0.18787456180951298,0.09392928000247885,0.3572421018152429,0.1543888842406581,0.5541587548627844,0.4602294748603056,0.16949886504226885
snow,5,S,hat,0.21602771453065853,0.1179651631554856,0.5659340659340659,0.260989010989011,0.5744331893389237,0.4564680261834381,0.2053592399339664
snow,5,S,person,0.15972140908836743,0.06989339684947211,0.1485501376964199,0.0477887574923052,0.5338843203866451,0.46399092353717303,0.13091487084478248
snow,5,M,all_macro,0.37417727395968503,0.21402771110608992,0.4920283676767929,0.2545781745338359,0.6939112923987594,0.47988358129266945,0.30843670286186653
snow,5,L,all_macro,0.43962341256807236,0.2942817363883567,0.46136426274689946,0.21434083601286175,0.8156218251468484,0.5213400887584918,0.3608065984935761
zoom_blur,1,ALL,all_macro,0.3228711276979033,0.1615888355297908,0.3733381260904915,0.2179988331581371,0.6069524313063762,0.4453635957765854,0.2662298183434153
zoom_blur,1,ALL,hat,0.4867978764705872,0.2597788364875459,0.5692225772097976,0.37433439829605963,0.7125204886571556,0.45274165216960965,0.36459139157827647
zoom_blur,1,ALL,person,0.15894437892521948,0.06339883457203568,0.1774536749711854,0.06166326802021456,0.5013843739555969,0.4379855393835612,0.1264475677051123
zoom_blur,1,ES,all_macro,0.030383559109580592,0.010542740481042302,0.029642301698818957,0.003530222310560757,0.3141471092881632,0.3036043688071209,0.03355988379116861
zoom_blur,1,ES,hat,0.007300724631377136,0.0025127813803988257,0.023474178403755867,0.004694835680751174,0.22565674694100948,0.22314396556061067,0.011135414360359053
zoom_blur,1,ES,person,0.05346639358778405,0.018572699581685777,0.035810424993882047,0.00236560894037034,0.40263747163531693,0.38406477205363115,0.046127598373426434
zoom_blur,1,S,all_macro,0.16051915098590175,0.05856394569053562,0.2554308642920339,0.09670992784956822,0.5541587548627844,0.4955948091722488,0.1056808092927029
zoom_blur,1,S,hat,0.1678032338571306,0.06562216416215359,0.2967032967032967,0.1346153846153846,0.5744331893389237,0.5088110251767701,0.114238113987936
zoom_blur,1,S,person,0.15323506811467288,0.05150572721891764,0.2141584318807711,0.05880447108375182,0.5338843203866451,0.48237859316772747,0.09647357161869187
zoom_blur,1,M,all_macro,0.4361970864839021,0.18427134202082515,0.5625335425975387,0.2790904027607898,0.6939112923987594,0.5096399503779342,0.2655546091256471
zoom_blur,1,L,all_macro,0.6984827194256122,0.3968164410436344,0.7943546164446487,0.5405695911805236,0.8156218251468484,0.41880538410321405,0.48652013569179525
zoom_blur,2,ALL,all_macro,0.249353573627055,0.11154618240081113,0.26406557617278326,0.14573071654080014,0.6069524313063762,0.49540624890556506,0.18378076542295796
zoom_blur,2,ALL,hat,0.3701576517505303,0.17182967517361963,0.4355697550585729,0.2630457933972311,0.7125204886571556,0.540690813483536,0.2411575216559129
zoom_blur,2,ALL,person,0.1285494955035797,0.05126268962800261,0.09256139728699353,0.028415639684369182,0.5013843739555969,0.45012168432759425,0.10224229611220889
zoom_blur,2,ES,all_macro,0.02952663328844231,0.00974222516787823,0.008814258145878835,0.0004894363324904152,0.3141471092881632,0.304404884120285,0.03101166580826886
zoom_blur,2,ES,hat,0.002978977992585988,0.0005957955985171976,0.009389671361502348,0.0,0.22565674694100948,0.2250609513424923,0.002640273807868677
zoom_blur,2,ES,person,0.05607428858429863,0.018888654737239264,0.008238844930255323,0.0009788726649808304,0.40263747163531693,0.38374881689807766,0.046912312111743515
zoom_blur,2,S,all_macro,0.11475172832425679,0.041625051986698774,0.15623425659064732,0.05020623309947787,0.5541587548627844,0.5125337028760857,0.07511394816275271
zoom_blur,2,S,hat,0.11705512702260971,0.04410882921334795,0.2087912087912088,0.07692307692307693,0.5744331893389237,0.5303243601255758,0.07678670040655175
zoom_blur,2,S,person,0.11244832962590384,0.03914127476004959,0.10367730439008586,0.023489389275878826,0.5338843203866451,0.49474304562659555,0.07331414927432787
zoom_blur,2,M,all_macro,0.27597343129286966,0.10428320831713489,0.3440585138913157,0.14769390741619032,0.6939112923987594,0.5896280840816245,0.15028319824086112
zoom_blur,2,L,all_macro,0.5647664597307336,0.2746441920556141,0.6566559485530548,0.39375746440055126,0.8156218251468484,0.5409776330912344,0.33672982206694363
zoom_blur,3,ALL,all_macro,0.22427822575190318,0.09322307355861123,0.24246146320156745,0.12299332800238241,0.6069524313063762,0.513729357747765,0.15359205886689048
zoom_blur,3,ALL,hat,0.32405002915023495,0.13403299152964349,0.40415335463258784,0.22577209797657083,0.7125204886571556,0.578487497127512,0.18811107001603194
zoom_blur,3,ALL,person,0.12450642235357141,0.05241315558757896,0.08076957177054704,0.02021455802819399,0.5013843739555969,0.4489712183680179,0.10453687492107747
zoom_blur,3,ES,all_macro,0.03249846678105624,0.011493117749273177,0.006752344832789324,0.0002447181662452076,0.3141471092881632,0.30265399153889,0.03658514565139826
zoom_blur,3,ES,hat,0.0015623063767304084,0.00031205532743431766,0.004694835680751174,0.0,0.22565674694100948,0.22534469161357518,0.001382876123424283
zoom_blur,3,ES,person,0.06343462718538206,0.022674180171112036,0.008809853984827474,0.0004894363324904152,0.40263747163531693,0.3799632914642049,0.05631413310594412
zoom_blur,3,S,all_macro,0.0935826441411344,0.035709422883301235,0.12250820214938146,0.03387136110285308,0.5541587548627844,0.5184493319794832,0.06443897632212499
zoom_blur,3,S,hat,0.08138497280631583,0.030761074643837528,0.16758241758241757,0.054945054945054944,0.5744331893389237,0.5436721146950863,0.05355030874737298
zoom_blur,3,S,person,0.10578031547595296,0.04065777112276494,0.07743398671634537,0.012797667260651223,0.5338843203866451,0.4932265492638802,0.07615464543577552
zoom_blur,3,M,all_macro,0.2390420207204899,0.08924424036134058,0.30504379259129827,0.11188952472479469,0.6939112923987594,0.6046670520374188,0.12861044536807445
zoom_blur,3,L,all_macro,0.497835014743588,0.2181816145371102,0.6345107946715663,0.3474092788240698,0.8156218251468484,0.5974402106097383,0.2675034039186332
zoom_blur,4,ALL,all_macro,0.1827299871922899,0.07074973139467361,0.1882752881909617,0.08477016907121257,0.6069524313063762,0.5362026999117027,0.1165655292662642
zoom_blur,4,ALL,hat,0.24779505581864442,0.0926598080715518,0.3285410010649627,0.15867944621938232,0.7125204886571556,0.6198606805856037,0.13004511385515688
zoom_blur,4,ALL,person,0.11766491856593536,0.0488396547177954,0.04800957531696072,0.010860891923042824,0.5013843739555969,0.4525447192378015,0.09740960679026008
zoom_blur,4,ES,all_macro,0.035817207282100125,0.012638672794313318,0.004345949531378115,0.00020393180520433967,0.3141471092881632,0.3015084364938499,0.040231701711187874
zoom_blur,4,ES,hat,0.0020393539863810465,0.00020393539863810465,0.004694835680751174,0.0,0.22565674694100948,0.22545281154237137,0.0009037416403570545
zoom_blur,4,ES,person,0.06959506057781921,0.025073410189988533,0.003997063382005057,0.00040786361040867934,0.40263747163531693,0.3775640614453284,0.062272917838850354
zoom_blur,4,S,all_macro,0.07804905400994391,0.030920738844001733,0.07285560300706907,0.01794481640180652,0.5541587548627844,0.5232380160187827,0.055797618593354234
zoom_blur,4,S,hat,0.053891943408487186,0.02298649823310146,0.10164835164835165,0.03021978021978022,0.5744331893389237,0.5514466911058222,0.040015964710456695
zoom_blur,4,S,person,0.10220616461140064,0.038854979454902,0.04406285436578649,0.00566985258383282,0.5338843203866451,0.4950293409317431,0.07277789957712709
zoom_blur,4,M,all_macro,0.1742368036702959,0.06355176441823189,0.20216884095504356,0.06336664711315244,0.6939112923987594,0.6303595279805275,0.09158485402153042
zoom_blur,4,L,all_macro,0.38803102152761837,0.1511872637070155,0.5153881488286634,0.25408360128617363,0.8156218251468484,0.6644345614398329,0.18536441650491026
zoom_blur,5,ALL,all_macro,0.16333111961188793,0.06315098494219787,0.17554162357575753,0.07325636312632418,0.6069524313063762,0.5438014463641784,0.10404602022315756
zoom_blur,5,ALL,hat,0.21460019657201307,0.07768465293194604,0.3061767838125666,0.13791267305644303,0.7125204886571556,0.6348358357252095,0.10902795662529456
zoom_blur,5,ALL,person,0.11206204265176277,0.04861731695244968,0.04490646333894849,0.008600053196205337,0.5013843739555969,0.4527670570031472,0.09696615905456057
zoom_blur,5,ES,all_macro,0.03426768940789067,0.012538458223321879,0.013531689087676123,8.157272208173587e-05,0.3141471092881632,0.3016086510648413,0.039912696480744976
zoom_blur,5,ES,hat,0.006612320588192291,0.0031417828279743723,0.023474178403755867,0.0,0.22565674694100948,0.22251496411303512,0.01392284020116486
zoom_blur,5,ES,person,0.06192305822758904,0.021935133618669386,0.0035891997715963783,0.00016314544416347175,0.40263747163531693,0.38070233801664755,0.05447861951243529
zoom_blur,5,S,all_macro,0.07440319013955314,0.030905355773221843,0.07001400106454375,0.014306586819951473,0.5541587548627844,0.5232533990895626,0.055769859272320504
zoom_blur,5,S,hat,0.05577255485057326,0.022591641566292803,0.10714285714285714,0.024725274725274724,0.5744331893389237,0.551841547772631,0.0393285798689522
zoom_blur,5,S,person,0.09303382542853303,0.03921906998015088,0.03288514498623036,0.00388789891462822,0.5338843203866451,0.49466525040649423,0.07345986477323024
zoom_blur,5,M,all_macro,0.15626869136479646,0.06134669896324618,0.1836851145752727,0.04774457233968199,0.6939112923987594,0.6325645934355132,0.08840712009625723
zoom_blur,5,L,all_macro,0.33522176529790865,0.12593863873701802,0.4962746899402848,0.22577400091869546,0.8156218251468484,0.6896831864098304,0.154408127460718
