corruption,severity,size_bin,class_id,class_name,gt_count,AP50,AP50_95,R50_max,R50_at_conf_025,eval_predictions_at_iou50,ignored_predictions_at_iou50
gaussian_noise,1,ALL,0,hat,1878,0.5717136346225685,0.40275481474241437,0.8035143769968051,0.5425985090521832,40987,0
gaussian_noise,1,ALL,1,person,22558,0.2827794039082726,0.10644441343170478,0.4457842007270148,0.19075272630552353,78491,0
gaussian_noise,1,ES,0,hat,213,0.1265124085520414,0.0629452650392136,0.4507042253521127,0.1596244131455399,28003,12984
gaussian_noise,1,ES,1,person,12259,0.24938155182255012,0.06953938463026987,0.4650460885879762,0.20156619626396932,58289,20202
gaussian_noise,1,S,0,hat,364,0.4965871618438587,0.2788323005484374,0.8159340659340659,0.48626373626373626,7649,33338
gaussian_noise,1,S,1,person,6173,0.3034076773553866,0.12641610365239325,0.37777417787137535,0.14433824720557265,13846,64645
gaussian_noise,1,M,0,hat,679,0.6569113131141016,0.4488793872158151,0.8144329896907216,0.5832106038291606,3598,37389
gaussian_noise,1,M,1,person,3776,0.4936125688169357,0.27161605621382634,0.4976165254237288,0.23040254237288135,5634,72857
gaussian_noise,1,L,0,hat,622,0.8340963110188965,0.6535416010699995,0.905144694533762,0.662379421221865,1667,39320
gaussian_noise,1,L,1,person,350,0.5113944940963348,0.3303302584251699,0.4114285714285714,0.20285714285714285,297,78194
gaussian_noise,1,ALL,all,all_macro,24436,0.42724651926542057,0.25459961408705956,0.62464928886191,0.36667561767885337,119478,0
gaussian_noise,1,ES,all,all_macro,12472,0.18794698018729578,0.06624232483474174,0.45787515697004444,0.1805953047047546,86292,33186
gaussian_noise,1,S,all,all_macro,6537,0.39999741959962265,0.20262420210041532,0.5968541219027206,0.3153009917346544,21495,97983
gaussian_noise,1,M,all,all_macro,4455,0.5752619409655186,0.3602477217148207,0.6560247575572252,0.406806573101021,9232,110246
gaussian_noise,1,L,all,all_macro,972,0.6727454025576156,0.4919359297475847,0.6582866329811667,0.4326182820395039,1964,117514
gaussian_noise,2,ALL,0,hat,1878,0.31205306462541416,0.21173803928576634,0.56975505857295,0.2987220447284345,72723,0
gaussian_noise,2,ALL,1,person,22558,0.10405649314016302,0.03529751353021124,0.13259154180335136,0.03205071371575494,25747,0
gaussian_noise,2,ES,0,hat,213,0.04792305731366936,0.02404826935528111,0.29107981220657275,0.10328638497652583,63486,9237
gaussian_noise,2,ES,1,person,12259,0.10554019496321779,0.02846865118224068,0.17758381597193898,0.04421241536830084,23139,2608
gaussian_noise,2,S,0,hat,364,0.32094348937065914,0.18098145590172693,0.5357142857142857,0.28296703296703296,5242,67481
gaussian_noise,2,S,1,person,6173,0.15103760541506167,0.06911773346610037,0.06512230682002268,0.015065608294184352,1735,24012
gaussian_noise,2,M,0,hat,679,0.47098354025776634,0.3044365445535441,0.572901325478645,0.34167893961708395,2271,70452
gaussian_noise,2,M,1,person,3776,0.3092760660755383,0.17861529021443234,0.1038135593220339,0.021716101694915255,782,24965
gaussian_noise,2,L,0,hat,622,0.5809908086925906,0.4233627683158936,0.6816720257234726,0.3279742765273312,1684,71039
gaussian_noise,2,L,1,person,350,0.31383514633514636,0.21076280769782407,0.05714285714285714,0.017142857142857144,36,25711
gaussian_noise,2,ALL,all,all_macro,24436,0.2080547788827886,0.12351777640798879,0.3511733001881506,0.16538637922209473,98470,0
gaussian_noise,2,ES,all,all_macro,12472,0.07673162613844357,0.026258460268760893,0.23433181408925585,0.07374940017241333,86625,11845
gaussian_noise,2,S,all,all_macro,6537,0.2359905473928604,0.12504959468391363,0.3004182962671542,0.14901632063060866,6977,91493
gaussian_noise,2,M,all,all_macro,4455,0.39012980316665236,0.2415259173839882,0.3383574424003395,0.18169752065599962,3053,95417
gaussian_noise,2,L,all,all_macro,972,0.44741297751386844,0.31706278800685883,0.3694074414331649,0.17255856683509416,1720,96750
gaussian_noise,3,ALL,0,hat,1878,0.09377865134340327,0.05965307767895781,0.2678381256656017,0.08146964856230032,53480,0
gaussian_noise,3,ALL,1,person,22558,0.05859862249484886,0.0180105711687411,0.02021455802819399,0.0022608387268374854,4396,0
gaussian_noise,3,ES,0,hat,213,0.0009647434771269522,0.000472793301033628,0.10328638497652583,0.014084507042253521,48396,5084
gaussian_noise,3,ES,1,person,12259,0.05623675323897715,0.015286992228764867,0.032873806998939555,0.0033444816053511705,4231,165
gaussian_noise,3,S,0,hat,364,0.14902591421526434,0.0821064026657829,0.25,0.08516483516483517,2401,51079
gaussian_noise,3,S,1,person,6173,0.11978862745589099,0.062417033311796745,0.004859873643285275,0.0016199578810950916,130,4266
gaussian_noise,3,M,0,hat,679,0.265168785582991,0.1607610492204472,0.26362297496318116,0.09867452135493372,1004,52476
gaussian_noise,3,M,1,person,3776,0.3316604527296938,0.2106656057946498,0.005561440677966102,0.0,32,4364
gaussian_noise,3,L,0,hat,622,0.256307753861343,0.17005871242486684,0.3392282958199357,0.08360128617363344,1661,51819
gaussian_noise,3,L,1,person,350,0.3368965517241379,0.17275200490728848,0.005714285714285714,0.0,3,4393
gaussian_noise,3,ALL,all,all_macro,24436,0.07618863691912606,0.038831824423849456,0.14402634184689786,0.0418652436445689,57876,0
gaussian_noise,3,ES,all,all_macro,12472,0.028600748358052052,0.007879892764899248,0.0680800959877327,0.008714494323802346,52627,5249
gaussian_noise,3,S,all,all_macro,6537,0.13440727083557766,0.07226171798878982,0.12742993682164264,0.04339239652296513,2531,55345
gaussian_noise,3,M,all,all_macro,4455,0.2984146191563424,0.1857133275075485,0.13459220782057363,0.04933726067746686,1036,56840
gaussian_noise,3,L,all,all_macro,972,0.2966021527927405,0.17140535866607765,0.1724712907671107,0.04180064308681672,1664,56212
gaussian_noise,4,ALL,0,hat,1878,0.010324758266904764,0.006411110235833321,0.07880724174653887,0.006922257720979766,22522,0
gaussian_noise,4,ALL,1,person,22558,0.0334719343413882,0.010526011475234643,0.002349499069066407,0.00013299051334338151,901,0
gaussian_noise,4,ES,0,hat,213,8.64380170208795e-05,2.0581270538373355e-05,0.014084507042253521,0.0,18745,3777
gaussian_noise,4,ES,1,person,12259,0.033660314924691924,0.010693548791076469,0.0042417815482502655,0.0002447181662452076,880,21
gaussian_noise,4,S,0,hat,364,0.020436147512867823,0.008916333364489486,0.054945054945054944,0.0027472527472527475,1297,21225
gaussian_noise,4,S,1,person,6173,0.04308309237748642,0.004308309237748642,0.00016199578810950914,0.0,13,888
gaussian_noise,4,M,0,hat,679,0.08468531891340607,0.04705451051627063,0.06774668630338733,0.011782032400589101,457,22065
gaussian_noise,4,M,1,person,3776,0.0,0.0,0.0,0.0,8,893
gaussian_noise,4,L,0,hat,622,0.045500631846938866,0.024746196803911047,0.1270096463022508,0.006430868167202572,2019,20503
gaussian_noise,4,L,1,person,350,0.0,0.0,0.0,0.0,0,901
gaussian_noise,4,ALL,all,all_macro,24436,0.02189834630414648,0.008468560855533982,0.04057837040780264,0.0035276241171615734,23423,0
gaussian_noise,4,ES,all,all_macro,12472,0.0168733764708564,0.005357065030807421,0.009163144295251894,0.0001223590831226038,19625,3798
gaussian_noise,4,S,all,all_macro,6537,0.03175961994517712,0.006612321301119064,0.027553525366582225,0.0013736263736263737,1310,22113
gaussian_noise,4,M,all,all_macro,4455,0.042342659456703034,0.023527255258135316,0.033873343151693665,0.005891016200294551,465,22958
gaussian_noise,4,L,all,all_macro,972,0.022750315923469433,0.012373098401955523,0.0635048231511254,0.003215434083601286,2019,21404
gaussian_noise,5,ALL,0,hat,1878,0.002075630258350461,0.0008072207187200846,0.01757188498402556,0.0,8501,0
gaussian_noise,5,ALL,1,person,22558,0.003333776713664982,0.0008750997595917776,0.000177320684457842,0.0,792,0
gaussian_noise,5,ES,0,hat,213,0.0,0.0,0.0,0.0,5103,3398
gaussian_noise,5,ES,1,person,12259,0.0034636736611286393,0.000907563622045687,0.0003262908883269435,0.0,753,39
gaussian_noise,5,S,0,hat,364,0.0009150424044041066,9.150424044041066e-05,0.0027472527472527475,0.0,564,7937
gaussian_noise,5,S,1,person,6173,0.0,0.0,0.0,0.0,25,767
gaussian_noise,5,M,0,hat,679,0.024479379172848665,0.015186419253182464,0.007363770250368188,0.0,128,8373
gaussian_noise,5,M,1,person,3776,0.0,0.0,0.0,0.0,12,780
gaussian_noise,5,L,0,hat,622,0.0054845545389747025,0.0019389687299422736,0.04340836012861737,0.0,2706,5795
gaussian_noise,5,L,1,person,350,0.0,0.0,0.0,0.0,2,790
gaussian_noise,5,ALL,all,all_macro,24436,0.002704703486007721,0.000841160239155931,0.0088746028342417,0.0,9293,0
gaussian_noise,5,ES,all,all_macro,12472,0.0017318368305643196,0.0004537818110228435,0.00016314544416347175,0.0,5856,3437
gaussian_noise,5,S,all,all_macro,6537,0.0004575212022020533,4.575212022020533e-05,0.0013736263736263737,0.0,589,8704
gaussian_noise,5,M,all,all_macro,4455,0.012239689586424332,0.007593209626591232,0.003681885125184094,0.0,140,9153
gaussian_noise,5,L,all,all_macro,972,0.0027422772694873513,0.0009694843649711368,0.021704180064308683,0.0,2708,6585
shot_noise,1,ALL,0,hat,1878,0.5779488027910035,0.400864488618771,0.7944621938232161,0.5410010649627263,30342,0
shot_noise,1,ALL,1,person,22558,0.44561187389394713,0.18184716352027594,0.6404379820906109,0.34821349410408725,96411,0
shot_noise,1,ES,0,hat,213,0.1264939053339647,0.05559482055057106,0.4460093896713615,0.14084507042253522,17078,13264
shot_noise,1,ES,1,person,12259,0.35695118464185094,0.11068627788945207,0.5993963618565952,0.3076923076923077,57667,38744
shot_noise,1,S,0,hat,364,0.5055539602877229,0.286755491050118,0.8241758241758241,0.510989010989011,7521,22821
shot_noise,1,S,1,person,6173,0.47928571842503487,0.19933830611430775,0.6536530050218694,0.34294508342783087,26949,69462
shot_noise,1,M,0,hat,679,0.647658444799624,0.44341287416057684,0.8159057437407953,0.5949926362297496,3869,26473
shot_noise,1,M,1,person,3776,0.6717163963264579,0.3702573278959306,0.7476165254237288,0.4827860169491525,10341,86070
shot_noise,1,L,0,hat,622,0.7957910379447405,0.6184710130107522,0.8729903536977492,0.6366559485530546,1794,28548
shot_noise,1,L,1,person,350,0.6523237307312323,0.42066708481991355,0.6885714285714286,0.4085714285714286,607,95804
shot_noise,1,ALL,all,all_macro,24436,0.5117803383424753,0.2913558260695235,0.7174500879569135,0.44460727953340673,126753,0
shot_noise,1,ES,all,all_macro,12472,0.24172254498790782,0.08314054922001156,0.5227028757639783,0.22426868905742148,74745,52008
shot_noise,1,S,all,all_macro,6537,0.4924198393563789,0.24304689858221287,0.7389144145988468,0.42696704720842094,34470,92283
shot_noise,1,M,all,all_macro,4455,0.659687420563041,0.4068351010282537,0.781761134582262,0.5388893265894511,14210,112543
shot_noise,1,L,all,all_macro,972,0.7240573843379864,0.5195690489153328,0.7807808911345889,0.5226136885622417,2401,124352
shot_noise,2,ALL,0,hat,1878,0.28508588732017165,0.1867758318268508,0.5500532481363152,0.27050053248136313,60321,0
shot_noise,2,ALL,1,person,22558,0.20244471357067476,0.07552326886041984,0.30086887135384344,0.0975263764518131,49765,0
shot_noise,2,ES,0,hat,213,0.038710767720633116,0.021120279357278973,0.3380281690140845,0.08450704225352113,48600,11721
shot_noise,2,ES,1,person,12259,0.18083948777106637,0.051466650644090305,0.32833020637898686,0.10000815727220817,38046,11719
shot_noise,2,S,0,hat,364,0.31276230917529335,0.16801507727398837,0.5851648351648352,0.27197802197802196,6698,53623
shot_noise,2,S,1,person,6173,0.21684355225876076,0.09123101469983931,0.22728009071764135,0.07014417625141746,7582,42183
shot_noise,2,M,0,hat,679,0.42158832196024665,0.26888913664229336,0.5434462444771723,0.3122238586156112,2768,57553
shot_noise,2,M,1,person,3776,0.37446143028818063,0.20526761192336665,0.3365995762711864,0.1329449152542373,3664,46101
shot_noise,2,L,0,hat,622,0.46524486849229346,0.3273662690071482,0.6093247588424437,0.2877813504823151,2217,58104
shot_noise,2,L,1,person,350,0.34836652972204296,0.20702125716064282,0.25142857142857145,0.11142857142857143,223,49542
shot_noise,2,ALL,all,all_macro,24436,0.24376530044542322,0.13114955034363532,0.4254610597450793,0.18401345446658812,110086,0
shot_noise,2,ES,all,all_macro,12472,0.10977512774584974,0.03629346500068464,0.33317918769653565,0.09225759976286466,86646,23440
shot_noise,2,S,all,all_macro,6537,0.26480293071702704,0.12962304598691385,0.40622246294123826,0.1710610991147197,14280,95806
shot_noise,2,M,all,all_macro,4455,0.39802487612421367,0.23707837428283002,0.44002291037417934,0.22258438693492424,6432,103654
shot_noise,2,L,all,all_macro,972,0.40680569910716824,0.26719376308389553,0.4303766651355076,0.19960496095544328,2440,107646
shot_noise,3,ALL,0,hat,1878,0.09199564035316474,0.05664354181249605,0.2657082002129925,0.08839190628328009,59186,0
shot_noise,3,ALL,1,person,22558,0.09467336848803301,0.03386674366670249,0.0941572834471141,0.021145491621597658,16801,0
shot_noise,3,ES,0,hat,213,0.024601895433317342,0.008846183686772455,0.14553990610328638,0.046948356807511735,52182,7004
shot_noise,3,ES,1,person,12259,0.08862641452030547,0.025084928214479097,0.12219593767844034,0.027734725507790194,14538,2263
shot_noise,3,S,0,hat,364,0.14513560948332904,0.08131401729947728,0.2802197802197802,0.0989010989010989,3494,55692
shot_noise,3,S,1,person,6173,0.13071846393225792,0.06055520525240484,0.04697877855175765,0.009071764134132512,1380,15421
shot_noise,3,M,0,hat,679,0.21633107785798536,0.12728495036457782,0.2533136966126657,0.10751104565537556,1350,57836
shot_noise,3,M,1,person,3776,0.24603790471790757,0.13289741522260085,0.08183262711864407,0.019067796610169493,768,16033
shot_noise,3,L,0,hat,622,0.1876016677119069,0.11857400374887803,0.31189710610932475,0.07556270096463022,2139,57047
shot_noise,3,L,1,person,350,0.23048655067888602,0.13839792773296994,0.07714285714285714,0.025714285714285714,71,16730
shot_noise,3,ALL,all,all_macro,24436,0.09333450442059887,0.04525514273959927,0.1799327418300533,0.05476869895243887,75987,0
shot_noise,3,ES,all,all_macro,12472,0.0566141549768114,0.016965555950625776,0.13386792189086336,0.03734154115765097,66720,9267
shot_noise,3,S,all,all_macro,6537,0.1379270367077935,0.07093461127594106,0.16359927938576893,0.0539864315176157,4874,71113
shot_noise,3,M,all,all_macro,4455,0.23118449128794646,0.13009118279358933,0.16757316186565488,0.06328942113277253,2118,73869
shot_noise,3,L,all,all_macro,972,0.20904410919539645,0.12848596574092397,0.19451998162609094,0.05063849333945797,2210,73777
shot_noise,4,ALL,0,hat,1878,0.007329162128164354,0.004761265391128767,0.061235356762513314,0.005857294994675187,33566,0
shot_noise,4,ALL,1,person,22558,0.05316467710527491,0.01633470644097296,0.015471229718946716,0.0019948577001507226,3622,0
shot_noise,4,ES,0,hat,213,0.0001227015743371884,4.3416998641215985e-05,0.03286384976525822,0.0,29556,4010
shot_noise,4,ES,1,person,12259,0.050541990813169166,0.014514590478401914,0.025124398401174648,0.003670772493678114,3478,144
shot_noise,4,S,0,hat,364,0.009923964837765793,0.0060572608317375504,0.03296703296703297,0.0027472527472527475,1322,32244
shot_noise,4,S,1,person,6173,0.13921864087393096,0.05021294054239047,0.0032399157621901833,0.0,74,3548
shot_noise,4,M,0,hat,679,0.06248408613656441,0.0329121250042916,0.050073637702503684,0.010309278350515464,440,33126
shot_noise,4,M,1,person,3776,0.1335278126690444,0.0722992403949461,0.003972457627118644,0.0,58,3564
shot_noise,4,L,0,hat,622,0.029236300479793205,0.014983651280926,0.09967845659163987,0.00482315112540193,2247,31319
shot_noise,4,L,1,person,350,0.25678052325581396,0.12619272773971518,0.017142857142857144,0.0,12,3610
shot_noise,4,ALL,all,all_macro,24436,0.03024691961671963,0.010547985916050863,0.038353293240730016,0.003926076347412955,37188,0
shot_noise,4,ES,all,all_macro,12472,0.02533234619375318,0.007279003738521565,0.028994124083216433,0.001835386246839057,33034,4154
shot_noise,4,S,all,all_macro,6537,0.07457130285584837,0.02813510068706401,0.018103474364611575,0.0013736263736263737,1396,35792
shot_noise,4,M,all,all_macro,4455,0.09800594940280441,0.05260568269961885,0.027023047664811166,0.005154639175257732,498,36690
shot_noise,4,L,all,all_macro,972,0.14300841186780358,0.07058818951032059,0.05841065686724851,0.002411575562700965,2259,34929
shot_noise,5,ALL,0,hat,1878,0.0058634393780063005,0.0048720680021129515,0.020766773162939296,0.0010649627263045794,23312,0
shot_noise,5,ALL,1,person,22558,0.02880429594932333,0.008438198076470992,0.0058072524159943255,0.0005762922244879865,2740,0
shot_noise,5,ES,0,hat,213,0.0,0.0,0.0,0.0,20038,3274
shot_noise,5,ES,1,person,12259,0.028844075783847553,0.008354614891567176,0.010359735704380455,0.0010604453870625664,2668,72
shot_noise,5,S,0,hat,364,0.0031199069779946497,0.001725373027124967,0.005494505494505495,0.0,685,22627
shot_noise,5,S,1,person,6173,0.0,0.0,0.0,0.0,40,2700
shot_noise,5,M,0,hat,679,0.029173010371869465,0.01602616138051083,0.013254786450662739,0.0014727540500736377,189,23123
shot_noise,5,M,1,person,3776,0.06692419825072887,0.02470444548475761,0.0007944915254237289,0.0,24,2716
shot_noise,5,L,0,hat,622,0.012644532250608796,0.0059484715204223566,0.04501607717041801,0.001607717041800643,2400,20912
shot_noise,5,L,1,person,350,0.06705229226361033,0.02682091690544413,0.002857142857142857,0.0,8,2732
shot_noise,5,ALL,all,all_macro,24436,0.017333867663664813,0.006655133039291971,0.01328701278946681,0.000820627475396283,26052,0
shot_noise,5,ES,all,all_macro,12472,0.014422037891923777,0.004177307445783588,0.0051798678521902276,0.0005302226935312832,22706,3346
shot_noise,5,S,all,all_macro,6537,0.0015599534889973248,0.0008626865135624835,0.0027472527472527475,0.0,725,25327
shot_noise,5,M,all,all_macro,4455,0.04804860431129917,0.02036530343263422,0.007024638988043234,0.0007363770250368188,213,25839
shot_noise,5,L,all,all_macro,972,0.03984841225710956,0.016384694212933242,0.023936610013780432,0.0008038585209003215,2408,23644
impulse_noise,1,ALL,0,hat,1878,0.5343262429092628,0.3733494226676568,0.7960596379126731,0.5537806176783813,102626,0
impulse_noise,1,ALL,1,person,22558,0.17301747928471262,0.0609630180204813,0.3124390460147176,0.11073676744392233,81129,0
impulse_noise,1,ES,0,hat,213,0.08129513830935883,0.03838026981088988,0.43661971830985913,0.15023474178403756,83901,18725
impulse_noise,1,ES,1,person,12259,0.15971194059353452,0.04098426643997848,0.34807080512276695,0.1294559099437148,68981,12148
impulse_noise,1,S,0,hat,364,0.46240292164057134,0.2514809732794555,0.7857142857142857,0.5082417582417582,11891,90735
impulse_noise,1,S,1,person,6173,0.19482070474451285,0.08054724055209714,0.21286246557589503,0.06301636157459906,8361,72768
impulse_noise,1,M,0,hat,679,0.6618966649514678,0.44630932364186054,0.8321060382916053,0.6288659793814433,5197,97429
impulse_noise,1,M,1,person,3776,0.43068463700280946,0.2423011636545144,0.3606991525423729,0.12658898305084745,3357,77772
impulse_noise,1,L,0,hat,622,0.8068480526755732,0.6291760499014517,0.8858520900321544,0.6366559485530546,1555,101071
impulse_noise,1,L,1,person,350,0.47844653316167146,0.3083325946890788,0.3,0.12571428571428572,180,80949
impulse_noise,1,ALL,all,all_macro,24436,0.35367186109698767,0.21715622034406906,0.5542493419636954,0.3322586925611518,183755,0
impulse_noise,1,ES,all,all_macro,12472,0.12050353945144668,0.039682268125434184,0.392345261716313,0.13984532586387619,152882,30873
impulse_noise,1,S,all,all_macro,6537,0.32861181319254207,0.16601410691577634,0.4992883756450904,0.28562905990817866,20252,163503
impulse_noise,1,M,all,all_macro,4455,0.5462906509771386,0.3443052436481875,0.5964025954169891,0.37772748121614536,8554,175201
impulse_noise,1,L,all,all_macro,972,0.6426472929186223,0.46875432229526526,0.5929260450160772,0.3811851171336702,1735,182020
impulse_noise,2,ALL,0,hat,1878,0.20653041220300922,0.13629716317418614,0.5170394036208733,0.20873269435569755,131899,0
impulse_noise,2,ALL,1,person,22558,0.04632971790383352,0.01569265484954716,0.048231226172533025,0.007713449773916127,16260,0
impulse_noise,2,ES,0,hat,213,0.015348796462043315,0.007920753178673821,0.27230046948356806,0.051643192488262914,123128,8771
impulse_noise,2,ES,1,person,12259,0.04760475169812334,0.013313261092527692,0.07447589526062484,0.012643771922669059,15796,464
impulse_noise,2,S,0,hat,364,0.27422780432810256,0.1452859150549418,0.45879120879120877,0.21978021978021978,4853,127046
impulse_noise,2,S,1,person,6173,0.13250923982098534,0.05782447935510974,0.012959663048760733,0.0017819536692046008,319,15941
impulse_noise,2,M,0,hat,679,0.4210503996713004,0.2570410408638557,0.5257731958762887,0.23564064801178203,2173,129726
impulse_noise,2,M,1,person,3776,0.3489040221225017,0.21611103174696827,0.023305084745762712,0.001853813559322034,131,16129
impulse_noise,2,L,0,hat,622,0.5039190770197548,0.3428924710076223,0.6254019292604501,0.2266881028938907,1717,130182
impulse_noise,2,L,1,person,350,0.3983333333333333,0.25937552167773253,0.02,0.002857142857142857,9,16251
impulse_noise,2,ALL,all,all_macro,24436,0.12643006505342136,0.07599490901186665,0.2826353148967032,0.10822307206480684,148159,0
impulse_noise,2,ES,all,all_macro,12472,0.03147677408008333,0.010617007135600758,0.17338818237209647,0.032143482205465986,138924,9235
impulse_noise,2,S,all,all_macro,6537,0.20336852207454395,0.10155519720502576,0.23587543591998475,0.1107810867247122,5172,142987
impulse_noise,2,M,all,all_macro,4455,0.38497721089690107,0.236576036305412,0.2745391403110257,0.11874723078555204,2304,145855
impulse_noise,2,L,all,all_macro,972,0.45112620517654406,0.30113399634267746,0.3227009646302251,0.11477262287551677,1726,146433
impulse_noise,3,ALL,0,hat,1878,0.06953559208030657,0.043569428808327273,0.2832800851970181,0.06869009584664537,83311,0
impulse_noise,3,ALL,1,person,22558,0.03644454355985785,0.0110398705693913,0.012102136714247718,0.0003989715400301445,4448,0
impulse_noise,3,ES,0,hat,213,0.0002225230701735412,0.00010048726431737273,0.11267605633802817,0.0,77448,5863
impulse_noise,3,ES,1,person,12259,0.0367649648323644,0.010799672937397748,0.021372053185414797,0.0007341544987356228,4409,39
impulse_noise,3,S,0,hat,364,0.1623278896188812,0.08349000899576066,0.2554945054945055,0.09615384615384616,2964,80347
impulse_noise,3,S,1,person,6173,0.1050134335702264,0.04224706628758503,0.000971974728657055,0.0,29,4419
impulse_noise,3,M,0,hat,679,0.24851029787608814,0.14322453282602518,0.28424153166421207,0.08394698085419734,1203,82108
impulse_noise,3,M,1,person,3776,0.22523329798515376,0.12962976852610458,0.001059322033898305,0.0,9,4439
impulse_noise,3,L,0,hat,622,0.2447839432076741,0.1558570211931736,0.35691318327974275,0.0594855305466238,1672,81639
impulse_noise,3,L,1,person,350,0.5014183381088826,0.15042550143266478,0.002857142857142857,0.0,1,4447
impulse_noise,3,ALL,all,all_macro,24436,0.05299006782008221,0.027304649688859286,0.1476911109556329,0.03454453369333776,87759,0
impulse_noise,3,ES,all,all_macro,12472,0.01849374395126897,0.0054500801008575605,0.06702405476172149,0.0003670772493678114,81857,5902
impulse_noise,3,S,all,all_macro,6537,0.1336706615945538,0.06286853764167284,0.12823324011158127,0.04807692307692308,2993,84766
impulse_noise,3,M,all,all_macro,4455,0.23687179793062096,0.13642715067606487,0.14265042684905518,0.04197349042709867,1212,86547
impulse_noise,3,L,all,all_macro,972,0.3731011406582784,0.1531412613129192,0.1798851630684428,0.0297427652733119,1673,86086
impulse_noise,4,ALL,0,hat,1878,0.0076523595636791815,0.004865132872418912,0.051118210862619806,0.002129925452609159,21592,0
impulse_noise,4,ALL,1,person,22558,0.009879442969141582,0.0020435300631729287,0.0005319620533735261,0.0,1218,0
impulse_noise,4,ES,0,hat,213,5.5929951772803744e-05,2.2371980709121496e-05,0.004694835680751174,0.0,17864,3728
impulse_noise,4,ES,1,person,12259,0.009946605824347352,0.002063488507123453,0.0009788726649808304,0.0,1202,16
impulse_noise,4,S,0,hat,364,0.0067640613747036275,0.0034433239505517717,0.01098901098901099,0.0,1249,20343
impulse_noise,4,S,1,person,6173,0.0,0.0,0.0,0.0,11,1207
impulse_noise,4,M,0,hat,679,0.06143079524068924,0.03303599787102037,0.045655375552282766,0.0014727540500736377,387,21205
impulse_noise,4,M,1,person,3776,0.0,0.0,0.0,0.0,5,1213
impulse_noise,4,L,0,hat,622,0.024266987431349613,0.013002223963320672,0.09646302250803858,0.00482315112540193,2092,19500
impulse_noise,4,L,1,person,350,0.0,0.0,0.0,0.0,0,1218
impulse_noise,4,ALL,all,all_macro,24436,0.008765901266410381,0.00345433146779592,0.025825086457996665,0.0010649627263045794,22810,0
impulse_noise,4,ES,all,all_macro,12472,0.005001267888060078,0.0010429302439162872,0.002836854172866002,0.0,19066,3744
impulse_noise,4,S,all,all_macro,6537,0.0033820306873518138,0.0017216619752758859,0.005494505494505495,0.0,1260,21550
impulse_noise,4,M,all,all_macro,4455,0.03071539762034462,0.016517998935510186,0.022827687776141383,0.0007363770250368188,392,22418
impulse_noise,4,L,all,all_macro,972,0.012133493715674806,0.006501111981660336,0.04823151125401929,0.002411575562700965,2092,20718
impulse_noise,5,ALL,0,hat,1878,0.0019540757697822453,0.0006935762741933985,0.0154419595314164,0.0,8514,0
impulse_noise,5,ALL,1,person,22558,0.0,0.0,0.0,0.0,1140,0
impulse_noise,5,ES,0,hat,213,0.0,0.0,0.0,0.0,5234,3280
impulse_noise,5,ES,1,person,12259,0.0,0.0,0.0,0.0,1103,37
impulse_noise,5,S,0,hat,364,0.0011874814364056534,0.00011874814364056534,0.0027472527472527475,0.0,423,8091
impulse_noise,5,S,1,person,6173,0.0,0.0,0.0,0.0,24,1116
impulse_noise,5,M,0,hat,679,0.020807407407407406,0.012848937282179285,0.005891016200294551,0.0,126,8388
impulse_noise,5,M,1,person,3776,0.0,0.0,0.0,0.0,12,1128
impulse_noise,5,L,0,hat,622,0.005100782466708868,0.0016526215816743705,0.03858520900321544,0.0,2731,5783
impulse_noise,5,L,1,person,350,0.0,0.0,0.0,0.0,1,1139
impulse_noise,5,ALL,all,all_macro,24436,0.0009770378848911227,0.00034678813709669923,0.0077209797657082,0.0,9654,0
impulse_noise,5,ES,all,all_macro,12472,0.0,0.0,0.0,0.0,6337,3317
impulse_noise,5,S,all,all_macro,6537,0.0005937407182028267,5.937407182028267e-05,0.0013736263736263737,0.0,447,9207
impulse_noise,5,M,all,all_macro,4455,0.010403703703703703,0.006424468641089642,0.0029455081001472753,0.0,138,9516
impulse_noise,5,L,all,all_macro,972,0.002550391233354434,0.0008263107908371853,0.01929260450160772,0.0,2732,6922
defocus_blur,1,ALL,0,hat,1878,0.7813645225812285,0.5874138618439833,0.8626198083067093,0.7071352502662407,11042,0
defocus_blur,1,ALL,1,person,22558,0.5969651147297388,0.2615411302486649,0.7824718503413424,0.5372373437361468,123088,0
defocus_blur,1,ES,0,hat,213,0.16253123153243249,0.0513828960627752,0.3286384976525822,0.08450704225352113,1423,9619
defocus_blur,1,ES,1,person,12259,0.48903737382689155,0.16752076497556523,0.7085406640019577,0.4598254343747451,58402,64686
defocus_blur,1,S,0,hat,364,0.6008147116543857,0.35522360420032595,0.8434065934065934,0.554945054945055,4488,6554
defocus_blur,1,S,1,person,6173,0.6029303321849964,0.2544678991920851,0.8229386035963066,0.5326421513040661,43021,80067
defocus_blur,1,M,0,hat,679,0.8530474038114668,0.6114993106232715,0.93519882179676,0.7908689248895434,3798,7244
defocus_blur,1,M,1,person,3776,0.8589483700057711,0.4952611484681503,0.9414724576271186,0.7711864406779662,19470,103618
defocus_blur,1,L,0,hat,622,0.9655450647760841,0.8399931802251752,0.977491961414791,0.9180064308681672,1287,9755
defocus_blur,1,L,1,person,350,0.8897571352117024,0.6066364689508842,0.9428571428571428,0.8057142857142857,1005,122083
defocus_blur,1,ALL,all,all_macro,24436,0.6891648186554836,0.42447749604632407,0.8225458293240258,0.6221862970011938,134130,0
defocus_blur,1,ES,all,all_macro,12472,0.325784302679662,0.1094518305191702,0.5185895808272699,0.2721662383141331,59825,74305
defocus_blur,1,S,all,all_macro,6537,0.601872521919691,0.30484575169620554,0.83317259850145,0.5437936031245605,47509,86621
defocus_blur,1,M,all,all_macro,4455,0.8559978869086189,0.5533802295457109,0.9383356397119393,0.7810276827837548,23268,110862
defocus_blur,1,L,all,all_macro,972,0.9276510999938933,0.7233148245880296,0.9601745521359669,0.8618603582912265,2292,131838
defocus_blur,2,ALL,0,hat,1878,0.7237425959488272,0.5406278035021794,0.820021299254526,0.6490947816826411,12859,0
defocus_blur,2,ALL,1,person,22558,0.5074876736118146,0.21701446510189887,0.7139817359695009,0.41958506959836867,112535,0
defocus_blur,2,ES,0,hat,213,0.11483051281559033,0.033335552492409395,0.2112676056338028,0.03755868544600939,1030,11829
defocus_blur,2,ES,1,person,12259,0.41436089067695037,0.13826632521888815,0.647932131495228,0.34652092340321394,50770,61765
defocus_blur,2,S,0,hat,364,0.5068830071199598,0.29214309369555236,0.7774725274725275,0.4725274725274725,5244,7615
defocus_blur,2,S,1,person,6173,0.48187504173026174,0.19764579753219239,0.7362708569577191,0.3985096387493925,39958,72577
defocus_blur,2,M,0,hat,679,0.788669211829376,0.5530745223210947,0.8969072164948454,0.7201767304860088,5034,7825
defocus_blur,2,M,1,person,3776,0.7702322820754378,0.4323162726114881,0.8723516949152542,0.6610169491525424,19522,93013
defocus_blur,2,L,0,hat,622,0.9507865095768004,0.8168139147336058,0.9694533762057878,0.8842443729903537,1502,11357
defocus_blur,2,L,1,person,350,0.8545787726553691,0.5621589288536809,0.9257142857142857,0.7457142857142857,1132,111403
defocus_blur,2,ALL,all,all_macro,24436,0.6156151347803209,0.3788211343020391,0.7670015176120135,0.5343399256405049,125394,0
defocus_blur,2,ES,all,all_macro,12472,0.26459570174627034,0.08580093885564877,0.4295998685645154,0.19203980442461166,51800,73594
defocus_blur,2,S,all,all_macro,6537,0.4943790244251108,0.24489444561387236,0.7568716922151233,0.4355185556384325,45202,80192
defocus_blur,2,M,all,all_macro,4455,0.7794507469524069,0.4926953974662914,0.8846294557050498,0.6905968398192757,24556,100838
defocus_blur,2,L,all,all_macro,972,0.9026826411160848,0.6894864217936434,0.9475838309600367,0.8149793293523198,2634,122760
defocus_blur,3,ALL,0,hat,1878,0.5897760357526767,0.4255004935240341,0.7103301384451545,0.5207667731629393,16885,0
defocus_blur,3,ALL,1,person,22558,0.31120798416255574,0.1294913584450664,0.5023938292401808,0.1867630109052221,82225,0
defocus_blur,3,ES,0,hat,213,0.010291521917341933,0.0027810931909515216,0.0892018779342723,0.004694835680751174,1397,15488
defocus_blur,3,ES,1,person,12259,0.23326225961253516,0.06969925657073442,0.4484868260053838,0.10800228403621828,34755,47470
defocus_blur,3,S,0,hat,364,0.3285193472639088,0.17665163941784315,0.5357142857142857,0.3021978021978022,6082,10803
defocus_blur,3,S,1,person,6173,0.25909586725541145,0.10487210876356905,0.47351368864409527,0.17997732058966467,29763,52462
defocus_blur,3,M,0,hat,679,0.619448721083021,0.4016812793137888,0.7967599410898379,0.5508100147275405,7311,9574
defocus_blur,3,M,1,person,3776,0.5670069334842267,0.30165770726182073,0.6898834745762712,0.4134004237288136,15687,66538
defocus_blur,3,L,0,hat,622,0.8923743941812703,0.7355852052306231,0.9308681672025724,0.792604501607717,2065,14820
defocus_blur,3,L,1,person,350,0.7609913155744807,0.481206485004939,0.8771428571428571,0.6228571428571429,1267,80958
defocus_blur,3,ALL,all,all_macro,24436,0.4504920099576162,0.27749592598455025,0.6063619838426677,0.3537648920340807,99110,0
defocus_blur,3,ES,all,all_macro,12472,0.12177689076493854,0.03624017488084297,0.26884435196982803,0.05634855985848473,36152,62958
defocus_blur,3,S,all,all_macro,6537,0.29380760725966015,0.1407618740907061,0.5046139871791905,0.24108756139373344,35845,63265
defocus_blur,3,M,all,all_macro,4455,0.5932278272836238,0.3516694932878047,0.7433217078330545,0.48210521922817706,22998,76112
defocus_blur,3,L,all,all_macro,972,0.8266828548778755,0.6083958451177811,0.9040055121727147,0.7077308222324299,3332,95778
defocus_blur,4,ALL,0,hat,1878,0.47128017095614344,0.32770064450172554,0.6219382321618744,0.410010649627263,22158,0
defocus_blur,4,ALL,1,person,22558,0.1860980259337094,0.08173711534413466,0.26075006649525667,0.08107988296834825,42031,0
defocus_blur,4,ES,0,hat,213,0.0,0.0,0.0,0.0,2881,19277
defocus_blur,4,ES,1,person,12259,0.12638479329791533,0.037566459227454205,0.1796231340239824,0.013296353699322947,13070,28961
defocus_blur,4,S,0,hat,364,0.22377472976254423,0.11624342806466703,0.3956043956043956,0.21978021978021978,7850,14308
defocus_blur,4,S,1,person,6173,0.14288628513133506,0.05823732457836265,0.24995950105297263,0.08018791511420703,16208,25823
defocus_blur,4,M,0,hat,679,0.45340736696582107,0.27419370296275186,0.6980854197349042,0.390279823269514,8831,13327
defocus_blur,4,M,1,person,3776,0.4065008872629396,0.21421184819898356,0.4936440677966102,0.2629766949152542,11124,30907
defocus_blur,4,L,0,hat,622,0.8250653781424426,0.6478967648837842,0.8858520900321544,0.6832797427652733,2575,19583
defocus_blur,4,L,1,person,350,0.6504927529270719,0.3976651633729381,0.78,0.5085714285714286,1305,40726
defocus_blur,4,ALL,all,all_macro,24436,0.32868909844492644,0.20471887992293009,0.4413441493285655,0.24554526629780565,64189,0
defocus_blur,4,ES,all,all_macro,12472,0.06319239664895766,0.018783229613727102,0.0898115670119912,0.0066481768496614736,15951,48238
defocus_blur,4,S,all,all_macro,6537,0.18333050744693963,0.08724037632151484,0.3227819483286841,0.1499840674472134,24058,40131
defocus_blur,4,M,all,all_macro,4455,0.4299541271143803,0.24420277558086773,0.5958647437657572,0.32662825909238413,19955,44234
defocus_blur,4,L,all,all_macro,972,0.7377790655347573,0.5227809641283612,0.8329260450160771,0.595925585668351,3880,60309
defocus_blur,5,ALL,0,hat,1878,0.3846921944512363,0.2592402284502847,0.5324813631522897,0.32800851970181044,19995,0
defocus_blur,5,ALL,1,person,22558,0.13108522510072462,0.06165512665670895,0.13037503324762834,0.05173330969057541,22887,0
defocus_blur,5,ES,0,hat,213,0.0,0.0,0.0,0.0,1244,18751
defocus_blur,5,ES,1,person,12259,0.09043761221063938,0.026070482178098486,0.05661146912472469,0.0022840362182886043,4396,18491
defocus_blur,5,S,0,hat,364,0.16062188246824577,0.08258146559530834,0.2967032967032967,0.1510989010989011,6727,13268
defocus_blur,5,S,1,person,6173,0.09481640448668402,0.038909254067208965,0.11615098007451806,0.04665478697553863,9413,13474
defocus_blur,5,M,0,hat,679,0.3328322277804713,0.1927115084727104,0.5625920471281296,0.2916053019145803,9217,10778
defocus_blur,5,M,1,person,3776,0.3112375529094929,0.16206957304490952,0.3442796610169492,0.1917372881355932,7681,15206
defocus_blur,5,L,0,hat,622,0.7394718366728891,0.5557641176721619,0.819935691318328,0.5836012861736335,2794,17201
defocus_blur,5,L,1,person,350,0.5337695114257214,0.3178466016810542,0.6571428571428571,0.3628571428571429,1220,21667
defocus_blur,5,ALL,all,all_macro,24436,0.25788870977598044,0.16044767755349684,0.331428198199959,0.18987091469619294,42882,0
defocus_blur,5,ES,all,all_macro,12472,0.04521880610531969,0.013035241089049243,0.028305734562362347,0.0011420181091443022,5640,37242
defocus_blur,5,S,all,all_macro,6537,0.12771914347746488,0.06074535983125865,0.2064271383889074,0.09887684403721986,16140,26742
defocus_blur,5,M,all,all_macro,4455,0.3220348903449821,0.17739054075880994,0.4534358540725394,0.24167129502508675,16898,25984
defocus_blur,5,L,all,all_macro,972,0.6366206740493052,0.43680535967660805,0.7385392742305925,0.4732292145153882,4014,38868
glass_blur,1,ALL,0,hat,1878,0.7943459642361974,0.5820458817311538,0.8775292864749734,0.740681576144835,14371,0
glass_blur,1,ALL,1,person,22558,0.6146978395207895,0.26598044006064786,0.799583296391524,0.5916747938647043,141631,0
glass_blur,1,ES,0,hat,213,0.10495004947115245,0.030860057789583156,0.37089201877934275,0.11267605633802817,3938,10433
glass_blur,1,ES,1,person,12259,0.4945100320567767,0.16455403526731066,0.7205318541479729,0.5090137857900318,68919,72712
glass_blur,1,S,0,hat,364,0.6448973375697482,0.3510257354530415,0.8736263736263736,0.6153846153846154,5237,9134
glass_blur,1,S,1,person,6173,0.6325404466533259,0.25905164454394397,0.8490199254819375,0.5888546897780658,48690,92941
glass_blur,1,M,0,hat,679,0.8808340534106437,0.6114817694566476,0.9455081001472754,0.833578792341679,3942,10429
glass_blur,1,M,1,person,3776,0.8908695927307172,0.5096096127582513,0.9605402542372882,0.8384533898305084,21642,119989
glass_blur,1,L,0,hat,622,0.9688702125911218,0.8391078206649076,0.9790996784565916,0.927652733118971,1176,13195
glass_blur,1,L,1,person,350,0.9083645249069796,0.6307861448867536,0.96,0.8771428571428571,1166,140465
glass_blur,1,ALL,all,all_macro,24436,0.7045219018784934,0.4240131608959008,0.8385562914332487,0.6661781850047697,156002,0
glass_blur,1,ES,all,all_macro,12472,0.2997300407639646,0.0977070465284469,0.5457119364636578,0.31084492106402994,72857,83145
glass_blur,1,S,all,all_macro,6537,0.638718892111537,0.3050386899984927,0.8613231495541556,0.6021196525813406,53927,102075
glass_blur,1,M,all,all_macro,4455,0.8858518230706804,0.5605456911074495,0.9530241771922818,0.8360160910860936,25584,130418
glass_blur,1,L,all,all_macro,972,0.9386173687490507,0.7349469827758306,0.9695498392282957,0.9023977951309141,2342,153660
glass_blur,2,ALL,0,hat,1878,0.7261726306770317,0.5345248681254693,0.8439829605963791,0.6687965921192758,18928,0
glass_blur,2,ALL,1,person,22558,0.5281202066726436,0.22617218764924502,0.7454561574607678,0.4976061707598191,142094,0
glass_blur,2,ES,0,hat,213,0.07847427415453785,0.02573992758593575,0.3004694835680751,0.056338028169014086,3607,15321
glass_blur,2,ES,1,person,12259,0.4305498694317297,0.14386994311185577,0.6719145117872584,0.43062239986948364,63677,78417
glass_blur,2,S,0,hat,364,0.5057679078403428,0.2869414157787762,0.8296703296703297,0.5027472527472527,8345,10583
glass_blur,2,S,1,person,6173,0.5004336990550133,0.2035479687876908,0.7676980398509639,0.459420055078568,49135,92959
glass_blur,2,M,0,hat,679,0.8023863960615627,0.5508638105238115,0.9160530191458026,0.7437407952871871,5434,13494
glass_blur,2,M,1,person,3776,0.812302502754404,0.4515068062048259,0.9282309322033898,0.7494703389830508,26466,115628
glass_blur,2,L,0,hat,622,0.9485277025964878,0.8133214528970992,0.9598070739549839,0.8938906752411575,1465,17463
glass_blur,2,L,1,person,350,0.8656600884920969,0.570422865911802,0.9571428571428572,0.8028571428571428,1613,140481
glass_blur,2,ALL,all,all_macro,24436,0.6271464186748377,0.3803485278873572,0.7947195590285734,0.5832013814395475,161022,0
glass_blur,2,ES,all,all_macro,12472,0.2545120717931338,0.08480493534889576,0.48619199767766674,0.24348021401924885,67284,93738
glass_blur,2,S,all,all_macro,6537,0.503100803447678,0.24524469228323348,0.7986841847606467,0.48108365391291036,57480,103542
glass_blur,2,M,all,all_macro,4455,0.8073444494079833,0.5011853083643187,0.9221419756745962,0.7466055671351189,31900,129122
glass_blur,2,L,all,all_macro,972,0.9070938955442923,0.6918721594044506,0.9584749655489205,0.8483739090491502,3078,157944
glass_blur,3,ALL,0,hat,1878,0.5318240469413795,0.3729063231423829,0.7060702875399361,0.483493077742279,34836,0
glass_blur,3,ALL,1,person,22558,0.29337470069907046,0.11495619177392213,0.554393119957443,0.25312527706356946,138474,0
glass_blur,3,ES,0,hat,213,0.006481957432602282,0.002734452745499416,0.1784037558685446,0.009389671361502348,9419,25417
glass_blur,3,ES,1,person,12259,0.20524553335661852,0.055534119571488724,0.49294395953992987,0.1962639693286565,58219,80255
glass_blur,3,S,0,hat,364,0.2934546649945367,0.14731560061257026,0.5769230769230769,0.3021978021978022,15187,19649
glass_blur,3,S,1,person,6173,0.24506111689555946,0.09130299557640223,0.5242183703223716,0.203628705653653,44303,94171
glass_blur,3,M,0,hat,679,0.5809976205237409,0.36138403395721047,0.7673048600883653,0.48600883652430044,8150,26686
glass_blur,3,M,1,person,3776,0.5648135617255473,0.28819649312595846,0.7719809322033898,0.4801377118644068,32316,106158
glass_blur,3,L,0,hat,622,0.8492672297825326,0.6862808102451845,0.8954983922829582,0.7491961414790996,2030,32806
glass_blur,3,L,1,person,350,0.7108239125822329,0.44344620855454925,0.8914285714285715,0.6714285714285714,2760,135714
glass_blur,3,ALL,all,all_macro,24436,0.412599373820225,0.24393125745815253,0.6302317037486895,0.36830917740292424,173310,0
glass_blur,3,ES,all,all_macro,12472,0.1058637453946104,0.02913428615849407,0.33567385770423724,0.10282682034507942,67638,105672
glass_blur,3,S,all,all_macro,6537,0.2692578909450481,0.11930929809448625,0.5505707236227242,0.2529132539257276,59490,113820
glass_blur,3,M,all,all_macro,4455,0.5729055911246441,0.32479026354158447,0.7696428961458776,0.48307327419435364,40466,132844
glass_blur,3,L,all,all_macro,972,0.7800455711823827,0.5648635093998668,0.8934634818557649,0.7103123564538355,4790,168520
glass_blur,4,ALL,0,hat,1878,0.47608165228920796,0.33295150327907064,0.6687965921192758,0.42545260915867944,38560,0
glass_blur,4,ALL,1,person,22558,0.22862154583612687,0.09360701664836661,0.4622750243815941,0.1671247451015161,121774,0
glass_blur,4,ES,0,hat,213,0.002419047859951141,0.0006315090534561855,0.14553990610328638,0.004694835680751174,9674,28886
glass_blur,4,ES,1,person,12259,0.15176607614035265,0.04406678240111138,0.3955461293743372,0.09739783016559263,45637,76137
glass_blur,4,S,0,hat,364,0.24055358622070858,0.12187899871962993,0.5604395604395604,0.23626373626373626,16535,22025
glass_blur,4,S,1,person,6173,0.1857235803325528,0.07164484313421414,0.4307468005831848,0.14061234407905396,38858,82916
glass_blur,4,M,0,hat,679,0.4993020319560067,0.31339858402092696,0.711340206185567,0.4374079528718704,9913,28647
glass_blur,4,M,1,person,3776,0.4680895566684563,0.2367474613096537,0.6922669491525424,0.3943326271186441,33303,88471
glass_blur,4,L,0,hat,622,0.8083903970793465,0.6360229678235308,0.864951768488746,0.6672025723472669,2378,36182
glass_blur,4,L,1,person,350,0.6442750954849035,0.39354086462429183,0.8742857142857143,0.6285714285714286,3345,118429
glass_blur,4,ALL,all,all_macro,24436,0.35235159906266744,0.21327925996371863,0.5655358082504349,0.29628867713009777,160334,0
glass_blur,4,ES,all,all_macro,12472,0.0770925620001519,0.022349145727283783,0.2705430177388118,0.0510463329231719,55311,105023
glass_blur,4,S,all,all_macro,6537,0.21313858327663068,0.09676192092692204,0.49559318051137263,0.1884380401713951,55393,104941
glass_blur,4,M,all,all_macro,4455,0.48369579431223153,0.2750730226652903,0.7018035776690548,0.4158702899952572,43216,117118
glass_blur,4,L,all,all_macro,972,0.726332746282125,0.5147819162239113,0.8696187413872302,0.6478870004593478,5723,154611
glass_blur,5,ALL,0,hat,1878,0.4079769822278072,0.2789404083214232,0.6048988285410011,0.36421725239616615,42060,0
glass_blur,5,ALL,1,person,22558,0.15166614322502128,0.06694994564959067,0.29040695097083075,0.08436031563081833,76631,0
glass_blur,5,ES,0,hat,213,0.0005236491770147294,0.00011755985081107871,0.03286384976525822,0.0,7061,34999
glass_blur,5,ES,1,person,12259,0.10682044503040956,0.03393859206996339,0.20890774125132555,0.013867362753895097,19220,57411
glass_blur,5,S,0,hat,364,0.18472980002986675,0.09816606407682438,0.4725274725274725,0.1978021978021978,15647,26413
glass_blur,5,S,1,person,6173,0.12290182561567521,0.04974339661355923,0.26632107565203306,0.07743398671634537,24406,52225
glass_blur,5,M,0,hat,679,0.4070333679026457,0.2434963391758333,0.6597938144329897,0.36671575846833576,16008,26052
glass_blur,5,M,1,person,3776,0.3483449625005687,0.17749518038945414,0.550052966101695,0.2846927966101695,28911,47720
glass_blur,5,L,0,hat,622,0.7256843359564153,0.5578051469793354,0.8183279742765274,0.5836012861736335,3313,38747
glass_blur,5,L,1,person,350,0.522872062821075,0.3100910882396217,0.7685714285714286,0.5171428571428571,3716,72915
glass_blur,5,ALL,all,all_macro,24436,0.27982156272641423,0.17294517698550693,0.4476528897559159,0.22428878401349223,118691,0
glass_blur,5,ES,all,all_macro,12472,0.053672047103712144,0.017028075960387235,0.12088579550829189,0.006933681376947548,26281,92410
glass_blur,5,S,all,all_macro,6537,0.153815812822771,0.0739547303451918,0.36942427408975276,0.13761809225927157,40053,78638
glass_blur,5,M,all,all_macro,4455,0.3776891652016072,0.21049575978264373,0.6049233902673423,0.32570427753925263,44919,73772
glass_blur,5,L,all,all_macro,972,0.6242781993887452,0.43394811760947855,0.793449701423978,0.5503720716582453,7029,111662
motion_blur,1,ALL,0,hat,1878,0.7897911870663725,0.5769120514166854,0.8477103301384451,0.7167199148029819,8497,0
motion_blur,1,ALL,1,person,22558,0.5697770629706139,0.23337880158381868,0.7568933416082986,0.525312527706357,121805,0
motion_blur,1,ES,0,hat,213,0.156761602783784,0.04888140912224711,0.3145539906103286,0.11267605633802817,1406,7091
motion_blur,1,ES,1,person,12259,0.41398715853257195,0.11747293373285286,0.6533159311526225,0.4174891916143242,57369,64436
motion_blur,1,S,0,hat,364,0.6215804456013238,0.32383170641416975,0.804945054945055,0.5604395604395604,2965,5532
motion_blur,1,S,1,person,6173,0.6210416766950901,0.2511377099192957,0.8326583508828771,0.5541875911226308,42150,79655
motion_blur,1,M,0,hat,679,0.8613248076473463,0.5908930891132477,0.9204712812960235,0.7967599410898379,2897,5600
motion_blur,1,M,1,person,3776,0.8795323983414813,0.48823917987858645,0.9510063559322034,0.798728813559322,20121,101684
motion_blur,1,L,0,hat,622,0.9669338725239984,0.8383611038823675,0.9758842443729904,0.927652733118971,1182,7315
motion_blur,1,L,1,person,350,0.9075423611963229,0.6107090061415604,0.9542857142857143,0.8428571428571429,929,120876
motion_blur,1,ALL,all,all_macro,24436,0.6797841250184933,0.4051454265002521,0.8023018358733718,0.6210162212546695,130302,0
motion_blur,1,ES,all,all_macro,12472,0.285374380658178,0.08317717142754999,0.4839349608814756,0.26508262397617616,58775,71527
motion_blur,1,S,all,all_macro,6537,0.6213110611482069,0.2874847081667327,0.818801702913966,0.5573135757810956,45115,85187
motion_blur,1,M,all,all_macro,4455,0.8704286029944138,0.5395661344959171,0.9357388186141135,0.79774437732458,23018,107284
motion_blur,1,L,all,all_macro,972,0.9372381168601607,0.724535055011964,0.9650849793293523,0.885254937988057,2111,128191
motion_blur,2,ALL,0,hat,1878,0.7014887235428321,0.4960645187146562,0.7513312034078807,0.593716719914803,7039,0
motion_blur,2,ALL,1,person,22558,0.4252634596364128,0.16714477031638805,0.6364482666903094,0.32866388864261015,105207,0
motion_blur,2,ES,0,hat,213,0.05160085945039823,0.014236345981304374,0.1267605633802817,0.018779342723004695,740,6299
motion_blur,2,ES,1,person,12259,0.27370450625332265,0.07312061664388948,0.5122766946733013,0.20939717758381599,42822,62385
motion_blur,2,S,0,hat,364,0.48767532683180514,0.24171973865411706,0.6291208791208791,0.3901098901098901,2043,4996
motion_blur,2,S,1,person,6173,0.4543677634626431,0.17039694910449485,0.7098655434958691,0.3489389275878827,36944,68263
motion_blur,2,M,0,hat,679,0.7426420784272494,0.4723031387913821,0.8217967599410898,0.6244477172312224,2778,4261
motion_blur,2,M,1,person,3776,0.7597901685345393,0.3913566477350013,0.8930084745762712,0.645656779661017,23248,81959
motion_blur,2,L,0,hat,622,0.9456577638350936,0.7875844580460825,0.9598070739549839,0.8762057877813505,1456,5583
motion_blur,2,L,1,person,350,0.8571967511862161,0.5395850128977824,0.9257142857142857,0.7314285714285714,1103,104104
motion_blur,2,ALL,all,all_macro,24436,0.5633760915896224,0.33160464451552213,0.6938897350490951,0.46119030427870655,112246,0
motion_blur,2,ES,all,all_macro,12472,0.16265268285186044,0.043678481312596926,0.3195186290267915,0.11408826015341034,43562,68684
motion_blur,2,S,all,all_macro,6537,0.47102154514722416,0.20605834387930594,0.669493211308374,0.3695244088488864,38987,73259
motion_blur,2,M,all,all_macro,4455,0.7512161234808943,0.43182989326319166,0.8574026172586805,0.6350522484461196,26026,86220
motion_blur,2,L,all,all_macro,972,0.9014272575106548,0.6635847354719324,0.9427606798346349,0.8038171796049609,2559,109687
motion_blur,3,ALL,0,hat,1878,0.577263423820602,0.389468779576299,0.6118210862619808,0.4579339723109691,6338,0
motion_blur,3,ALL,1,person,22558,0.24570802655060595,0.10074876129979866,0.33039276531607414,0.12811419452079084,52485,0
motion_blur,3,ES,0,hat,213,0.001750491665860657,0.00026024656017093075,0.009389671361502348,0.0,594,5744
motion_blur,3,ES,1,person,12259,0.1358622443559564,0.03983070877726085,0.18198874296435272,0.02561383473366506,13421,39064
motion_blur,3,S,0,hat,364,0.31623327092466336,0.14405634141219406,0.3956043956043956,0.21153846153846154,1269,5069
motion_blur,3,S,1,person,6173,0.24518600430671578,0.09127190166108051,0.37761218208326586,0.14077433986716345,19056,33429
motion_blur,3,M,0,hat,679,0.57361595799168,0.3265281200053519,0.6391752577319587,0.43593519882179677,2426,3912
motion_blur,3,M,1,person,3776,0.5489959484368518,0.2602668275005634,0.6898834745762712,0.3988347457627119,18293,34192
motion_blur,3,L,0,hat,622,0.8832896257243715,0.6930901750772965,0.9147909967845659,0.7829581993569131,2027,4311
motion_blur,3,L,1,person,350,0.7182875452627746,0.42095195824076354,0.8171428571428572,0.5771428571428572,1134,51351
motion_blur,3,ALL,all,all_macro,24436,0.411485725185604,0.24510877043804882,0.47110692578902746,0.29302408341588,58823,0
motion_blur,3,ES,all,all_macro,12472,0.06880636801090853,0.02004547766871589,0.09568920716292753,0.01280691736683253,14015,44808
motion_blur,3,S,all,all_macro,6537,0.28070963761568957,0.11766412153663729,0.3866082888438307,0.1761564007028125,20325,38498
motion_blur,3,M,all,all_macro,4455,0.5613059532142659,0.29339747375295766,0.664529366154115,0.41738497229225435,20719,38104
motion_blur,3,L,all,all_macro,972,0.800788585493573,0.5570210666590301,0.8659669269637116,0.6800505282498852,3161,55662
motion_blur,4,ALL,0,hat,1878,0.43765734326640965,0.28115525074057,0.47231096911608095,0.3077742279020234,5331,0
motion_blur,4,ALL,1,person,22558,0.16036731970597395,0.07138431806803032,0.1411029346573278,0.05962408014894938,19996,0
motion_blur,4,ES,0,hat,213,0.0019668008445633558,0.00019668008445633558,0.004694835680751174,0.0,257,5074
motion_blur,4,ES,1,person,12259,0.12749893477042173,0.037450865425310356,0.033444816053511704,0.0022840362182886043,1751,18245
motion_blur,4,S,0,hat,364,0.19537840706777748,0.07951221118117467,0.21428571428571427,0.10164835164835165,607,4724
motion_blur,4,S,1,person,6173,0.1534550857003769,0.06017587693442704,0.1577838976186619,0.06269236999838004,7101,12895
motion_blur,4,M,0,hat,679,0.38785593839933413,0.20494165591059255,0.42857142857142855,0.24300441826215022,1744,3587
motion_blur,4,M,1,person,3776,0.3507392593415916,0.16442545843651313,0.4197563559322034,0.2110699152542373,9943,10053
motion_blur,4,L,0,hat,622,0.7504684631631688,0.5464566375088642,0.8311897106109325,0.6045016077170418,2714,2617
motion_blur,4,L,1,person,350,0.53965218229921,0.29312693388394817,0.6114285714285714,0.38,955,19041
motion_blur,4,ALL,all,all_macro,24436,0.2990123314861918,0.17626978440430016,0.3067069518867044,0.1836991540254864,25327,0
motion_blur,4,ES,all,all_macro,12472,0.06473286780749254,0.018823772754883346,0.019069825867131438,0.0011420181091443022,2008,23319
motion_blur,4,S,all,all_macro,6537,0.17441674638407717,0.06984404405780086,0.18603480595218808,0.08217036082336585,7708,17619
motion_blur,4,M,all,all_macro,4455,0.3692975988704629,0.18468355717355284,0.42416389225181594,0.22703716675819374,11687,13640
motion_blur,4,L,all,all_macro,972,0.6450603227311894,0.4197917856964062,0.721309141019752,0.4922508038585209,3669,21658
motion_blur,5,ALL,0,hat,1878,0.3445852092358445,0.214177536435336,0.3855165069222577,0.23322683706070288,5411,0
motion_blur,5,ALL,1,person,22558,0.13381963080822712,0.06250384742679273,0.0833850518663002,0.03909921092295416,11316,0
motion_blur,5,ES,0,hat,213,0.0,0.0,0.0,0.0,159,5252
motion_blur,5,ES,1,person,12259,0.07894776079644282,0.020758933506094528,0.0061179541561301905,0.0007341544987356228,494,10822
motion_blur,5,S,0,hat,364,0.14050983006020815,0.059902395858222754,0.1346153846153846,0.057692307692307696,413,4998
motion_blur,5,S,1,person,6173,0.1312166687855641,0.05351088319976103,0.09363356552729629,0.04163291754414385,3721,7595
motion_blur,5,M,0,hat,679,0.2707899547620527,0.14194677660714428,0.2960235640648012,0.17525773195876287,1611,3800
motion_blur,5,M,1,person,3776,0.2698524755746222,0.1282184085282066,0.2825741525423729,0.14115466101694915,6146,5170
motion_blur,5,L,0,hat,622,0.6352347793626667,0.43069701965397506,0.7620578778135049,0.4790996784565916,3217,2194
motion_blur,5,L,1,person,350,0.4020768381484337,0.2202949115075083,0.46,0.23714285714285716,801,10515
motion_blur,5,ALL,all,all_macro,24436,0.23920242002203582,0.13834069193106435,0.23445077939427894,0.13616302399182853,16727,0
motion_blur,5,ES,all,all_macro,12472,0.03947388039822141,0.010379466753047264,0.0030589770780650952,0.0003670772493678114,653,16074
motion_blur,5,S,all,all_macro,6537,0.13586324942288613,0.056706639528991895,0.11412447507134045,0.04966261261822577,4134,12593
motion_blur,5,M,all,all_macro,4455,0.27032121516833746,0.13508259256767544,0.28929885830358704,0.158206196487856,7757,8970
motion_blur,5,L,all,all_macro,972,0.5186558087555502,0.3254959655807417,0.6110289389067525,0.3581212677997244,4018,12709
zoom_blur,1,ALL,0,hat,1878,0.4867978764705872,0.2597788364875459,0.5692225772097976,0.37433439829605963,7335,0
zoom_blur,1,ALL,1,person,22558,0.15894437892521948,0.06339883457203568,0.1774536749711854,0.06166326802021456,28604,0
zoom_blur,1,ES,0,hat,213,0.007300724631377136,0.0025127813803988257,0.023474178403755867,0.004694835680751174,1261,6074
zoom_blur,1,ES,1,person,12259,0.05346639358778405,0.018572699581685777,0.035810424993882047,0.00236560894037034,4855,23749
zoom_blur,1,S,0,hat,364,0.1678032338571306,0.06562216416215359,0.2967032967032967,0.1346153846153846,1728,5607
zoom_blur,1,S,1,person,6173,0.15323506811467288,0.05150572721891764,0.2141584318807711,0.05880447108375182,10290,18314
zoom_blur,1,M,0,hat,679,0.4764567986056987,0.20894460241192356,0.5964653902798233,0.32989690721649484,2283,5052
zoom_blur,1,M,1,person,3776,0.3959373743621055,0.15959808162972675,0.5286016949152542,0.22828389830508475,11868,16736
zoom_blur,1,L,0,hat,622,0.8310923557298955,0.5026973722907584,0.8858520900321544,0.6897106109324759,2047,5288
zoom_blur,1,L,1,person,350,0.5658730831213291,0.2909355097965104,0.7028571428571428,0.3914285714285714,1251,27353
zoom_blur,1,ALL,all,all_macro,24436,0.3228711276979033,0.1615888355297908,0.3733381260904915,0.2179988331581371,35939,0
zoom_blur,1,ES,all,all_macro,12472,0.030383559109580592,0.010542740481042302,0.029642301698818957,0.003530222310560757,6116,29823
zoom_blur,1,S,all,all_macro,6537,0.16051915098590175,0.05856394569053562,0.2554308642920339,0.09670992784956822,12018,23921
zoom_blur,1,M,all,all_macro,4455,0.4361970864839021,0.18427134202082515,0.5625335425975387,0.2790904027607898,14151,21788
zoom_blur,1,L,all,all_macro,972,0.6984827194256122,0.3968164410436344,0.7943546164446487,0.5405695911805236,3298,32641
zoom_blur,2,ALL,0,hat,1878,0.3701576517505303,0.17182967517361963,0.4355697550585729,0.2630457933972311,5960,0
zoom_blur,2,ALL,1,person,22558,0.1285494955035797,0.05126268962800261,0.09256139728699353,0.028415639684369182,12326,0
zoom_blur,2,ES,0,hat,213,0.002978977992585988,0.0005957955985171976,0.009389671361502348,0.0,505,5455
zoom_blur,2,ES,1,person,12259,0.05607428858429863,0.018888654737239264,0.008238844930255323,0.0009788726649808304,987,11339
zoom_blur,2,S,0,hat,364,0.11705512702260971,0.04410882921334795,0.2087912087912088,0.07692307692307693,1181,4779
zoom_blur,2,S,1,person,6173,0.11244832962590384,0.03914127476004959,0.10367730439008586,0.023489389275878826,4395,7931
zoom_blur,2,M,0,hat,679,0.2946601010413653,0.10993295115906672,0.38144329896907214,0.18998527245949925,1744,4216
zoom_blur,2,M,1,person,3776,0.257286761544374,0.09863346547520307,0.3066737288135593,0.10540254237288135,5821,6505
zoom_blur,2,L,0,hat,622,0.6982819799016383,0.3560198851610804,0.7733118971061094,0.5418006430868167,2518,3442
zoom_blur,2,L,1,person,350,0.4312509395598288,0.19326849895014772,0.54,0.24571428571428572,965,11361
zoom_blur,2,ALL,all,all_macro,24436,0.249353573627055,0.11154618240081113,0.26406557617278326,0.14573071654080014,18286,0
zoom_blur,2,ES,all,all_macro,12472,0.02952663328844231,0.00974222516787823,0.008814258145878835,0.0004894363324904152,1492,16794
zoom_blur,2,S,all,all_macro,6537,0.11475172832425679,0.041625051986698774,0.15623425659064732,0.05020623309947787,5576,12710
zoom_blur,2,M,all,all_macro,4455,0.27597343129286966,0.10428320831713489,0.3440585138913157,0.14769390741619032,7565,10721
zoom_blur,2,L,all,all_macro,972,0.5647664597307336,0.2746441920556141,0.6566559485530548,0.39375746440055126,3483,14803
zoom_blur,3,ALL,0,hat,1878,0.32405002915023495,0.13403299152964349,0.40415335463258784,0.22577209797657083,6090,0
zoom_blur,3,ALL,1,person,22558,0.12450642235357141,0.05241315558757896,0.08076957177054704,0.02021455802819399,10316,0
zoom_blur,3,ES,0,hat,213,0.0015623063767304084,0.00031205532743431766,0.004694835680751174,0.0,494,5596
zoom_blur,3,ES,1,person,12259,0.06343462718538206,0.022674180171112036,0.008809853984827474,0.0004894363324904152,923,9393
zoom_blur,3,S,0,hat,364,0.08138497280631583,0.030761074643837528,0.16758241758241757,0.054945054945054944,1133,4957
zoom_blur,3,S,1,person,6173,0.10578031547595296,0.04065777112276494,0.07743398671634537,0.012797667260651223,3060,7256
zoom_blur,3,M,0,hat,679,0.23860194898467466,0.0802441943759494,0.32989690721649484,0.14432989690721648,1817,4273
zoom_blur,3,M,1,person,3776,0.2394820924563052,0.09824428634673177,0.2801906779661017,0.07944915254237288,5179,5137
zoom_blur,3,L,0,hat,622,0.6429033309766391,0.2852330070556502,0.7604501607717041,0.4919614147909968,2637,3453
zoom_blur,3,L,1,person,350,0.3527666985105369,0.15113022201857024,0.5085714285714286,0.20285714285714285,1041,9275
zoom_blur,3,ALL,all,all_macro,24436,0.22427822575190318,0.09322307355861123,0.24246146320156745,0.12299332800238241,16406,0
zoom_blur,3,ES,all,all_macro,12472,0.03249846678105624,0.011493117749273177,0.006752344832789324,0.0002447181662452076,1417,14989
zoom_blur,3,S,all,all_macro,6537,0.0935826441411344,0.035709422883301235,0.12250820214938146,0.03387136110285308,4193,12213
zoom_blur,3,M,all,all_macro,4455,0.2390420207204899,0.08924424036134058,0.30504379259129827,0.11188952472479469,6996,9410
zoom_blur,3,L,all,all_macro,972,0.497835014743588,0.2181816145371102,0.6345107946715663,0.3474092788240698,3678,12728
zoom_blur,4,ALL,0,hat,1878,0.24779505581864442,0.0926598080715518,0.3285410010649627,0.15867944621938232,5496,0
zoom_blur,4,ALL,1,person,22558,0.11766491856593536,0.0488396547177954,0.04800957531696072,0.010860891923042824,5594,0
zoom_blur,4,ES,0,hat,213,0.0020393539863810465,0.00020393539863810465,0.004694835680751174,0.0,280,5216
zoom_blur,4,ES,1,person,12259,0.06959506057781921,0.025073410189988533,0.003997063382005057,0.00040786361040867934,377,5217
zoom_blur,4,S,0,hat,364,0.053891943408487186,0.02298649823310146,0.10164835164835165,0.03021978021978022,830,4666
zoom_blur,4,S,1,person,6173,0.10220616461140064,0.038854979454902,0.04406285436578649,0.00566985258383282,1570,4024
zoom_blur,4,M,0,hat,679,0.15661851997494725,0.05050750107870183,0.23564064801178203,0.08541973490427099,1509,3987
zoom_blur,4,M,1,person,3776,0.19185508736564455,0.07659602775776195,0.1686970338983051,0.0413135593220339,2822,2772
zoom_blur,4,L,0,hat,622,0.5168101963478287,0.19756720475287926,0.6736334405144695,0.36816720257234725,2875,2621
zoom_blur,4,L,1,person,350,0.2592518467074081,0.10480732266115174,0.35714285714285715,0.14,773,4821
zoom_blur,4,ALL,all,all_macro,24436,0.1827299871922899,0.07074973139467361,0.1882752881909617,0.08477016907121257,11090,0
zoom_blur,4,ES,all,all_macro,12472,0.035817207282100125,0.012638672794313318,0.004345949531378115,0.00020393180520433967,657,10433
zoom_blur,4,S,all,all_macro,6537,0.07804905400994391,0.030920738844001733,0.07285560300706907,0.01794481640180652,2400,8690
zoom_blur,4,M,all,all_macro,4455,0.1742368036702959,0.06355176441823189,0.20216884095504356,0.06336664711315244,4331,6759
zoom_blur,4,L,all,all_macro,972,0.38803102152761837,0.1511872637070155,0.5153881488286634,0.25408360128617363,3648,7442
zoom_blur,5,ALL,0,hat,1878,0.21460019657201307,0.07768465293194604,0.3061767838125666,0.13791267305644303,5251,0
zoom_blur,5,ALL,1,person,22558,0.11206204265176277,0.04861731695244968,0.04490646333894849,0.008600053196205337,5442,0
zoom_blur,5,ES,0,hat,213,0.006612320588192291,0.0031417828279743723,0.023474178403755867,0.0,404,4847
zoom_blur,5,ES,1,person,12259,0.06192305822758904,0.021935133618669386,0.0035891997715963783,0.00016314544416347175,384,5058
zoom_blur,5,S,0,hat,364,0.05577255485057326,0.022591641566292803,0.10714285714285714,0.024725274725274724,818,4433
zoom_blur,5,S,1,person,6173,0.09303382542853303,0.03921906998015088,0.03288514498623036,0.00388789891462822,1254,4188
zoom_blur,5,M,0,hat,679,0.12163887907575854,0.04434582927545601,0.19734904270986744,0.061855670103092786,1414,3837
zoom_blur,5,M,1,person,3776,0.19089850365383437,0.07834756865103636,0.17002118644067796,0.03363347457627119,2812,2630
zoom_blur,5,L,0,hat,622,0.4502131176600379,0.1599952935087904,0.6382636655948553,0.33440514469453375,2608,2643
zoom_blur,5,L,1,person,350,0.2202304129357794,0.09188198396524563,0.35428571428571426,0.11714285714285715,931,4511
zoom_blur,5,ALL,all,all_macro,24436,0.16333111961188793,0.06315098494219787,0.17554162357575753,0.07325636312632418,10693,0
zoom_blur,5,ES,all,all_macro,12472,0.03426768940789067,0.012538458223321879,0.013531689087676123,8.157272208173587e-05,788,9905
zoom_blur,5,S,all,all_macro,6537,0.07440319013955314,0.030905355773221843,0.07001400106454375,0.014306586819951473,2072,8621
zoom_blur,5,M,all,all_macro,4455,0.15626869136479646,0.06134669896324618,0.1836851145752727,0.04774457233968199,4226,6467
zoom_blur,5,L,all,all_macro,972,0.33522176529790865,0.12593863873701802,0.4962746899402848,0.22577400091869546,3539,7154
snow,1,ALL,0,hat,1878,0.7049496493340706,0.5055031444587359,0.8828541001064962,0.711395101171459,45252,0
snow,1,ALL,1,person,22558,0.4158285906238122,0.1745244080042703,0.5992109229541626,0.3207287880131217,104156,0
snow,1,ES,0,hat,213,0.11249094075590316,0.044944249678980946,0.4694835680751174,0.17370892018779344,21551,23701
snow,1,ES,1,person,12259,0.2849271101591776,0.08332251764474351,0.5165184762215516,0.23076923076923078,55186,48970
snow,1,S,0,hat,364,0.5239501662704424,0.29854596580521114,0.9065934065934066,0.6346153846153846,14468,30784
snow,1,S,1,person,6173,0.4442513709492065,0.18817348151533086,0.6377774177871375,0.33371132350558885,32163,71993
snow,1,M,0,hat,679,0.7992457418208531,0.5566695022962901,0.9278350515463918,0.8026509572901326,7685,37567
snow,1,M,1,person,3776,0.712994624171696,0.39528361299741305,0.7942266949152542,0.5794491525423728,15280,88876
snow,1,L,0,hat,622,0.923552432745194,0.7580735462793419,0.9614147909967846,0.8408360128617364,1466,43786
snow,1,L,1,person,350,0.6944850190440484,0.44467819858485774,0.7114285714285714,0.4514285714285714,612,103544
snow,1,ALL,all,all_macro,24436,0.5603891199789414,0.3400137762315031,0.7410325115303293,0.5160619445922904,149408,0
snow,1,ES,all,all_macro,12472,0.19870902545754038,0.06413338366186222,0.49300102214833447,0.2022390754785121,76737,72671
snow,1,S,all,all_macro,6537,0.4841007686098245,0.243359723660271,0.772185412190272,0.4841633540604867,46631,102777
snow,1,M,all,all_macro,4455,0.7561201829962745,0.47597655764685154,0.861030873230823,0.6910500549162527,22965,126443
snow,1,L,all,all_macro,972,0.8090187258946212,0.6013758724320998,0.836421681212678,0.6461322921451539,2078,147330
snow,2,ALL,0,hat,1878,0.48446557529209117,0.33088211124303146,0.7598509052183173,0.4696485623003195,54334,0
snow,2,ALL,1,person,22558,0.1781464979067861,0.07920933476385997,0.18153205071371575,0.060555013742353045,24187,0
snow,2,ES,0,hat,213,0.060161590048462214,0.03447786240487012,0.3474178403755869,0.09389671361502347,34498,19836
snow,2,ES,1,person,12259,0.10606126872269649,0.03304692395295144,0.1062076841504201,0.02014846235418876,9246,14941
snow,2,S,0,hat,364,0.3611377799221007,0.20440889550690508,0.7362637362637363,0.3956043956043956,11503,42831
snow,2,S,1,person,6173,0.1804529476543002,0.07949429532344829,0.20298072250121496,0.07241211728495059,8543,15644
snow,2,M,0,hat,679,0.5956105757212335,0.38465849459160933,0.801178203240059,0.5537555228276878,6538,47796
snow,2,M,1,person,3776,0.362125247561189,0.1917124120714982,0.373146186440678,0.16445974576271186,5626,18561
snow,2,L,0,hat,622,0.7731368595383411,0.5863204942139923,0.8697749196141479,0.5498392282958199,1747,52587
snow,2,L,1,person,350,0.35868763153144123,0.21298135009344832,0.3742857142857143,0.1457142857142857,481,23706
snow,2,ALL,all,all_macro,24436,0.33130603659943864,0.2050457230034457,0.4706914779660165,0.26510178802133627,78521,0
snow,2,ES,all,all_macro,12472,0.08311142938557935,0.03376239317891078,0.22681276226300348,0.05702258798460612,43744,34777
snow,2,S,all,all_macro,6537,0.27079536378820046,0.14195159541517668,0.46962222938247566,0.2340082564446731,20046,58475
snow,2,M,all,all_macro,4455,0.4788679116412113,0.28818545333155376,0.5871621948403685,0.3591076342951998,12164,66357
snow,2,L,all,all_macro,972,0.5659122455348912,0.39965092215372033,0.622030316949931,0.3477767570050528,2228,76293
snow,3,ALL,0,hat,1878,0.4791183751883174,0.3231153738780963,0.7705005324813632,0.503727369542066,79953,0
snow,3,ALL,1,person,22558,0.2151524908557089,0.0932088752269215,0.25928717084847946,0.10271300647220498,39958,0
snow,3,ES,0,hat,213,0.040331455823120824,0.01791612680062511,0.3615023474178404,0.0892018779342723,47113,32840
snow,3,ES,1,person,12259,0.12863720584258181,0.04087666351354251,0.1687739619871115,0.04331511542540174,16266,23692
snow,3,S,0,hat,364,0.3329178892384761,0.1901416470291692,0.771978021978022,0.4642857142857143,20883,59070
snow,3,S,1,person,6173,0.23457624532768417,0.09936946173167747,0.30179815324801557,0.12522274420865057,14667,25291
snow,3,M,0,hat,679,0.6147826023179207,0.39389034385306043,0.8527245949926362,0.614138438880707,10315,69638
snow,3,M,1,person,3776,0.42141594992734777,0.2211194684960641,0.4698093220338983,0.2502648305084746,8258,31700
snow,3,L,0,hat,622,0.7535111343592782,0.5660922907740005,0.819935691318328,0.5482315112540193,1574,78379
snow,3,L,1,person,350,0.4651724445678969,0.28918982388554565,0.4085714285714286,0.19428571428571428,321,39637
snow,3,ALL,all,all_macro,24436,0.34713543302201316,0.2081621245525089,0.5148938516649213,0.30322018800713546,119911,0
snow,3,ES,all,all_macro,12472,0.08448433083285131,0.02939639515708381,0.2651381547024759,0.06625849667983702,63379,56532
snow,3,S,all,all_macro,6537,0.28374706728308013,0.14475555438042334,0.5368880876130188,0.2947542292471824,35550,84361
snow,3,M,all,all_macro,4455,0.5180992761226342,0.3075049061745623,0.6612669585132672,0.4322016346945908,18573,101338
snow,3,L,all,all_macro,972,0.6093417894635875,0.4276410573297731,0.6142535599448783,0.37125861276986677,1895,118016
snow,4,ALL,0,hat,1878,0.3352417158688478,0.2186773880152197,0.6730564430244942,0.3604898828541001,86670,0
snow,4,ALL,1,person,22558,0.15621868698111507,0.06928705483424545,0.15741643762744925,0.05621065697313592,24669,0
snow,4,ES,0,hat,213,0.014490623161630696,0.007608846879588486,0.3286384976525822,0.051643192488262914,47135,39535
snow,4,ES,1,person,12259,0.09107770182526695,0.030715043613458948,0.07675993147891345,0.015498817195529814,7487,17182
snow,4,S,0,hat,364,0.22185675908530825,0.12456061599647264,0.6510989010989011,0.3021978021978022,26303,60367
snow,4,S,1,person,6173,0.16103215208157617,0.06800127334123768,0.19326097521464441,0.07111615098007452,10484,14185
snow,4,M,0,hat,679,0.470728951512137,0.29056446942920333,0.7687776141384389,0.4698085419734904,11562,75108
snow,4,M,1,person,3776,0.3296477567149588,0.1678386429241409,0.3493114406779661,0.1607521186440678,6139,18530
snow,4,L,0,hat,622,0.6273015091574422,0.4472931091576277,0.7009646302250804,0.38102893890675243,1612,85058
snow,4,L,1,person,350,0.3343493185390335,0.1925594989711615,0.28,0.09428571428571429,266,24403
snow,4,ALL,all,all_macro,24436,0.24573020142498145,0.14398222142473258,0.41523644032597173,0.20835026991361802,111339,0
snow,4,ES,all,all_macro,12472,0.05278416249344882,0.019161945246523718,0.20269921456574783,0.03357100484189637,54622,56717
snow,4,S,all,all_macro,6537,0.1914444555834422,0.09628094466885516,0.4221799381567728,0.18665697658893834,36787,74552
snow,4,M,all,all_macro,4455,0.4001883541135479,0.22920155617667212,0.5590445274082025,0.3152803303087791,17701,93638
snow,4,L,all,all_macro,972,0.48082541384823785,0.3199263040643946,0.4904823151125402,0.23765732659623337,1878,109461
snow,5,ALL,0,hat,1878,0.2996057313828011,0.18984254165827757,0.5905218317358892,0.2955271565495208,41300,0
snow,5,ALL,1,person,22558,0.17188635468974348,0.07688755669787231,0.13990602003723734,0.04277861512545438,16102,0
snow,5,ES,0,hat,213,0.004224738588619926,0.0020515948929178797,0.19718309859154928,0.023474178403755867,24432,16868
snow,5,ES,1,person,12259,0.12203854494499058,0.03957262521017204,0.08157272208173587,0.013785790031813362,5582,10520
snow,5,S,0,hat,364,0.21602771453065853,0.1179651631554856,0.5659340659340659,0.260989010989011,9712,31588
snow,5,S,1,person,6173,0.15972140908836743,0.06989339684947211,0.1485501376964199,0.0477887574923052,5694,10408
snow,5,M,0,hat,679,0.4315132554002386,0.2593866626661731,0.6818851251840943,0.3873343151693667,5700,35600
snow,5,M,1,person,3776,0.3168412925191315,0.16866875954600677,0.3021716101694915,0.12182203389830508,4291,11811
snow,5,L,0,hat,622,0.5710243847077232,0.40260673795736074,0.639871382636656,0.3086816720257235,1423,39877
snow,5,L,1,person,350,0.30822244042842156,0.18595673481935265,0.28285714285714286,0.12,367,15735
snow,5,ALL,all,all_macro,24436,0.23574604303627228,0.13336504917807496,0.3652139258865633,0.16915288583748758,57402,0
snow,5,ES,all,all_macro,12472,0.06313164176680526,0.02081211005154496,0.13937791033664257,0.018629984217784615,30014,27388
snow,5,S,all,all_macro,6537,0.18787456180951298,0.09392928000247885,0.3572421018152429,0.1543888842406581,15406,41996
snow,5,M,all,all_macro,4455,0.37417727395968503,0.21402771110608992,0.4920283676767929,0.2545781745338359,9991,47411
snow,5,L,all,all_macro,972,0.43962341256807236,0.2942817363883567,0.46136426274689946,0.21434083601286175,1790,55612
frost,1,ALL,0,hat,1878,0.7477414082401413,0.5446224830912004,0.9004259850905219,0.7289669861554846,23682,0
frost,1,ALL,1,person,22558,0.47506403106466727,0.20449765807010561,0.6497029878535331,0.3602713006472205,94376,0
frost,1,ES,0,hat,213,0.12014843933178121,0.04728454412327016,0.539906103286385,0.16901408450704225,11550,12132
frost,1,ES,1,person,12259,0.3358614049932019,0.10457433114316732,0.5508605922179624,0.25124398401174647,45898,48478
frost,1,S,0,hat,364,0.5882627926129287,0.331786124819446,0.9148351648351648,0.6593406593406593,6830,16852
frost,1,S,1,person,6173,0.49858067855537247,0.21020961419735937,0.6978778551757654,0.38085209784545604,32193,62183
frost,1,M,0,hat,679,0.8423275999042887,0.5910282640756406,0.9440353460972017,0.8159057437407953,4164,19518
frost,1,M,1,person,3776,0.7928286447682127,0.44468946294111256,0.8720868644067796,0.6533368644067796,14673,79703
frost,1,L,0,hat,622,0.9526093789377758,0.8097195293349946,0.9678456591639871,0.8665594855305466,1068,22614
frost,1,L,1,person,350,0.834394784834972,0.5551734135263082,0.8628571428571429,0.6542857142857142,675,93701
frost,1,ALL,all,all_macro,24436,0.6114027196524043,0.374560070580653,0.7750644864720275,0.5446191434013525,118058,0
frost,1,ES,all,all_macro,12472,0.22800492216249155,0.07592943763321874,0.5453833477521737,0.21012903425939436,57448,60610
frost,1,S,all,all_macro,6537,0.5434217355841506,0.2709978695084027,0.806356510005465,0.5200963785930577,39023,79035
frost,1,M,all,all_macro,4455,0.8175781223362507,0.5178588635083765,0.9080611052519907,0.7346213040737875,18837,99221
frost,1,L,all,all_macro,972,0.8935020818863739,0.6824464714306514,0.915351401010565,0.7604225999081304,1743,116315
frost,2,ALL,0,hat,1878,0.6052027631511341,0.43168437131167786,0.8317358892438764,0.5926517571884984,46161,0
frost,2,ALL,1,person,22558,0.28522600060002923,0.1255973536301312,0.3347814522564057,0.14748647929781009,42662,0
frost,2,ES,0,hat,213,0.10255565549515197,0.04895357134760848,0.4460093896713615,0.14084507042253522,32620,13541
frost,2,ES,1,person,12259,0.19127333058945173,0.06076224735824602,0.22726160371971613,0.07284444081899014,16367,26295
frost,2,S,0,hat,364,0.4773032546283337,0.273311290123225,0.8571428571428571,0.5274725274725275,8863,37298
frost,2,S,1,person,6173,0.28523920652290485,0.12368729892145698,0.37242831686376154,0.16572169123602787,16066,26596
frost,2,M,0,hat,679,0.7300517661169788,0.49607995577664266,0.8571428571428571,0.6627393225331369,3600,42561
frost,2,M,1,person,3776,0.5396777909893291,0.2902854743223703,0.5979872881355932,0.3448093220338983,9352,33310
frost,2,L,0,hat,622,0.9067335806746898,0.7309115469393086,0.9212218649517685,0.7090032154340836,1009,45152
frost,2,L,1,person,350,0.6372570601317409,0.41280838392516506,0.6,0.3171428571428571,421,42241
frost,2,ALL,all,all_macro,24436,0.44521438187558166,0.2786408624709045,0.583258670750141,0.37006911824315425,88823,0
frost,2,ES,all,all_macro,12472,0.14691449304230186,0.05485790935292725,0.3366354966955388,0.10684475562076268,48987,39836
frost,2,S,all,all_macro,6537,0.3812712305756193,0.198499294522341,0.6147855870033093,0.3465971093542777,24929,63894
frost,2,M,all,all_macro,4455,0.6348647785531539,0.39318271504950647,0.7275650726392251,0.5037743222835176,12952,75871
frost,2,L,all,all_macro,972,0.7719953204032153,0.5718599654322368,0.7606109324758843,0.5130730362884703,1430,87393
frost,3,ALL,0,hat,1878,0.49321800193128496,0.3515197122778627,0.7507987220447284,0.47710330138445156,50490,0
frost,3,ALL,1,person,22558,0.21359215770015838,0.09612944076358196,0.196958950261548,0.07469633832786594,22080,0
frost,3,ES,0,hat,213,0.0777017809121163,0.03716593077499575,0.4131455399061033,0.11737089201877934,38099,12391
frost,3,ES,1,person,12259,0.14336408866045564,0.04730714670321114,0.11248878375071376,0.03303695244310303,7753,14327
frost,3,S,0,hat,364,0.4068876659725883,0.24656602527004678,0.7692307692307693,0.42032967032967034,8061,42429
frost,3,S,1,person,6173,0.2099059122523813,0.09322982460483818,0.21918030131216587,0.0868297424266969,8103,13977
frost,3,M,0,hat,679,0.659908875170217,0.44319538035244543,0.7908689248895434,0.5640648011782032,3343,47147
frost,3,M,1,person,3776,0.4053427833963509,0.21438822531704652,0.4141949152542373,0.18352754237288135,5652,16428
frost,3,L,0,hat,622,0.8091565723971077,0.6362809917019827,0.8118971061093248,0.5385852090032154,927,49563
frost,3,L,1,person,350,0.5067898387727057,0.32821869552356037,0.42,0.1457142857142857,298,21782
frost,3,ALL,all,all_macro,24436,0.35340507981572167,0.22382457652072235,0.4738788361531382,0.27589981985615875,72570,0
frost,3,ES,all,all_macro,12472,0.11053293478628597,0.04223653873910345,0.26281716182840853,0.07520392223094119,45852,26718
frost,3,S,all,all_macro,6537,0.3083967891124848,0.1698979249374425,0.4942055352714676,0.2535797063781836,16164,56406
frost,3,M,all,all_macro,4455,0.532625829283284,0.32879180283474596,0.6025319200718904,0.3737961717755423,8995,63575
frost,3,L,all,all_macro,972,0.6579732055849067,0.48224984361277157,0.6159485530546623,0.34214974735875053,1225,71345
frost,4,ALL,0,hat,1878,0.4780044131629828,0.33643851790553125,0.7396166134185304,0.45527156549520764,48729,0
frost,4,ALL,1,person,22558,0.20103531161027208,0.09075943786227406,0.17638975086443834,0.061574607677985636,19386,0
frost,4,ES,0,hat,213,0.018581815916548915,0.0072760668815312415,0.4131455399061033,0.09389671361502347,36771,11958
frost,4,ES,1,person,12259,0.1346686475547747,0.04366614964818793,0.09225874867444327,0.025287543845338118,6263,13123
frost,4,S,0,hat,364,0.3963224481357295,0.22938941063665136,0.7472527472527473,0.4010989010989011,7880,40849
frost,4,S,1,person,6173,0.19998925511819796,0.08704076630505722,0.20897456666126682,0.0725741130730601,7562,11824
frost,4,M,0,hat,679,0.6381036561242259,0.43812950789031435,0.7746686303387335,0.5331369661266568,3124,45605
frost,4,M,1,person,3776,0.3766397356486189,0.19823167103184747,0.3789724576271186,0.15254237288135594,5064,14322
frost,4,L,0,hat,622,0.8130887620837903,0.626727153501681,0.8086816720257235,0.5257234726688103,910,47819
frost,4,L,1,person,350,0.45820635748729927,0.2804644350546661,0.3628571428571429,0.15714285714285714,259,19127
frost,4,ALL,all,all_macro,24436,0.33951986238662746,0.21359897788390264,0.45800318214148433,0.25842308658659663,68115,0
frost,4,ES,all,all_macro,12472,0.07662523173566181,0.025471108264859585,0.25270214429027327,0.05959212873018079,43034,25081
frost,4,S,all,all_macro,6537,0.29815585162696373,0.1582150884708543,0.478113656957007,0.2368365070859806,15442,52673
frost,4,M,all,all_macro,4455,0.5073716958864224,0.3181805894610809,0.576820543982926,0.3428396695040064,8188,59927
frost,4,L,all,all_macro,972,0.6356475597855448,0.45359579427817354,0.5857694074414332,0.3414331649058337,1169,66946
frost,5,ALL,0,hat,1878,0.3963617722975599,0.2731039403263378,0.6586794462193823,0.3753993610223642,48000,0
frost,5,ALL,1,person,22558,0.17357205241997464,0.07795443353249086,0.11969146200904336,0.031563081833495876,12017,0
frost,5,ES,0,hat,213,0.04091447229664318,0.020258514726140864,0.30985915492957744,0.0892018779342723,37299,10701
frost,5,ES,1,person,12259,0.1187812770735833,0.03879465196831248,0.058732359898849826,0.014846235418875928,3959,8058
frost,5,S,0,hat,364,0.34522319903691334,0.1984581244204201,0.6895604395604396,0.3598901098901099,7109,40891
frost,5,S,1,person,6173,0.17222549842300267,0.0766694397425004,0.14547221772233923,0.03790701441762514,4592,7425
frost,5,M,0,hat,679,0.5648155563042145,0.3627670121032206,0.6966126656848306,0.4270986745213549,2766,45234
frost,5,M,1,person,3776,0.30500203706471496,0.15814174078448376,0.2613877118644068,0.0704449152542373,3173,8844
frost,5,L,0,hat,622,0.7454258292825552,0.5694252921265723,0.7186495176848875,0.42604501607717044,780,47220
frost,5,L,1,person,350,0.38931314313071036,0.22847743754354877,0.2714285714285714,0.08571428571428572,196,11821
frost,5,ALL,all,all_macro,24436,0.28496691235876725,0.17552918692941433,0.38918545411421285,0.20348122142793004,60017,0
frost,5,ES,all,all_macro,12472,0.07984787468511324,0.029526583347226673,0.18429575741421364,0.052024056676574115,41258,18759
frost,5,S,all,all_macro,6537,0.258724348729958,0.13756378208146025,0.4175163286413894,0.1988985621538675,11701,48316
frost,5,M,all,all_macro,4455,0.43490879668446475,0.26045437644385216,0.4790001887746187,0.2487717948877961,5939,54078
frost,5,L,all,all_macro,972,0.5673694862066327,0.39895136483506055,0.4950390445567294,0.25587965089572806,976,59041
fog,1,ALL,0,hat,1878,0.8118552433338161,0.6172568437092706,0.9009584664536742,0.7497337593184239,10143,0
fog,1,ALL,1,person,22558,0.589625191629315,0.26694751686043583,0.771566628247185,0.448399680822768,106039,0
fog,1,ES,0,hat,213,0.1523055245847709,0.058124506558691946,0.5164319248826291,0.16901408450704225,3321,6822
fog,1,ES,1,person,12259,0.4269242675440364,0.14131149333404996,0.6734643935068113,0.2818337547923974,46553,59486
fog,1,S,0,hat,364,0.6618056372762056,0.39914625849679447,0.9230769230769231,0.6730769230769231,3570,6573
fog,1,S,1,person,6173,0.652217665082116,0.2894153674897902,0.8490199254819375,0.5386359954641179,39956,66083
fog,1,M,0,hat,679,0.8935696702395886,0.662883588868232,0.946980854197349,0.8365243004418262,2323,7820
fog,1,M,1,person,3776,0.8944591596185614,0.5279901619163327,0.9486228813559322,0.8117055084745762,17664,88375
fog,1,L,0,hat,622,0.9667973337923789,0.8570556022973402,0.9694533762057878,0.8987138263665595,864,9279
fog,1,L,1,person,350,0.911695646473902,0.6306228255986446,0.9342857142857143,0.7714285714285715,682,105357
fog,1,ALL,all,all_macro,24436,0.7007402174815656,0.4421021802848532,0.8362625473504296,0.5990667200705959,116182,0
fog,1,ES,all,all_macro,12472,0.28961489606440366,0.09971799994637096,0.5949481591947202,0.22542391964971983,49874,66308
fog,1,S,all,all_macro,6537,0.6570116511791608,0.34428081299329233,0.8860484242794303,0.6058564592705205,43526,72656
fog,1,M,all,all_macro,4455,0.894014414929075,0.5954368753922823,0.9478018677766407,0.8241149044582012,19987,96195
fog,1,L,all,all_macro,972,0.9392464901331404,0.7438392139479924,0.9518695452457511,0.8350711988975654,1546,114636
fog,2,ALL,0,hat,1878,0.7900903991639453,0.6006965742572503,0.8972310969116081,0.724174653887114,10238,0
fog,2,ALL,1,person,22558,0.5568311950107567,0.25300432380882665,0.7430623282205869,0.3913910807695718,103330,0
fog,2,ES,0,hat,213,0.13698732442389916,0.04984194659853362,0.49765258215962443,0.13145539906103287,3408,6830
fog,2,ES,1,person,12259,0.4003790467009077,0.13325174196152578,0.6358593686271311,0.21461783179704708,41870,61460
fog,2,S,0,hat,364,0.6244002915308279,0.37571649842156696,0.9230769230769231,0.6291208791208791,3670,6568
fog,2,S,1,person,6173,0.6157394909101828,0.27184806698442116,0.8295804309087964,0.48064150332091365,40400,62930
fog,2,M,0,hat,679,0.8752431047630151,0.649194733676909,0.9410898379970545,0.812960235640648,2236,8002
fog,2,M,1,person,3776,0.8744904122613093,0.5114890402859119,0.934322033898305,0.7878707627118644,19145,84185
fog,2,L,0,hat,622,0.9653790991404637,0.8527439749466612,0.9710610932475884,0.8858520900321544,848,9390
fog,2,L,1,person,350,0.8904099308401732,0.6133401051988904,0.9085714285714286,0.7314285714285714,687,102643
fog,2,ALL,all,all_macro,24436,0.673460797087351,0.4268504490330385,0.8201467125660975,0.5577828673283429,113568,0
fog,2,ES,all,all_macro,12472,0.26868318556240345,0.0915468442800297,0.5667559753933777,0.17303661542903997,45278,68290
fog,2,S,all,all_macro,6537,0.6200698912205054,0.32378228270299403,0.8763286769928598,0.5548811912208964,44070,69498
fog,2,M,all,all_macro,4455,0.8748667585121622,0.5803418869814105,0.9377059359476798,0.8004154991762562,21381,92187
fog,2,L,all,all_macro,972,0.9278945149903184,0.7330420400727757,0.9398162609095084,0.8086403307303629,1535,112033
fog,3,ALL,0,hat,1878,0.7704061510333384,0.5856898357369318,0.8903088391906283,0.7034078807241747,10666,0
fog,3,ALL,1,person,22558,0.5225542899897145,0.23928480404779445,0.7046280698643497,0.3492774182108343,97661,0
fog,3,ES,0,hat,213,0.100305196431352,0.03673183940068707,0.4788732394366197,0.09859154929577464,3674,6992
fog,3,ES,1,person,12259,0.3626316184340043,0.12178728597221603,0.5789216086140795,0.1681213802104576,36401,61260
fog,3,S,0,hat,364,0.595432433022469,0.36234340032382384,0.9065934065934066,0.6098901098901099,3774,6892
fog,3,S,1,person,6173,0.5843732497747223,0.25947409068314287,0.8070630163615746,0.4424104973270695,39503,58158
fog,3,M,0,hat,679,0.8614115801497819,0.6364151511459138,0.9410898379970545,0.8026509572901326,2273,8393
fog,3,M,1,person,3776,0.8600698615725739,0.4980115789086099,0.9271716101694916,0.753707627118644,19921,77740
fog,3,L,0,hat,622,0.9600194483359148,0.8439090742902511,0.9662379421221865,0.8569131832797428,877,9789
fog,3,L,1,person,350,0.8764729407534416,0.5996807564110915,0.9,0.6885714285714286,672,96989
fog,3,ALL,all,all_macro,24436,0.6464802205115265,0.4124873198923631,0.797468454527489,0.5263426494675045,108327,0
fog,3,ES,all,all_macro,12472,0.23146840743267816,0.07925956268645154,0.5288974240253496,0.13335646475311613,40075,68252
fog,3,S,all,all_macro,6537,0.5899028413985956,0.31090874550348335,0.8568282114774906,0.5261503036085897,43277,65050
fog,3,M,all,all_macro,4455,0.8607407208611779,0.5672133650272619,0.934130724083273,0.7781792922043883,22194,86133
fog,3,L,all,all_macro,972,0.9182461945446783,0.7217949153506713,0.9331189710610932,0.7727423059255857,1549,106778
fog,4,ALL,0,hat,1878,0.769296679341347,0.5833636486159762,0.8855165069222577,0.7012779552715654,10493,0
fog,4,ALL,1,person,22558,0.5292050729312173,0.2404986075813711,0.7133167834027839,0.36089192304282297,100780,0
fog,4,ES,0,hat,213,0.10876434594287131,0.03905656957615743,0.45539906103286387,0.09859154929577464,3438,7055
fog,4,ES,1,person,12259,0.37274656493323277,0.12393131709056807,0.59539929847459,0.18410963373847786,38448,62332
fog,4,S,0,hat,364,0.5755971330242353,0.3522331848219461,0.9010989010989011,0.5906593406593407,3826,6667
fog,4,S,1,person,6173,0.5935284204521754,0.26196520411964963,0.806577028997246,0.45051028673254495,40105,60675
fog,4,M,0,hat,679,0.8633551467156704,0.6319355237747113,0.9396170839469808,0.8041237113402062,2280,8213
fog,4,M,1,person,3776,0.8546729810213066,0.4937643671890533,0.9261122881355932,0.7560911016949152,20335,80445
fog,4,L,0,hat,622,0.9578567720426393,0.8417704335021,0.9646302250803859,0.860128617363344,884,9609
fog,4,L,1,person,350,0.8767293911497426,0.599468589113884,0.9028571428571428,0.7114285714285714,720,100060
fog,4,ALL,all,all_macro,24436,0.6492508761362822,0.41193112809867366,0.7994166451625209,0.5310849391571942,111273,0
fog,4,ES,all,all_macro,12472,0.24075545543805205,0.08149394333336274,0.525399179753727,0.14135059151712626,41886,69387
fog,4,S,all,all_macro,6537,0.5845627767382053,0.30709919447079786,0.8538379650480736,0.5205848136959428,43931,67342
fog,4,M,all,all_macro,4455,0.8590140638684884,0.5628499454818823,0.932864686041287,0.7801074065175607,22615,88658
fog,4,L,all,all_macro,972,0.9172930815961909,0.7206195113079921,0.9337436839687643,0.7857785943959577,1604,109669
fog,5,ALL,0,hat,1878,0.7548857970489828,0.5684438965958678,0.8780617678381256,0.6847710330138446,11176,0
fog,5,ALL,1,person,22558,0.4817754434739662,0.22067706468995904,0.6587906729319976,0.30782870821881375,94676,0
fog,5,ES,0,hat,213,0.14446690719088764,0.0537525360176721,0.431924882629108,0.14084507042253522,3552,7624
fog,5,ES,1,person,12259,0.3292894459575464,0.11109980991089843,0.5136634309486907,0.11991190146015172,31066,63610
fog,5,S,0,hat,364,0.5663972340194005,0.344815901779731,0.8873626373626373,0.5824175824175825,4130,7046
fog,5,S,1,person,6173,0.5469364622557645,0.23838287420475518,0.7715859387655921,0.40093957557103516,39326,55350
fog,5,M,0,hat,679,0.840344620407138,0.6137811186013166,0.9293078055964654,0.7673048600883653,2476,8700
fog,5,M,1,person,3776,0.8348277835797406,0.47455802245927436,0.9242584745762712,0.732521186440678,22420,72256
fog,5,L,0,hat,622,0.9575835130454018,0.8307029792606777,0.9694533762057878,0.8408360128617364,939,10237
fog,5,L,1,person,350,0.8541118073476432,0.5746421172917547,0.8885714285714286,0.6714285714285714,776,93900
fog,5,ALL,all,all_macro,24436,0.6183306202614746,0.39456048064291344,0.7684262203850616,0.4962998706163292,105852,0
fog,5,ES,all,all_macro,12472,0.236878176574217,0.08242617296428527,0.47279415678889936,0.13037848594134346,34618,71234
fog,5,S,all,all_macro,6537,0.5566668481375825,0.29159938799224305,0.8294742880641147,0.4916785789943088,43456,62396
fog,5,M,all,all_macro,4455,0.8375862019934392,0.5441695705302955,0.9267831400863683,0.7499130232645217,24896,80956
fog,5,L,all,all_macro,972,0.9058476601965225,0.7026725482762162,0.9290124023886082,0.7561322921451539,1715,104137
brightness,1,ALL,0,hat,1878,0.8389658044514696,0.6304069502936012,0.9137380191693291,0.7859424920127795,12315,0
brightness,1,ALL,1,person,22558,0.622930006592304,0.27794905993464736,0.787348169163933,0.5865768241865413,117764,0
brightness,1,ES,0,hat,213,0.20150535926105645,0.07223939350364261,0.5117370892018779,0.15492957746478872,3771,8544
brightness,1,ES,1,person,12259,0.4498195544326485,0.14263320935078708,0.6920629741414471,0.4702667428012073,62683,55081
brightness,1,S,0,hat,364,0.7181590597560777,0.4106397246366906,0.945054945054945,0.7087912087912088,4203,8112
brightness,1,S,1,person,6173,0.7064404744776154,0.3105178741530611,0.8610076138020412,0.6395593714563421,38633,79131
brightness,1,M,0,hat,679,0.909404784103557,0.6680734493067134,0.9602356406480118,0.8792341678939617,3265,9050
brightness,1,M,1,person,3776,0.9200101091925933,0.5532004215409889,0.9621292372881356,0.8540783898305084,14606,103158
brightness,1,L,0,hat,622,0.9749747378907349,0.8609108948829606,0.9823151125401929,0.9453376205787781,996,11319
brightness,1,L,1,person,350,0.9284880644481486,0.6564884220266317,0.94,0.84,693,117071
brightness,1,ALL,all,all_macro,24436,0.7309479055218868,0.45417800511412426,0.850543094166631,0.6862596580996605,130079,0
brightness,1,ES,all,all_macro,12472,0.32566245684685247,0.10743630142721484,0.6019000316716625,0.312598160132998,66454,63625
brightness,1,S,all,all_macro,6537,0.7122997671168465,0.3605787993948758,0.9030312794284931,0.6741752901237754,42836,87243
brightness,1,M,all,all_macro,4455,0.9147074466480751,0.6106369354238512,0.9611824389680736,0.8666562788622351,17871,112208
brightness,1,L,all,all_macro,972,0.9517314011694418,0.7586996584547961,0.9611575562700965,0.892668810289389,1689,128390
brightness,2,ALL,0,hat,1878,0.8070762697471817,0.606373631536166,0.9041533546325878,0.7614483493077743,13806,0
brightness,2,ALL,1,person,22558,0.5740897978724132,0.24981210722194563,0.7537902296302864,0.5187073322103023,112681,0
brightness,2,ES,0,hat,213,0.16356548069747845,0.060909290443916506,0.5070422535211268,0.1596244131455399,4427,9379
brightness,2,ES,1,person,12259,0.4092775054039539,0.12514767475687769,0.6594338853087528,0.41332898278815566,59309,53372
brightness,2,S,0,hat,364,0.6635485309841931,0.37420473451970515,0.9258241758241759,0.6785714285714286,4738,9068
brightness,2,S,1,person,6173,0.6552388395744844,0.28307875153491363,0.8290944435444678,0.5567795237323829,37281,75400
brightness,2,M,0,hat,679,0.8759328337226537,0.6441267840093083,0.9513991163475699,0.8497790868924889,3580,10226
brightness,2,M,1,person,3776,0.8733109185371027,0.5138956734566008,0.9229343220338984,0.7788665254237288,14279,98402
brightness,2,L,0,hat,622,0.9696877788720516,0.8511866549479178,0.9758842443729904,0.9196141479099679,992,12814
brightness,2,L,1,person,350,0.8948697491518598,0.621140651987518,0.9057142857142857,0.7342857142857143,650,112031
brightness,2,ALL,all,all_macro,24436,0.6905830338097975,0.4280928693790558,0.8289717921314371,0.6400778407590383,126487,0
brightness,2,ES,all,all_macro,12472,0.2864214930507162,0.09302848260039709,0.5832380694149397,0.28647669796684777,63736,62751
brightness,2,S,all,all_macro,6537,0.6593936852793387,0.3286417430273094,0.8774593096843218,0.6176754761519058,42019,84468
brightness,2,M,all,all_macro,4455,0.8746218761298783,0.5790112287329545,0.9371667191907341,0.8143228061581089,17859,108628
brightness,2,L,all,all_macro,972,0.9322787640119556,0.7361636534677178,0.9407992650436381,0.8269499310978411,1642,124845
brightness,3,ALL,0,hat,1878,0.7515995725031746,0.5674956594327163,0.8865814696485623,0.7273695420660277,17651,0
brightness,3,ALL,1,person,22558,0.5129416944552897,0.21889871538716474,0.703697136270946,0.4384697224931288,104345,0
brightness,3,ES,0,hat,213,0.10201507606387354,0.03836621548166621,0.48826291079812206,0.15492957746478872,7183,10468
brightness,3,ES,1,person,12259,0.36242120441335063,0.10825049770960257,0.6184843788237213,0.3452973325719879,55214,49131
brightness,3,S,0,hat,364,0.5819623013346436,0.3310240956627418,0.8873626373626373,0.6236263736263736,5542,12109
brightness,3,S,1,person,6173,0.5806251128336091,0.24786489941407833,0.7612182083265835,0.46606188239105784,34185,70160
brightness,3,M,0,hat,679,0.8304243941653566,0.6051754375345599,0.9381443298969072,0.8114874815905744,3863,13788
brightness,3,M,1,person,3776,0.8117165107779637,0.47019754671618114,0.8720868644067796,0.6779661016949152,13316,91029
brightness,3,L,0,hat,622,0.9603168790766696,0.8411627351281569,0.9662379421221865,0.8922829581993569,1002,16649
brightness,3,L,1,person,350,0.8528505962635852,0.5889091196722038,0.8571428571428571,0.6314285714285715,585,103760
brightness,3,ALL,all,all_macro,24436,0.6322706334792321,0.39319718740994053,0.7951393029597542,0.5829196322795782,121996,0
brightness,3,ES,all,all_macro,12472,0.2322181402386121,0.0733083565956344,0.5533736448109217,0.25011345501838833,62397,59599
brightness,3,S,all,all_macro,6537,0.5812937070841263,0.28944449753841006,0.8242904228446104,0.5448441280087157,39727,82269
brightness,3,M,all,all_macro,4455,0.8210704524716601,0.5376864921253706,0.9051155971518434,0.7447267916427448,17179,104817
brightness,3,L,all,all_macro,972,0.9065837376701273,0.7150359274001803,0.9116903996325219,0.7618557648139641,1587,120409
brightness,4,ALL,0,hat,1878,0.6919598049447633,0.523128930110987,0.8700745473908413,0.6847710330138446,22077,0
brightness,4,ALL,1,person,22558,0.44808967039316083,0.1870844607219948,0.6410586044862133,0.3452433726394184,94747,0
brightness,4,ES,0,hat,213,0.05510203809093586,0.01862300863888182,0.4788732394366197,0.10328638497652583,10488,11589
brightness,4,ES,1,person,12259,0.3125516612214953,0.09087149294171878,0.5624439187535688,0.2626641651031895,50859,43888
brightness,4,S,0,hat,364,0.4981078272493656,0.28220715215308156,0.8516483516483516,0.5714285714285714,6344,15733
brightness,4,S,1,person,6173,0.5028271604486797,0.21129238005767123,0.6820022679410336,0.3682164263729143,30286,64461
brightness,4,M,0,hat,679,0.7773116964286376,0.5665393902843185,0.9204712812960235,0.7731958762886598,4154,17923
brightness,4,M,1,person,3776,0.7432469302121247,0.42051465777308283,0.8132944915254238,0.5579978813559322,12127,82620
brightness,4,L,0,hat,622,0.9487421054343447,0.8218680518186471,0.9598070739549839,0.8536977491961415,1022,21055
brightness,4,L,1,person,350,0.8142566629612609,0.5561432772752437,0.8142857142857143,0.5371428571428571,512,94235
brightness,4,ALL,all,all_macro,24436,0.570024737668962,0.3551066954164909,0.7555665759385273,0.5150072028266315,116824,0
brightness,4,ES,all,all_macro,12472,0.1838268496562156,0.0547472507903003,0.5206585790950943,0.18297527503985767,61347,55477
brightness,4,S,all,all_macro,6537,0.5004674938490227,0.2467497661053764,0.7668253097946927,0.46982249890074285,36630,80194
brightness,4,M,all,all_macro,4455,0.7602793133203811,0.4935270240287007,0.8668828864107236,0.665596878822296,16281,100543
brightness,4,L,all,all_macro,972,0.8814993841978027,0.6890056645469453,0.887046394120349,0.6954203031694993,1534,115290
brightness,5,ALL,0,hat,1878,0.6308353562997799,0.47975917306508464,0.8482428115015974,0.6347177848775293,27127,0
brightness,5,ALL,1,person,22558,0.37929644915427785,0.15623528384120483,0.565076691196028,0.2395159145314301,83216,0
brightness,5,ES,0,hat,213,0.03469401523563372,0.010691474297851887,0.4272300469483568,0.0892018779342723,14368,12759
brightness,5,ES,1,person,12259,0.26215358214940865,0.07548262531875059,0.49498327759197325,0.16453218043886125,45474,37742
brightness,5,S,0,hat,364,0.411669822988148,0.2330318327403947,0.8241758241758241,0.47527472527472525,7189,19938
brightness,5,S,1,person,6173,0.4103770613804634,0.17273182214817026,0.5877207192612992,0.2559533452130245,25757,57459
brightness,5,M,0,hat,679,0.7232618387696594,0.5270553052156037,0.9013254786450663,0.7231222385861561,4482,22645
brightness,5,M,1,person,3776,0.6664642882164391,0.3704365131600544,0.7407309322033898,0.4385593220338983,10676,72540
brightness,5,L,0,hat,622,0.9305121958743192,0.7981022054372742,0.9485530546623794,0.8183279742765274,1023,26104
brightness,5,L,1,person,350,0.7481931875431407,0.5115264622932816,0.7257142857142858,0.42857142857142855,453,82763
brightness,5,ALL,all,all_macro,24436,0.5050659027270289,0.3179972284531447,0.7066597513488126,0.43711684970447967,110343,0
brightness,5,ES,all,all_macro,12472,0.14842379869252117,0.04308704980830124,0.46110666227016506,0.12686702918656678,59842,50501
brightness,5,S,all,all_macro,6537,0.41102344218430575,0.2028818274442825,0.7059482717185617,0.36561403524387487,32946,77397
brightness,5,M,all,all_macro,4455,0.6948630634930493,0.4487459091878291,0.821028205424228,0.5808407803100272,15158,95185
brightness,5,L,all,all_macro,972,0.83935269170873,0.6548143338652779,0.8371336701883325,0.6234497014239779,1476,108867
contrast,1,ALL,0,hat,1878,0.8011435914040271,0.6076118868818237,0.8945686900958466,0.7268370607028753,9786,0
contrast,1,ALL,1,person,22558,0.6103230950176399,0.27816946431839973,0.7881904424151077,0.4726482844223779,105860,0
contrast,1,ES,0,hat,213,0.13029344624007982,0.04549102882312054,0.4835680751173709,0.12206572769953052,3213,6573
contrast,1,ES,1,person,12259,0.45086602173171564,0.15140030847091607,0.6934497104168366,0.3112815074639041,45888,59972
contrast,1,S,0,hat,364,0.6721638151607128,0.40179712922267397,0.9093406593406593,0.6263736263736264,3279,6507
contrast,1,S,1,person,6173,0.681511208458544,0.30699240379845477,0.8710513526648307,0.5705491657216912,40147,65713
contrast,1,M,0,hat,679,0.8818862955305778,0.6569170563884218,0.9484536082474226,0.8291605301914581,2375,7411
contrast,1,M,1,person,3776,0.8968027652362554,0.5327638745163134,0.9486228813559322,0.8103813559322034,17924,87936
contrast,1,L,0,hat,622,0.9655512742864247,0.8493336805677993,0.9678456591639871,0.8810289389067524,848,8938
contrast,1,L,1,person,350,0.907025131342597,0.633812913622988,0.9142857142857143,0.7542857142857143,639,105221
contrast,1,ALL,all,all_macro,24436,0.7057333432108335,0.4428906756001117,0.8413795662554772,0.5997426725626266,115646,0
contrast,1,ES,all,all_macro,12472,0.29057973398589776,0.0984456686470183,0.5885088927671037,0.2166736175817173,49101,66545
contrast,1,S,all,all_macro,6537,0.6768375118096284,0.35439476651056434,0.890196006002745,0.5984613960476588,43426,72220
contrast,1,M,all,all_macro,4455,0.8893445303834167,0.5948404654523676,0.9485382448016775,0.8197709430618307,20299,95347
contrast,1,L,all,all_macro,972,0.9362882028145109,0.7415732970953937,0.9410656867248507,0.8176573265962334,1487,114159
contrast,2,ALL,0,hat,1878,0.7594766085693212,0.5761521900896416,0.8700745473908413,0.6869009584664537,9433,0
contrast,2,ALL,1,person,22558,0.5462521340813327,0.249340070891895,0.7292313148328753,0.3616012057806543,99526,0
contrast,2,ES,0,hat,213,0.10158427371016573,0.03228223507596206,0.4084507042253521,0.0892018779342723,2880,6553
contrast,2,ES,1,person,12259,0.3896465966944425,0.13072855924990337,0.6116322701688556,0.17587078880822252,37464,62062
contrast,2,S,0,hat,364,0.5912495241254828,0.356424463432278,0.8736263736263736,0.5741758241758241,3335,6098
contrast,2,S,1,person,6173,0.6217190419871411,0.27763668080068593,0.8337923213996437,0.4764296128300664,40755,58771
contrast,2,M,0,hat,679,0.8500972336628968,0.6304614467441125,0.9322533136966127,0.7982326951399117,2290,7143
contrast,2,M,1,person,3776,0.8583893634535137,0.5005071011599436,0.9253177966101694,0.7507944915254238,19419,80107
contrast,2,L,0,hat,622,0.9537861329715108,0.8319677624578355,0.9581993569131833,0.8360128617363344,876,8557
contrast,2,L,1,person,350,0.8794454734712271,0.5990038152275534,0.8885714285714286,0.6428571428571429,632,98894
contrast,2,ALL,all,all_macro,24436,0.6528643713253269,0.4127461304907683,0.7996529311118583,0.524251082123554,108959,0
contrast,2,ES,all,all_macro,12472,0.2456154352023041,0.08150539716293272,0.5100414871971038,0.1325363333712474,40344,68615
contrast,2,S,all,all_macro,6537,0.606484283056312,0.317030572116482,0.8537093475130086,0.5253027185029453,44090,64869
contrast,2,M,all,all_macro,4455,0.8542432985582052,0.565484273952028,0.928785555153391,0.7745135933326677,21709,87250
contrast,2,L,all,all_macro,972,0.9166158032213689,0.7154857888426944,0.9233853927423059,0.7394350022967386,1508,107451
contrast,3,ALL,0,hat,1878,0.6670314051060837,0.5019827815501806,0.7960596379126731,0.5985090521831736,10143,0
contrast,3,ALL,1,person,22558,0.4256828015904324,0.19576624521792718,0.579129355439312,0.2341076336554659,79669,0
contrast,3,ES,0,hat,213,0.06459135300138277,0.018970436341216354,0.23943661971830985,0.07042253521126761,3054,7089
contrast,3,ES,1,person,12259,0.2927526910449595,0.09973450165108039,0.4025613834733665,0.06215841422628273,20703,58966
contrast,3,S,0,hat,364,0.45488726581723815,0.274886172894476,0.7664835164835165,0.4697802197802198,3848,6295
contrast,3,S,1,person,6173,0.5100441394368522,0.2218251382325651,0.7378908148388142,0.33192936983638427,36539,43130
contrast,3,M,0,hat,679,0.7699337887489203,0.5624715493386402,0.8880706921944035,0.7128129602356407,2338,7805
contrast,3,M,1,person,3776,0.7703202742033868,0.43193910727715046,0.8734110169491526,0.6080508474576272,20877,58792
contrast,3,L,0,hat,622,0.9094463730753831,0.777368373272024,0.9035369774919614,0.729903536977492,859,9284
contrast,3,L,1,person,350,0.7850117263010654,0.5198187861824978,0.7885714285714286,0.49714285714285716,543,79126
contrast,3,ALL,all,all_macro,24436,0.546357103348258,0.3488745133840539,0.6875944966759926,0.4163083429193198,89812,0
contrast,3,ES,all,all_macro,12472,0.17867202202317112,0.05935246899614837,0.32099900159583816,0.06629047471877517,23757,66055
contrast,3,S,all,all_macro,6537,0.4824657026270452,0.24835565556352054,0.7521871656611654,0.400854794808302,40387,49425
contrast,3,M,all,all_macro,4455,0.7701270314761535,0.4972053283078953,0.8807408545717781,0.660431903846634,23215,66597
contrast,3,L,all,all_macro,972,0.8472290496882242,0.6485935797272608,0.846054203031695,0.6135231970601746,1402,88410
contrast,4,ALL,0,hat,1878,0.40063647685757636,0.2836103779988222,0.5729499467518637,0.29818956336528224,7224,0
contrast,4,ALL,1,person,22558,0.21291861556580519,0.10267247942222876,0.2020125897685965,0.0601560422023229,23856,0
contrast,4,ES,0,hat,213,0.018623262459384077,0.0070986985672864935,0.10328638497652583,0.0,1046,6178
contrast,4,ES,1,person,12259,0.19377679336405818,0.07180168138624468,0.05652989640264296,0.005302226935312832,2091,21765
contrast,4,S,0,hat,364,0.20041931361773993,0.11743162946118366,0.5,0.2087912087912088,2970,4254
contrast,4,S,1,person,6173,0.2695378380193577,0.11692622473776293,0.3042280900696582,0.08812570873157298,9937,13919
contrast,4,M,0,hat,679,0.49675039766437884,0.342174524650238,0.6877761413843888,0.40353460972017674,2329,4895
contrast,4,M,1,person,3776,0.4020794041121371,0.21183789386381013,0.4928495762711864,0.18935381355932204,11259,12597
contrast,4,L,0,hat,622,0.6534758188312414,0.5170971946638346,0.6511254019292605,0.33762057877813506,858,6366
contrast,4,L,1,person,350,0.44098784925934653,0.2676216932402192,0.35714285714285715,0.09428571428571429,259,23597
contrast,4,ALL,all,all_macro,24436,0.3067775462116908,0.19314142871052548,0.3874812682602301,0.17917280278380257,31080,0
contrast,4,ES,all,all_macro,12472,0.10620002791172113,0.03945018997676559,0.07990814068958439,0.002651113467656416,3137,27943
contrast,4,S,all,all_macro,6537,0.2349785758185488,0.11717892709947329,0.40211404503482906,0.14845845876139088,12907,18173
contrast,4,M,all,all_macro,4455,0.449414900888258,0.27700620925702407,0.5903128588277876,0.2964442116397494,13588,17492
contrast,4,L,all,all_macro,972,0.547231834045294,0.39235944395202693,0.5041341295360589,0.21595314653192468,1117,29963
contrast,5,ALL,0,hat,1878,0.15683384667939484,0.10351464693819071,0.09158679446219382,0.01597444089456869,719,0
contrast,5,ALL,1,person,22558,0.25102923897083507,0.13959117666711932,0.005674261902650944,0.000354641368915684,259,0
contrast,5,ES,0,hat,213,0.0,0.0,0.0,0.0,37,682
contrast,5,ES,1,person,12259,0.0,0.0,0.0,0.0,2,257
contrast,5,S,0,hat,364,0.09064969824695851,0.04790095785633211,0.03296703296703297,0.0027472527472527475,73,646
contrast,5,S,1,person,6173,0.3092939854925251,0.15968756553504512,0.008099789405475458,0.0003239915762190183,82,177
contrast,5,M,0,hat,679,0.25712039178209417,0.17925502995683235,0.10751104565537556,0.035346097201767304,175,544
contrast,5,M,1,person,3776,0.25152884951512083,0.14516172116945608,0.019597457627118644,0.0015889830508474577,153,106
contrast,5,L,0,hat,622,0.1525049044519403,0.09889142475396344,0.13987138263665594,0.008038585209003215,434,285
contrast,5,L,1,person,350,0.10167103026181573,0.05548163134678215,0.011428571428571429,0.0,20,239
contrast,5,ALL,all,all_macro,24436,0.20393154282511494,0.12155291180265501,0.04863052818242238,0.008164541131742187,978,0
contrast,5,ES,all,all_macro,12472,0.0,0.0,0.0,0.0,39,939
contrast,5,S,all,all_macro,6537,0.19997184186974182,0.10379426169568862,0.020533411186254215,0.0015356221617358829,155,823
contrast,5,M,all,all_macro,4455,0.2543246206486075,0.1622083755631442,0.0635542516412471,0.018467540126307382,328,650
contrast,5,L,all,all_macro,972,0.127087967356878,0.0771865280503728,0.07564997703261368,0.0040192926045016075,454,524
elastic_transform,1,ALL,0,hat,1878,0.8299686835667737,0.6136518216235773,0.9009584664536742,0.7689030883919062,12243,0
elastic_transform,1,ALL,1,person,22558,0.6297324814755724,0.2736847673851252,0.7990070041670361,0.6137512190797056,131398,0
elastic_transform,1,ES,0,hat,213,0.17139157808962358,0.056722502994102406,0.460093896713615,0.14084507042253522,3072,9171
elastic_transform,1,ES,1,person,12259,0.47362987150365937,0.1490701791513782,0.7102536911656742,0.5103189493433395,67637,63761
elastic_transform,1,S,0,hat,364,0.7194981448201473,0.3977497538802944,0.9395604395604396,0.6840659340659341,4298,7945
elastic_transform,1,S,1,person,6173,0.695549671321401,0.2946303433771028,0.8671634537502025,0.655434958691074,43375,88023
elastic_transform,1,M,0,hat,679,0.8967645168180698,0.6423704940771825,0.9455081001472754,0.8630338733431517,3723,8520
elastic_transform,1,M,1,person,3776,0.9105671963179172,0.5324949821074874,0.9613347457627118,0.8604343220338984,18307,113091
elastic_transform,1,L,0,hat,622,0.9728572328142187,0.8518407902594992,0.9807073954983923,0.9308681672025724,1085,11158
elastic_transform,1,L,1,person,350,0.9248827665376594,0.6484565842770257,0.96,0.8457142857142858,842,130556
elastic_transform,1,ALL,all,all_macro,24436,0.729850582521173,0.4436682945043513,0.8499827353103551,0.6913271537358059,143641,0
elastic_transform,1,ES,all,all_macro,12472,0.32251072479664145,0.10289634107274032,0.5851737939396446,0.3255820098829374,70709,72932
elastic_transform,1,S,all,all_macro,6537,0.7075239080707741,0.3461900486286986,0.9033619466553211,0.669750446378504,47673,95968
elastic_transform,1,M,all,all_macro,4455,0.9036658565679935,0.587432738092335,0.9534214229549935,0.861734097688525,22030,121611
elastic_transform,1,L,all,all_macro,972,0.9488699996759391,0.7501486872682624,0.9703536977491961,0.8882912264584291,1927,141714
elastic_transform,2,ALL,0,hat,1878,0.7863229270847057,0.5797893386385249,0.8588924387646433,0.7321618743343983,12463,0
elastic_transform,2,ALL,1,person,22558,0.6052554572314957,0.25683822972079834,0.7860625942016136,0.5906995301001862,134853,0
elastic_transform,2,ES,0,hat,213,0.1602075485224558,0.05984291865958091,0.3755868544600939,0.13615023474178403,2764,9699
elastic_transform,2,ES,1,person,12259,0.452007899951916,0.13784720676384887,0.6950811648584714,0.4908230687658047,66537,68316
elastic_transform,2,S,0,hat,364,0.6699316371711802,0.37214768290068945,0.8708791208791209,0.6538461538461539,4432,8031
elastic_transform,2,S,1,person,6173,0.6641535658905439,0.27362979183941477,0.8550137696419893,0.6248177547383768,45701,89152
elastic_transform,2,M,0,hat,679,0.8434011428892303,0.5947218122810831,0.9057437407952872,0.801178203240059,4082,8381
elastic_transform,2,M,1,person,3776,0.887478873071397,0.5084779296632398,0.9536546610169492,0.8365995762711864,20511,114342
elastic_transform,2,L,0,hat,622,0.9580430854164764,0.8329207891924879,0.9662379421221865,0.9067524115755627,1126,11337
elastic_transform,2,L,1,person,350,0.9085723901815066,0.6336882967897616,0.9485714285714286,0.8371428571428572,920,133933
elastic_transform,2,ALL,all,all_macro,24436,0.6957891921581008,0.4183137841796616,0.8224775164831284,0.6614307022172923,147316,0
elastic_transform,2,ES,all,all_macro,12472,0.3061077242371859,0.09884506271171489,0.5353340096592827,0.31348665175379437,69301,78015
elastic_transform,2,S,all,all_macro,6537,0.667042601530862,0.3228887373700521,0.8629464452605551,0.6393319542922653,50133,97183
elastic_transform,2,M,all,all_macro,4455,0.8654400079803136,0.5515998709721615,0.9296992009061182,0.8188888897556227,24593,122723
elastic_transform,2,L,all,all_macro,972,0.9333077377989916,0.7333045429911247,0.9574046853468076,0.87194763435921,2046,145270
elastic_transform,3,ALL,0,hat,1878,0.7409028655892791,0.5406277311690403,0.8296059637912673,0.6767838125665602,12865,0
elastic_transform,3,ALL,1,person,22558,0.5620449262809644,0.23206609512031745,0.7643408103555279,0.552752903626208,140897,0
elastic_transform,3,ES,0,hat,213,0.10177240750868283,0.027974480223587627,0.3004694835680751,0.07981220657276995,2190,10675
elastic_transform,3,ES,1,person,12259,0.4166750211373452,0.12362707259610133,0.668651602903989,0.4612121706501346,65021,75876
elastic_transform,3,S,0,hat,364,0.5800774632105496,0.29893622027117894,0.8131868131868132,0.5494505494505495,4473,8392
elastic_transform,3,S,1,person,6173,0.6081642506172417,0.24315624874109446,0.8337923213996437,0.5739510772719909,48202,92695
elastic_transform,3,M,0,hat,679,0.7986420653637238,0.5541364352262956,0.8865979381443299,0.7540500736377025,4937,7928
elastic_transform,3,M,1,person,3776,0.8543784442463737,0.4736232386143392,0.9467690677966102,0.7923728813559322,25422,115475
elastic_transform,3,L,0,hat,622,0.9469390555950884,0.8148463975285068,0.9581993569131833,0.8713826366559485,1215,11650
elastic_transform,3,L,1,person,350,0.8845304917727691,0.606423564196253,0.9228571428571428,0.8028571428571428,977,139920
elastic_transform,3,ALL,all,all_macro,24436,0.6514738959351217,0.38634691314467884,0.7969733870733976,0.6147683580963841,153762,0
elastic_transform,3,ES,all,all_macro,12472,0.25922371432301405,0.07580077640984448,0.48456054323603204,0.27051218861145226,67211,86551
elastic_transform,3,S,all,all_macro,6537,0.5941208569138956,0.2710462345061367,0.8234895672932284,0.5617008133612702,52675,101087
elastic_transform,3,M,all,all_macro,4455,0.8265102548050487,0.5138798369203175,0.9166835029704701,0.7732114774968173,30359,123403
elastic_transform,3,L,all,all_macro,972,0.9157347736839287,0.71063498086238,0.940528249885163,0.8371198897565457,2192,151570
elastic_transform,4,ALL,0,hat,1878,0.6967284853499183,0.5011697532928858,0.7933972310969116,0.6219382321618744,13633,0
elastic_transform,4,ALL,1,person,22558,0.5226331543760682,0.20898504422361164,0.7436386204450749,0.5141856547566274,146478,0
elastic_transform,4,ES,0,hat,213,0.09008466378396579,0.02790157976598806,0.23943661971830985,0.06103286384976526,2083,11550
elastic_transform,4,ES,1,person,12259,0.3875915390829159,0.11201016686610758,0.649155722326454,0.4316828452565462,64030,82448
elastic_transform,4,S,0,hat,364,0.5127741636209825,0.2440696509775492,0.739010989010989,0.4642857142857143,4571,9062
elastic_transform,4,S,1,person,6173,0.5621188316228669,0.21763693098813203,0.8124088773691884,0.5331281386683946,50399,96079
elastic_transform,4,M,0,hat,679,0.740853850450964,0.505695271728632,0.8541973490427098,0.6818851251840943,5697,7936
elastic_transform,4,M,1,person,3776,0.8034854317899363,0.43110956635469433,0.9247881355932204,0.7330508474576272,29803,116675
elastic_transform,4,L,0,hat,622,0.9353911924156011,0.7945218283981257,0.9485530546623794,0.8408360128617364,1239,12394
elastic_transform,4,L,1,person,350,0.8404705992164208,0.5591466956369956,0.8885714285714286,0.7142857142857143,1008,145470
elastic_transform,4,ALL,all,all_macro,24436,0.6096808198629933,0.35507739875824873,0.7685179257709933,0.5680619434592509,160111,0
elastic_transform,4,ES,all,all_macro,12472,0.23883810143344084,0.06995587331604783,0.44429617102238195,0.24635785455315573,66113,93998
elastic_transform,4,S,all,all_macro,6537,0.5374464976219246,0.23085329098284063,0.7757099331900887,0.49870692647705445,54970,105141
elastic_transform,4,M,all,all_macro,4455,0.7721696411204502,0.4684024190416632,0.889492742317965,0.7074679863208607,35500,124611
elastic_transform,4,L,all,all_macro,972,0.8879308958160109,0.6768342620175607,0.9185622416169039,0.7775608635737253,2247,157864
elastic_transform,5,ALL,0,hat,1878,0.6260248714327089,0.44517080063561815,0.7422790202342918,0.553248136315229,15036,0
elastic_transform,5,ALL,1,person,22558,0.47365952795818067,0.1853090928049617,0.7175281496586576,0.4648018441351184,149511,0
elastic_transform,5,ES,0,hat,213,0.044757813397271154,0.013792795712129352,0.17370892018779344,0.03286384976525822,2005,13031
elastic_transform,5,ES,1,person,12259,0.3512823335307411,0.10048327920139807,0.6253364874785872,0.39334366587813036,60517,88994
elastic_transform,5,S,0,hat,364,0.4309544721693893,0.20892612005029543,0.6730769230769231,0.3791208791208791,5166,9870
elastic_transform,5,S,1,person,6173,0.5016246376104874,0.1895376629580996,0.7814676818402722,0.47756358334683296,52095,97416
elastic_transform,5,M,0,hat,679,0.6567096614954674,0.42851102428398535,0.8026509572901326,0.5905743740795287,6522,8514
elastic_transform,5,M,1,person,3776,0.737497636201133,0.3862997241558063,0.9001588983050848,0.659427966101695,34594,114917
elastic_transform,5,L,0,hat,622,0.896855885964683,0.7509385423053208,0.9115755627009646,0.792604501607717,1314,13722
elastic_transform,5,L,1,person,350,0.7863544961485639,0.5159273204841534,0.8514285714285714,0.6457142857142857,1070,148441
elastic_transform,5,ALL,all,all_macro,24436,0.5498421996954448,0.31523994672028993,0.7299035849464748,0.5090249902251737,164547,0
elastic_transform,5,ES,all,all_macro,12472,0.19802007346400613,0.05713803745676371,0.39952270383319033,0.21310375782169427,62522,102025
elastic_transform,5,S,all,all_macro,6537,0.46628955488993834,0.1992318915041975,0.7272723024585976,0.42834223123385606,57261,107286
elastic_transform,5,M,all,all_macro,4455,0.6971036488483002,0.40740537421989587,0.8514049277976087,0.6250011700906118,41116,123431
elastic_transform,5,L,all,all_macro,972,0.8416051910566235,0.6334329313947371,0.881502067064768,0.7191593936610013,2384,162163
pixelate,1,ALL,0,hat,1878,0.813007385740141,0.6111343772053275,0.8908413205537806,0.7598509052183173,13049,0
pixelate,1,ALL,1,person,22558,0.6115790016624804,0.26874159358355404,0.7824718503413424,0.5863995035020835,123407,0
pixelate,1,ES,0,hat,213,0.19420197770686065,0.06877382076891067,0.4788732394366197,0.17370892018779344,4209,8840
pixelate,1,ES,1,person,12259,0.47921728194981383,0.15648974494780205,0.7079696549473856,0.5074639040704788,67481,55926
pixelate,1,S,0,hat,364,0.7074120007379263,0.41481162318046066,0.9093406593406593,0.6675824175824175,4685,8364
pixelate,1,S,1,person,6173,0.6516112273147413,0.2803238374202596,0.8297424266969059,0.5980884497003078,39893,83514
pixelate,1,M,0,hat,679,0.8756004190589323,0.6396078472366716,0.9322533136966127,0.8394698085419735,3118,9931
pixelate,1,M,1,person,3776,0.8848678349533523,0.5218505793260272,0.933792372881356,0.805614406779661,14180,109227
pixelate,1,L,0,hat,622,0.9690307931618889,0.851928110948999,0.9758842443729904,0.927652733118971,963,12086
pixelate,1,L,1,person,350,0.9000613314065137,0.6276302527341582,0.9257142857142857,0.7828571428571428,678,122729
pixelate,1,ALL,all,all_macro,24436,0.7122931937013106,0.43993798539444073,0.8366565854475615,0.6731252043602004,136456,0
pixelate,1,ES,all,all_macro,12472,0.33670962982833724,0.11263178285835636,0.5934214471920026,0.3405864121291361,71690,64766
pixelate,1,S,all,all_macro,6537,0.6795116140263338,0.34756773030036014,0.8695415430187826,0.6328354336413626,44578,91878
pixelate,1,M,all,all_macro,4455,0.8802341270061422,0.5807292132813494,0.9330228432889843,0.8225421076608173,17298,119158
pixelate,1,L,all,all_macro,972,0.9345460622842012,0.7397791818415786,0.9507992650436381,0.855254937988057,1641,134815
pixelate,2,ALL,0,hat,1878,0.7956570353774076,0.5939647709824385,0.8828541001064962,0.7348242811501597,13343,0
pixelate,2,ALL,1,person,22558,0.6050420683744427,0.26403818275374563,0.77608830570086,0.5773561485947336,121550,0
pixelate,2,ES,0,hat,213,0.20413159069433914,0.0778130940825426,0.5164319248826291,0.16901408450704225,4432,8911
pixelate,2,ES,1,person,12259,0.48957722337023557,0.1605442425514106,0.714658618158088,0.5117872583408108,66800,54750
pixelate,2,S,0,hat,364,0.6913834640095868,0.40323005500095055,0.8956043956043956,0.6593406593406593,4695,8648
pixelate,2,S,1,person,6173,0.6313919513126477,0.2691337200275068,0.8112749068524219,0.5768670014579621,39324,82226
pixelate,2,M,0,hat,679,0.8478561320369364,0.6128443199599902,0.9160530191458026,0.792341678939617,3178,10165
pixelate,2,M,1,person,3776,0.8568891268191936,0.5040609761007212,0.9057203389830508,0.772510593220339,13611,107939
pixelate,2,L,0,hat,622,0.9594975689317725,0.8426159764600658,0.9646302250803859,0.909967845659164,966,12377
pixelate,2,L,1,person,350,0.8854441812053928,0.6144346511459075,0.9085714285714286,0.78,669,120881
pixelate,2,ALL,all,all_macro,24436,0.7003495518759252,0.4290014768680921,0.8294712029036782,0.6560902148724467,134893,0
pixelate,2,ES,all,all_macro,12472,0.34685440703228737,0.1191786683169766,0.6155452715203585,0.34040067142392655,71232,63661
pixelate,2,S,all,all_macro,6537,0.6613877076611172,0.33618188751422867,0.8534396512284088,0.6181038303993107,44019,90874
pixelate,2,M,all,all_macro,4455,0.852372629428065,0.5584526480303558,0.9108866790644268,0.782426136079978,16789,118104
pixelate,2,L,all,all_macro,972,0.9224708750685826,0.7285253138029866,0.9366008268259072,0.844983922829582,1635,133258
pixelate,3,ALL,0,hat,1878,0.6827992619111023,0.5031535954672953,0.7987220447284346,0.6033013844515442,16413,0
pixelate,3,ALL,1,person,22558,0.5154580467556015,0.21464927920820243,0.699751751041759,0.483154534976505,113522,0
pixelate,3,ES,0,hat,213,0.11539298403424933,0.03659629981749568,0.4413145539906103,0.09389671361502347,6768,9645
pixelate,3,ES,1,person,12259,0.4389266524014297,0.14001622344996303,0.6734643935068113,0.4627620523696876,65419,48103
pixelate,3,S,0,hat,364,0.5383993306840003,0.30842050288028255,0.782967032967033,0.4945054945054945,5657,10756
pixelate,3,S,1,person,6173,0.5123357096469574,0.20963865625953004,0.7032237161833792,0.44354446784383605,35338,78184
pixelate,3,M,0,hat,679,0.728099544653197,0.5148005647948455,0.8159057437407953,0.6377025036818851,3070,13343
pixelate,3,M,1,person,3776,0.7254043392800085,0.4134421057890069,0.7695974576271186,0.6040783898305084,11160,102362
pixelate,3,L,0,hat,622,0.9198087252248471,0.7949717526239659,0.9115755627009646,0.8038585209003215,859,15554
pixelate,3,L,1,person,350,0.8001933942570006,0.5418584718020439,0.8057142857142857,0.5942857142857143,555,112967
pixelate,3,ALL,all,all_macro,24436,0.5991286543333518,0.3589014373377489,0.7492368978850967,0.5432279597140246,129935,0
pixelate,3,ES,all,all_macro,12472,0.2771598182178395,0.08830626163372936,0.5573894737487108,0.27832938299235555,72187,57748
pixelate,3,S,all,all_macro,6537,0.5253675201654788,0.2590295795699063,0.743095374575206,0.4690249811746653,40995,88940
pixelate,3,M,all,all_macro,4455,0.7267519419666028,0.46412133529192623,0.792751600683957,0.6208904467561968,14230,115705
pixelate,3,L,all,all_macro,972,0.8600010597409239,0.6684151122130049,0.8586449242076252,0.6990721175930179,1414,128521
pixelate,4,ALL,0,hat,1878,0.5364240679294331,0.40077369147159914,0.6576144834930777,0.4547390841320554,17186,0
pixelate,4,ALL,1,person,22558,0.39812138149806386,0.15932653818343817,0.584803617341963,0.35326713361113576,95837,0
pixelate,4,ES,0,hat,213,0.054266431498706094,0.016647834845338834,0.24882629107981222,0.046948356807511735,8728,8458
pixelate,4,ES,1,person,12259,0.3587188207205303,0.11124637917495248,0.6172607879924953,0.3647116404274411,60209,35628
pixelate,4,S,0,hat,364,0.4079392161973427,0.23240274116294798,0.6538461538461539,0.3489010989010989,5152,12034
pixelate,4,S,1,person,6173,0.37428785442287643,0.14948739358631838,0.540255953345213,0.3040660942815487,26785,69052
pixelate,4,M,0,hat,679,0.5594134964115177,0.40241585796926777,0.6450662739322534,0.44329896907216493,2496,14690
pixelate,4,M,1,person,3776,0.5467863269882802,0.31113527835859667,0.5558792372881356,0.390625,7635,88202
pixelate,4,L,0,hat,622,0.8511545537482347,0.7289544622990661,0.8135048231511254,0.6688102893890675,764,16422
pixelate,4,L,1,person,350,0.6289663194652775,0.43335036902745144,0.5457142857142857,0.42,381,95456
pixelate,4,ALL,all,all_macro,24436,0.4672727247137485,0.2800501148275186,0.6212090504175203,0.4040031088715956,113023,0
pixelate,4,ES,all,all_macro,12472,0.2064926261096182,0.06394710701014565,0.43304353953615377,0.20582999861747642,68937,44086
pixelate,4,S,all,all_macro,6537,0.39111353531010956,0.19094506737463318,0.5970510535956834,0.32648359659132375,31937,81086
pixelate,4,M,all,all_macro,4455,0.5530999116998989,0.3567755681639322,0.6004727556101945,0.41696198453608246,10131,102892
pixelate,4,L,all,all_macro,972,0.740060436606756,0.5811524156632588,0.6796095544327055,0.5444051446945337,1145,111878
pixelate,5,ALL,0,hat,1878,0.4303668735909033,0.3228523130970956,0.5436634717784877,0.34451544195953143,16430,0
pixelate,5,ALL,1,person,22558,0.30429165906388933,0.1197518814471017,0.47539675503147444,0.2332210302331767,81145,0
pixelate,5,ES,0,hat,213,0.01985745257228936,0.007465207264705014,0.18309859154929578,0.023474178403755867,9303,7127
pixelate,5,ES,1,person,12259,0.27129469000614287,0.08081250366962064,0.53242515702749,0.2349294395953993,54394,26751
pixelate,5,S,0,hat,364,0.2836869552337849,0.16320578137860844,0.49725274725274726,0.23076923076923078,4264,12166
pixelate,5,S,1,person,6173,0.27797787794288426,0.11077674751399762,0.40482747448566336,0.19779685728171068,20228,60917
pixelate,5,M,0,hat,679,0.4498001137512206,0.3193509005406091,0.5198821796759941,0.32989690721649484,2168,14262
pixelate,5,M,1,person,3776,0.4346124698549248,0.25122025693305294,0.4102224576271186,0.2770127118644068,5674,75471
pixelate,5,L,0,hat,622,0.7895709179203265,0.6712581533580884,0.7202572347266881,0.5369774919614148,665,15765
pixelate,5,L,1,person,350,0.5428805431233491,0.38098059801841916,0.4257142857142857,0.32571428571428573,294,80851
pixelate,5,ALL,all,all_macro,24436,0.3673292663273963,0.22130209727209865,0.5095301134049811,0.28886823609635404,97575,0
pixelate,5,ES,all,all_macro,12472,0.14557607128921612,0.04413885546716283,0.3577618742883929,0.1292018089995776,63697,33878
pixelate,5,S,all,all_macro,6537,0.2808324165883346,0.13699126444630302,0.4510401108692053,0.21428304402547071,24492,73083
pixelate,5,M,all,all_macro,4455,0.4422062918030727,0.285285578736831,0.4650523186515564,0.3034548095404508,7842,89733
pixelate,5,L,all,all_macro,972,0.6662257305218378,0.5261193756882537,0.5729857602204869,0.43134588883785024,959,96616
jpeg_compression,1,ALL,0,hat,1878,0.821109315261638,0.6071330307629488,0.8945686900958466,0.7694355697550586,13696,0
jpeg_compression,1,ALL,1,person,22558,0.6420530962238227,0.28426695777963895,0.809202943523362,0.6092295416260307,126381,0
jpeg_compression,1,ES,0,hat,213,0.22302619266952073,0.08132580124549872,0.4647887323943662,0.1784037558685446,4470,9226
jpeg_compression,1,ES,1,person,12259,0.5261502118152348,0.18057534356595725,0.7463904070478832,0.5408271474019088,67363,59018
jpeg_compression,1,S,0,hat,364,0.6799165634764356,0.3782075893007526,0.8901098901098901,0.6703296703296703,4703,8993
jpeg_compression,1,S,1,person,6173,0.667286793727595,0.28578969514931696,0.8430260813218856,0.6035963064960311,41145,85236
jpeg_compression,1,M,0,hat,679,0.8922716883916959,0.6386352292014339,0.9513991163475699,0.8541973490427098,3496,10200
jpeg_compression,1,M,1,person,3776,0.8943712885156534,0.5236206786267099,0.9459745762711864,0.8225635593220338,15894,110487
jpeg_compression,1,L,0,hat,622,0.9763583267530622,0.8528496081442875,0.9823151125401929,0.9372990353697749,956,12740
jpeg_compression,1,L,1,person,350,0.9170306761930289,0.638032327526142,0.94,0.8057142857142857,706,125675
jpeg_compression,1,ALL,all,all_macro,24436,0.7315812057427303,0.44569999427129386,0.8518858168096043,0.6893325556905446,140077,0
jpeg_compression,1,ES,all,all_macro,12472,0.37458820224237777,0.130950572405728,0.6055895697211247,0.35961545163522673,71833,68244
jpeg_compression,1,S,all,all_macro,6537,0.6736016786020154,0.3319986422250348,0.8665679857158879,0.6369629884128507,45848,94229
jpeg_compression,1,M,all,all_macro,4455,0.8933214884536747,0.5811279539140719,0.9486868463093782,0.8383804541823718,19390,120687
jpeg_compression,1,L,all,all_macro,972,0.9466945014730456,0.7454409678352147,0.9611575562700965,0.8715066605420303,1662,138415
jpeg_compression,2,ALL,0,hat,1878,0.8002467859645965,0.5862662743607789,0.8929712460063898,0.7422790202342918,15462,0
jpeg_compression,2,ALL,1,person,22558,0.6277823007290381,0.27410610778644956,0.798519372284777,0.5957531696072347,126336,0
jpeg_compression,2,ES,0,hat,213,0.16882203792102526,0.06499975641426994,0.5117370892018779,0.1643192488262911,5486,9976
jpeg_compression,2,ES,1,person,12259,0.5248617801120403,0.18208464078880532,0.7406803165021617,0.5384615384615384,66614,59722
jpeg_compression,2,S,0,hat,364,0.6550051849246037,0.3629084952443916,0.8928571428571429,0.6291208791208791,5227,10235
jpeg_compression,2,S,1,person,6173,0.6455391262774806,0.27192881171611516,0.8290944435444678,0.5851287866515471,42129,84207
jpeg_compression,2,M,0,hat,679,0.8737915596165073,0.6153145564681688,0.9410898379970545,0.8306332842415317,3720,11742
jpeg_compression,2,M,1,person,3776,0.8698077368109152,0.49735547713671957,0.9274364406779662,0.7870762711864406,15753,110583
jpeg_compression,2,L,0,hat,622,0.9659492733326293,0.8388575501102876,0.9710610932475884,0.909967845659164,958,14504
jpeg_compression,2,L,1,person,350,0.8849023950167838,0.6157145414984158,0.8942857142857142,0.7257142857142858,592,125744
jpeg_compression,2,ALL,all,all_macro,24436,0.7140145433468172,0.4301861910736142,0.8457453091455833,0.6690160949207633,141798,0
jpeg_compression,2,ES,all,all_macro,12472,0.3468419090165328,0.12354219860153763,0.6262087028520198,0.3513903936439148,72100,69698
jpeg_compression,2,S,all,all_macro,6537,0.6502721556010421,0.3174186534802534,0.8609757932008053,0.6071248328862131,47356,94442
jpeg_compression,2,M,all,all_macro,4455,0.8717996482137113,0.5563350168024441,0.9342631393375103,0.8088547777139862,19473,122325
jpeg_compression,2,L,all,all_macro,972,0.9254258341747066,0.7272860458043517,0.9326734037666513,0.8178410656867249,1550,140248
jpeg_compression,3,ALL,0,hat,1878,0.7773943018365359,0.5679946530480093,0.8780617678381256,0.7215122470713525,16856,0
jpeg_compression,3,ALL,1,person,22558,0.6413935057445015,0.28025567312622923,0.8122617253302598,0.6004078375742531,126339,0
jpeg_compression,3,ES,0,hat,213,0.15821502575126614,0.06351306955020737,0.460093896713615,0.16901408450704225,6055,10801
jpeg_compression,3,ES,1,person,12259,0.5611075587183226,0.19896613903723584,0.7703727873399135,0.5629333550860592,66507,59832
jpeg_compression,3,S,0,hat,364,0.6392672919725297,0.36077060352103413,0.8846153846153846,0.6181318681318682,5900,10956
jpeg_compression,3,S,1,person,6173,0.6497841795260271,0.2784660071394512,0.8360602624331768,0.583508828770452,42960,83379
jpeg_compression,3,M,0,hat,679,0.8480577843241721,0.5947849371820197,0.930780559646539,0.801178203240059,3917,12939
jpeg_compression,3,M,1,person,3776,0.8483855920631864,0.480373962020266,0.9088983050847458,0.7478813559322034,15066,111273
jpeg_compression,3,L,0,hat,622,0.958124549307832,0.8250956639893954,0.9598070739549839,0.8842443729903537,900,15956
jpeg_compression,3,L,1,person,350,0.8316309617143769,0.5742885631920324,0.8171428571428572,0.62,487,125852
jpeg_compression,3,ALL,all,all_macro,24436,0.7093939037905187,0.4241251630871193,0.8451617465841927,0.6609600423228028,143195,0
jpeg_compression,3,ES,all,all_macro,12472,0.35966129223479437,0.1312396042937216,0.6152333420267643,0.36597371979655074,72562,70633
jpeg_compression,3,S,all,all_macro,6537,0.6445257357492784,0.31961830533024266,0.8603378235242807,0.6008203484511601,48860,94335
jpeg_compression,3,M,all,all_macro,4455,0.8482216881936793,0.5375794496011429,0.9198394323656425,0.7745297795861312,18983,124212
jpeg_compression,3,L,all,all_macro,972,0.8948777555111045,0.6996921135907139,0.8884749655489206,0.7521221864951768,1387,141808
jpeg_compression,4,ALL,0,hat,1878,0.6951208545391636,0.49780719519039823,0.8445154419595314,0.6496272630457934,25620,0
jpeg_compression,4,ALL,1,person,22558,0.5886054936886608,0.24611145051691413,0.7713893075627272,0.5358187782604841,124687,0
jpeg_compression,4,ES,0,hat,213,0.11642512585433311,0.04645015032476493,0.5211267605633803,0.15023474178403756,11055,14565
jpeg_compression,4,ES,1,person,12259,0.5530967935223978,0.1920914114009613,0.7699649237295049,0.5413981564564809,69739,54948
jpeg_compression,4,S,0,hat,364,0.5737696218995547,0.3196231432203649,0.8461538461538461,0.5934065934065934,9171,16449
jpeg_compression,4,S,1,person,6173,0.5769173131968306,0.2414038689384485,0.76235217884335,0.49829904422485016,40616,84071
jpeg_compression,4,M,0,hat,679,0.769623133220504,0.525124416178312,0.8792341678939617,0.7201767304860088,4449,21171
jpeg_compression,4,M,1,person,3776,0.7377062658388974,0.4070098240859391,0.8021716101694916,0.5889830508474576,12638,112049
jpeg_compression,4,L,0,hat,622,0.921243461323555,0.782776580229354,0.9163987138263665,0.7765273311897106,845,24775
jpeg_compression,4,L,1,person,350,0.7198013511007443,0.480380402296516,0.6485714285714286,0.42857142857142855,362,124325
jpeg_compression,4,ALL,all,all_macro,24436,0.6418631741139122,0.3719593228536562,0.8079523747611292,0.5927230206531388,150307,0
jpeg_compression,4,ES,all,all_macro,12472,0.33476095968836544,0.11927078086286312,0.6455458421464426,0.3458164491202592,80794,69513
jpeg_compression,4,S,all,all_macro,6537,0.5753434675481927,0.2805135060794067,0.804253012498598,0.5458528188157218,49787,100520
jpeg_compression,4,M,all,all_macro,4455,0.7536646995297007,0.46606712013212553,0.8407028890317266,0.6545798906667333,17087,133220
jpeg_compression,4,L,all,all_macro,972,0.8205224062121497,0.631578491262935,0.7824850711988975,0.6025493798805696,1207,149100
jpeg_compression,5,ALL,0,hat,1878,0.56415531181394,0.39857366116284165,0.751863684771033,0.5378061767838126,39512,0
jpeg_compression,5,ALL,1,person,22558,0.5178346600333644,0.20271350315847317,0.7051600319177233,0.4529656884475574,118214,0
jpeg_compression,5,ES,0,hat,213,0.0809382509454209,0.036997316293094676,0.4788732394366197,0.15023474178403756,20195,19317
jpeg_compression,5,ES,1,person,12259,0.5381608103709543,0.17919680970678306,0.7689044783424422,0.5139897218370177,73952,44262
jpeg_compression,5,S,0,hat,364,0.4888335610223711,0.2715294138997248,0.7884615384615384,0.5494505494505495,13874,25638
jpeg_compression,5,S,1,person,6173,0.5008163705801015,0.19979361178643598,0.6670986554349587,0.39948161347804956,35082,83132
jpeg_compression,5,M,0,hat,679,0.6345737083226312,0.42837948542245596,0.7746686303387335,0.572901325478645,4629,34883
jpeg_compression,5,M,1,person,3776,0.5621187698772367,0.308324281993097,0.5895127118644068,0.3617584745762712,7754,110460
jpeg_compression,5,L,0,hat,622,0.8383224058524847,0.6913491308358668,0.7990353697749196,0.6254019292604501,730,38782
jpeg_compression,5,L,1,person,350,0.5767647033278557,0.3893698127873395,0.3914285714285714,0.24285714285714285,201,118013
jpeg_compression,5,ALL,all,all_macro,24436,0.5409949859236522,0.3006435821606574,0.7285118583443781,0.495385932615685,157726,0
jpeg_compression,5,ES,all,all_macro,12472,0.3095495306581876,0.10809706299993888,0.6238888588895309,0.3321122318105276,94147,63579
jpeg_compression,5,S,all,all_macro,6537,0.4948249658012363,0.2356615128430804,0.7277800969482486,0.4744660814642995,48956,108770
jpeg_compression,5,M,all,all_macro,4455,0.5983462390999339,0.3683518837077765,0.6820906711015702,0.4673299000274581,12383,145343
jpeg_compression,5,L,all,all_macro,972,0.7075435545901703,0.5403594718116032,0.5952319706017455,0.4341295360587965,931,156795
