image_id,source_image,source_suffix,corruption,severity,corruption_seed,corrupted_filename
000003,/root/autodl-tmp/helmet_yolo_v10/images/train/000003.jpg,.jpg,contrast,3,2428592386,000003__A1C__contrast__s3.png
000004,/root/autodl-tmp/helmet_yolo_v10/images/train/000004.jpg,.jpg,zoom_blur,1,2784099972,000004__A1C__zoom_blur__s1.png
000006,/root/autodl-tmp/helmet_yolo_v10/images/train/000006.jpg,.jpg,zoom_blur,1,3905481167,000006__A1C__zoom_blur__s1.png
000007,/root/autodl-tmp/helmet_yolo_v10/images/train/000007.jpg,.jpg,jpeg_compression,3,3491851543,000007__A1C__jpeg_compression__s3.png
000008,/root/autodl-tmp/helmet_yolo_v10/images/train/000008.jpg,.jpg,motion_blur,2,1448900803,000008__A1C__motion_blur__s2.png
000010,/root/autodl-tmp/helmet_yolo_v10/images/train/000010.jpg,.jpg,gaussian_noise,3,2929147521,000010__A1C__gaussian_noise__s3.png
000012,/root/autodl-tmp/helmet_yolo_v10/images/train/000012.jpg,.jpg,gaussian_noise,2,3788302016,000012__A1C__gaussian_noise__s2.png
000013,/root/autodl-tmp/helmet_yolo_v10/images/train/000013.jpg,.jpg,gaussian_noise,3,580253130,000013__A1C__gaussian_noise__s3.png
000014,/root/autodl-tmp/helmet_yolo_v10/images/train/000014.jpg,.jpg,contrast,1,3682373721,000014__A1C__contrast__s1.png
000015,/root/autodl-tmp/helmet_yolo_v10/images/train/000015.jpg,.jpg,snow,1,2421510150,000015__A1C__snow__s1.png
000016,/root/autodl-tmp/helmet_yolo_v10/images/train/000016.jpg,.jpg,motion_blur,3,1874624340,000016__A1C__motion_blur__s3.png
000017,/root/autodl-tmp/helmet_yolo_v10/images/train/000017.jpg,.jpg,defocus_blur,1,2638379815,000017__A1C__defocus_blur__s1.png
000020,/root/autodl-tmp/helmet_yolo_v10/images/train/000020.jpg,.jpg,impulse_noise,2,1607002902,000020__A1C__impulse_noise__s2.png
000021,/root/autodl-tmp/helmet_yolo_v10/images/train/000021.jpg,.jpg,snow,2,2262097295,000021__A1C__snow__s2.png
000023,/root/autodl-tmp/helmet_yolo_v10/images/train/000023.jpg,.jpg,zoom_blur,2,2384085723,000023__A1C__zoom_blur__s2.png
000024,/root/autodl-tmp/helmet_yolo_v10/images/train/000024.jpg,.jpg,snow,2,112065360,000024__A1C__snow__s2.png
000025,/root/autodl-tmp/helmet_yolo_v10/images/train/000025.jpg,.jpg,glass_blur,2,1220343969,000025__A1C__glass_blur__s2.png
000026,/root/autodl-tmp/helmet_yolo_v10/images/train/000026.jpg,.jpg,contrast,3,1185632362,000026__A1C__contrast__s3.png
000028,/root/autodl-tmp/helmet_yolo_v10/images/train/000028.jpg,.jpg,frost,2,2833854527,000028__A1C__frost__s2.png
000029,/root/autodl-tmp/helmet_yolo_v10/images/train/000029.jpg,.jpg,glass_blur,2,3409949824,000029__A1C__glass_blur__s2.png
000032,/root/autodl-tmp/helmet_yolo_v10/images/train/000032.jpg,.jpg,contrast,1,4288404316,000032__A1C__contrast__s1.png
000033,/root/autodl-tmp/helmet_yolo_v10/images/train/000033.jpg,.jpg,contrast,2,2483042819,000033__A1C__contrast__s2.png
000036,/root/autodl-tmp/helmet_yolo_v10/images/train/000036.jpg,.jpg,gaussian_noise,2,725885275,000036__A1C__gaussian_noise__s2.png
000037,/root/autodl-tmp/helmet_yolo_v10/images/train/000037.jpg,.jpg,snow,1,786378266,000037__A1C__snow__s1.png
000038,/root/autodl-tmp/helmet_yolo_v10/images/train/000038.jpg,.jpg,pixelate,1,51729203,000038__A1C__pixelate__s1.png
000039,/root/autodl-tmp/helmet_yolo_v10/images/train/000039.jpg,.jpg,pixelate,3,1083949478,000039__A1C__pixelate__s3.png
000040,/root/autodl-tmp/helmet_yolo_v10/images/train/000040.jpg,.jpg,defocus_blur,2,2918424544,000040__A1C__defocus_blur__s2.png
000041,/root/autodl-tmp/helmet_yolo_v10/images/train/000041.jpg,.jpg,brightness,1,4243211159,000041__A1C__brightness__s1.png
000042,/root/autodl-tmp/helmet_yolo_v10/images/train/000042.jpg,.jpg,defocus_blur,3,2995311306,000042__A1C__defocus_blur__s3.png
000043,/root/autodl-tmp/helmet_yolo_v10/images/train/000043.jpg,.jpg,fog,3,1634043039,000043__A1C__fog__s3.png
000044,/root/autodl-tmp/helmet_yolo_v10/images/train/000044.jpg,.jpg,snow,1,932021074,000044__A1C__snow__s1.png
000045,/root/autodl-tmp/helmet_yolo_v10/images/train/000045.jpg,.jpg,impulse_noise,3,220481868,000045__A1C__impulse_noise__s3.png
000046,/root/autodl-tmp/helmet_yolo_v10/images/train/000046.jpg,.jpg,gaussian_noise,1,917145048,000046__A1C__gaussian_noise__s1.png
000049,/root/autodl-tmp/helmet_yolo_v10/images/train/000049.jpg,.jpg,zoom_blur,2,4151912715,000049__A1C__zoom_blur__s2.png
000053,/root/autodl-tmp/helmet_yolo_v10/images/train/000053.jpg,.jpg,defocus_blur,3,2261430451,000053__A1C__defocus_blur__s3.png
000055,/root/autodl-tmp/helmet_yolo_v10/images/train/000055.jpg,.jpg,impulse_noise,2,2498697118,000055__A1C__impulse_noise__s2.png
000061,/root/autodl-tmp/helmet_yolo_v10/images/train/000061.jpg,.jpg,glass_blur,2,3001068894,000061__A1C__glass_blur__s2.png
000062,/root/autodl-tmp/helmet_yolo_v10/images/train/000062.jpg,.jpg,contrast,2,1839317352,000062__A1C__contrast__s2.png
000063,/root/autodl-tmp/helmet_yolo_v10/images/train/000063.jpg,.jpg,snow,2,1299072008,000063__A1C__snow__s2.png
000064,/root/autodl-tmp/helmet_yolo_v10/images/train/000064.jpg,.jpg,glass_blur,1,788228225,000064__A1C__glass_blur__s1.png
000065,/root/autodl-tmp/helmet_yolo_v10/images/train/000065.jpg,.jpg,motion_blur,1,3854196782,000065__A1C__motion_blur__s1.png
000066,/root/autodl-tmp/helmet_yolo_v10/images/train/000066.jpg,.jpg,fog,2,469731020,000066__A1C__fog__s2.png
000067,/root/autodl-tmp/helmet_yolo_v10/images/train/000067.jpg,.jpg,snow,2,1996054926,000067__A1C__snow__s2.png
000068,/root/autodl-tmp/helmet_yolo_v10/images/train/000068.jpg,.jpg,fog,2,686847911,000068__A1C__fog__s2.png
000070,/root/autodl-tmp/helmet_yolo_v10/images/train/000070.jpg,.jpg,zoom_blur,1,2666397626,000070__A1C__zoom_blur__s1.png
000071,/root/autodl-tmp/helmet_yolo_v10/images/train/000071.jpg,.jpg,snow,3,4081777144,000071__A1C__snow__s3.png
000072,/root/autodl-tmp/helmet_yolo_v10/images/train/000072.jpg,.jpg,snow,1,493163539,000072__A1C__snow__s1.png
000073,/root/autodl-tmp/helmet_yolo_v10/images/train/000073.jpg,.jpg,contrast,3,3424732621,000073__A1C__contrast__s3.png
000074,/root/autodl-tmp/helmet_yolo_v10/images/train/000074.jpg,.jpg,glass_blur,2,3928152695,000074__A1C__glass_blur__s2.png
000076,/root/autodl-tmp/helmet_yolo_v10/images/train/000076.jpg,.jpg,impulse_noise,2,3745519283,000076__A1C__impulse_noise__s2.png
000078,/root/autodl-tmp/helmet_yolo_v10/images/train/000078.jpg,.jpg,frost,1,3778248323,000078__A1C__frost__s1.png
000081,/root/autodl-tmp/helmet_yolo_v10/images/train/000081.jpg,.jpg,snow,1,1780403742,000081__A1C__snow__s1.png
000082,/root/autodl-tmp/helmet_yolo_v10/images/train/000082.jpg,.jpg,brightness,2,380225539,000082__A1C__brightness__s2.png
000083,/root/autodl-tmp/helmet_yolo_v10/images/train/000083.jpg,.jpg,glass_blur,3,763152939,000083__A1C__glass_blur__s3.png
000085,/root/autodl-tmp/helmet_yolo_v10/images/train/000085.jpg,.jpg,impulse_noise,1,3691921822,000085__A1C__impulse_noise__s1.png
000086,/root/autodl-tmp/helmet_yolo_v10/images/train/000086.jpg,.jpg,zoom_blur,2,3701931525,000086__A1C__zoom_blur__s2.png
000087,/root/autodl-tmp/helmet_yolo_v10/images/train/000087.jpg,.jpg,motion_blur,3,136170610,000087__A1C__motion_blur__s3.png
000088,/root/autodl-tmp/helmet_yolo_v10/images/train/000088.jpg,.jpg,snow,1,3260249716,000088__A1C__snow__s1.png
000090,/root/autodl-tmp/helmet_yolo_v10/images/train/000090.jpg,.jpg,motion_blur,2,2891916489,000090__A1C__motion_blur__s2.png
000091,/root/autodl-tmp/helmet_yolo_v10/images/train/000091.jpg,.jpg,jpeg_compression,2,3979784990,000091__A1C__jpeg_compression__s2.png
000092,/root/autodl-tmp/helmet_yolo_v10/images/train/000092.jpg,.jpg,snow,1,915199922,000092__A1C__snow__s1.png
000094,/root/autodl-tmp/helmet_yolo_v10/images/train/000094.jpg,.jpg,defocus_blur,1,1212623922,000094__A1C__defocus_blur__s1.png
000095,/root/autodl-tmp/helmet_yolo_v10/images/train/000095.jpg,.jpg,gaussian_noise,1,1471090294,000095__A1C__gaussian_noise__s1.png
000096,/root/autodl-tmp/helmet_yolo_v10/images/train/000096.jpg,.jpg,frost,1,1697444153,000096__A1C__frost__s1.png
000097,/root/autodl-tmp/helmet_yolo_v10/images/train/000097.jpg,.jpg,impulse_noise,3,821400502,000097__A1C__impulse_noise__s3.png
000099,/root/autodl-tmp/helmet_yolo_v10/images/train/000099.jpg,.jpg,frost,3,2200131419,000099__A1C__frost__s3.png
000100,/root/autodl-tmp/helmet_yolo_v10/images/train/000100.jpg,.jpg,jpeg_compression,1,3206899475,000100__A1C__jpeg_compression__s1.png
000101,/root/autodl-tmp/helmet_yolo_v10/images/train/000101.jpg,.jpg,fog,1,4009410902,000101__A1C__fog__s1.png
000102,/root/autodl-tmp/helmet_yolo_v10/images/train/000102.jpg,.jpg,gaussian_noise,3,672472221,000102__A1C__gaussian_noise__s3.png
000105,/root/autodl-tmp/helmet_yolo_v10/images/train/000105.jpg,.jpg,zoom_blur,2,2491040980,000105__A1C__zoom_blur__s2.png
000107,/root/autodl-tmp/helmet_yolo_v10/images/train/000107.jpg,.jpg,defocus_blur,2,2577059983,000107__A1C__defocus_blur__s2.png
000108,/root/autodl-tmp/helmet_yolo_v10/images/train/000108.jpg,.jpg,snow,2,4033927428,000108__A1C__snow__s2.png
000109,/root/autodl-tmp/helmet_yolo_v10/images/train/000109.jpg,.jpg,defocus_blur,2,1787165309,000109__A1C__defocus_blur__s2.png
000111,/root/autodl-tmp/helmet_yolo_v10/images/train/000111.jpg,.jpg,defocus_blur,3,742277927,000111__A1C__defocus_blur__s3.png
000112,/root/autodl-tmp/helmet_yolo_v10/images/train/000112.jpg,.jpg,brightness,2,2365008202,000112__A1C__brightness__s2.png
000113,/root/autodl-tmp/helmet_yolo_v10/images/train/000113.jpg,.jpg,motion_blur,2,4227606548,000113__A1C__motion_blur__s2.png
000115,/root/autodl-tmp/helmet_yolo_v10/images/train/000115.jpg,.jpg,zoom_blur,2,3484745085,000115__A1C__zoom_blur__s2.png
000116,/root/autodl-tmp/helmet_yolo_v10/images/train/000116.jpg,.jpg,defocus_blur,1,2271675900,000116__A1C__defocus_blur__s1.png
000117,/root/autodl-tmp/helmet_yolo_v10/images/train/000117.jpg,.jpg,pixelate,2,1699103231,000117__A1C__pixelate__s2.png
000118,/root/autodl-tmp/helmet_yolo_v10/images/train/000118.jpg,.jpg,zoom_blur,2,119762127,000118__A1C__zoom_blur__s2.png
000119,/root/autodl-tmp/helmet_yolo_v10/images/train/000119.jpg,.jpg,fog,1,3721870993,000119__A1C__fog__s1.png
000120,/root/autodl-tmp/helmet_yolo_v10/images/train/000120.jpg,.jpg,glass_blur,1,750444243,000120__A1C__glass_blur__s1.png
000121,/root/autodl-tmp/helmet_yolo_v10/images/train/000121.jpg,.jpg,shot_noise,2,4215736998,000121__A1C__shot_noise__s2.png
000122,/root/autodl-tmp/helmet_yolo_v10/images/train/000122.jpg,.jpg,defocus_blur,2,2242977482,000122__A1C__defocus_blur__s2.png
000124,/root/autodl-tmp/helmet_yolo_v10/images/train/000124.jpg,.jpg,defocus_blur,1,2501697209,000124__A1C__defocus_blur__s1.png
000126,/root/autodl-tmp/helmet_yolo_v10/images/train/000126.jpg,.jpg,frost,3,2292760796,000126__A1C__frost__s3.png
000130,/root/autodl-tmp/helmet_yolo_v10/images/train/000130.jpg,.jpg,jpeg_compression,3,2249599708,000130__A1C__jpeg_compression__s3.png
000132,/root/autodl-tmp/helmet_yolo_v10/images/train/000132.jpg,.jpg,frost,2,4251988070,000132__A1C__frost__s2.png
000133,/root/autodl-tmp/helmet_yolo_v10/images/train/000133.jpg,.jpg,glass_blur,1,2465569329,000133__A1C__glass_blur__s1.png
000134,/root/autodl-tmp/helmet_yolo_v10/images/train/000134.jpg,.jpg,defocus_blur,3,182300844,000134__A1C__defocus_blur__s3.png
000138,/root/autodl-tmp/helmet_yolo_v10/images/train/000138.jpg,.jpg,jpeg_compression,1,4163998237,000138__A1C__jpeg_compression__s1.png
000139,/root/autodl-tmp/helmet_yolo_v10/images/train/000139.jpg,.jpg,shot_noise,2,937080677,000139__A1C__shot_noise__s2.png
000141,/root/autodl-tmp/helmet_yolo_v10/images/train/000141.jpg,.jpg,jpeg_compression,1,1834214909,000141__A1C__jpeg_compression__s1.png
000143,/root/autodl-tmp/helmet_yolo_v10/images/train/000143.jpg,.jpg,brightness,2,1819133289,000143__A1C__brightness__s2.png
000145,/root/autodl-tmp/helmet_yolo_v10/images/train/000145.jpg,.jpg,pixelate,2,3860879774,000145__A1C__pixelate__s2.png
000146,/root/autodl-tmp/helmet_yolo_v10/images/train/000146.jpg,.jpg,frost,2,2255940012,000146__A1C__frost__s2.png
000147,/root/autodl-tmp/helmet_yolo_v10/images/train/000147.jpg,.jpg,jpeg_compression,2,2948447994,000147__A1C__jpeg_compression__s2.png
000148,/root/autodl-tmp/helmet_yolo_v10/images/train/000148.jpg,.jpg,glass_blur,3,4201753607,000148__A1C__glass_blur__s3.png
000150,/root/autodl-tmp/helmet_yolo_v10/images/train/000150.jpg,.jpg,defocus_blur,2,2119395801,000150__A1C__defocus_blur__s2.png
000151,/root/autodl-tmp/helmet_yolo_v10/images/train/000151.jpg,.jpg,snow,1,3575625634,000151__A1C__snow__s1.png
000154,/root/autodl-tmp/helmet_yolo_v10/images/train/000154.jpg,.jpg,shot_noise,3,327823513,000154__A1C__shot_noise__s3.png
000155,/root/autodl-tmp/helmet_yolo_v10/images/train/000155.jpg,.jpg,defocus_blur,3,3103038720,000155__A1C__defocus_blur__s3.png
000156,/root/autodl-tmp/helmet_yolo_v10/images/train/000156.jpg,.jpg,pixelate,2,2542462904,000156__A1C__pixelate__s2.png
000157,/root/autodl-tmp/helmet_yolo_v10/images/train/000157.jpg,.jpg,jpeg_compression,3,3176155512,000157__A1C__jpeg_compression__s3.png
000158,/root/autodl-tmp/helmet_yolo_v10/images/train/000158.jpg,.jpg,snow,1,1424300460,000158__A1C__snow__s1.png
000159,/root/autodl-tmp/helmet_yolo_v10/images/train/000159.jpg,.jpg,gaussian_noise,2,2847013694,000159__A1C__gaussian_noise__s2.png
000160,/root/autodl-tmp/helmet_yolo_v10/images/train/000160.jpg,.jpg,shot_noise,2,2225299768,000160__A1C__shot_noise__s2.png
000162,/root/autodl-tmp/helmet_yolo_v10/images/train/000162.jpg,.jpg,snow,3,237333304,000162__A1C__snow__s3.png
000166,/root/autodl-tmp/helmet_yolo_v10/images/train/000166.jpg,.jpg,contrast,2,2442448210,000166__A1C__contrast__s2.png
000169,/root/autodl-tmp/helmet_yolo_v10/images/train/000169.jpg,.jpg,brightness,3,3131739001,000169__A1C__brightness__s3.png
000171,/root/autodl-tmp/helmet_yolo_v10/images/train/000171.jpg,.jpg,fog,1,1871678048,000171__A1C__fog__s1.png
000173,/root/autodl-tmp/helmet_yolo_v10/images/train/000173.jpg,.jpg,brightness,1,1791654066,000173__A1C__brightness__s1.png
000174,/root/autodl-tmp/helmet_yolo_v10/images/train/000174.jpg,.jpg,shot_noise,1,1977205912,000174__A1C__shot_noise__s1.png
000175,/root/autodl-tmp/helmet_yolo_v10/images/train/000175.jpg,.jpg,contrast,1,3699202399,000175__A1C__contrast__s1.png
000176,/root/autodl-tmp/helmet_yolo_v10/images/train/000176.jpg,.jpg,impulse_noise,2,2443612296,000176__A1C__impulse_noise__s2.png
000177,/root/autodl-tmp/helmet_yolo_v10/images/train/000177.jpg,.jpg,frost,2,4039950462,000177__A1C__frost__s2.png
000179,/root/autodl-tmp/helmet_yolo_v10/images/train/000179.jpg,.jpg,zoom_blur,1,3638002642,000179__A1C__zoom_blur__s1.png
000180,/root/autodl-tmp/helmet_yolo_v10/images/train/000180.jpg,.jpg,impulse_noise,2,883941130,000180__A1C__impulse_noise__s2.png
000181,/root/autodl-tmp/helmet_yolo_v10/images/train/000181.jpg,.jpg,brightness,2,3429820032,000181__A1C__brightness__s2.png
000183,/root/autodl-tmp/helmet_yolo_v10/images/train/000183.jpg,.jpg,contrast,1,2793148582,000183__A1C__contrast__s1.png
000184,/root/autodl-tmp/helmet_yolo_v10/images/train/000184.jpg,.jpg,gaussian_noise,1,3904503426,000184__A1C__gaussian_noise__s1.png
000186,/root/autodl-tmp/helmet_yolo_v10/images/train/000186.jpg,.jpg,fog,3,3859263365,000186__A1C__fog__s3.png
000187,/root/autodl-tmp/helmet_yolo_v10/images/train/000187.jpg,.jpg,glass_blur,3,898903136,000187__A1C__glass_blur__s3.png
000190,/root/autodl-tmp/helmet_yolo_v10/images/train/000190.jpg,.jpg,brightness,2,3973658507,000190__A1C__brightness__s2.png
000191,/root/autodl-tmp/helmet_yolo_v10/images/train/000191.jpg,.jpg,brightness,1,267174149,000191__A1C__brightness__s1.png
000193,/root/autodl-tmp/helmet_yolo_v10/images/train/000193.jpg,.jpg,zoom_blur,1,300995368,000193__A1C__zoom_blur__s1.png
000195,/root/autodl-tmp/helmet_yolo_v10/images/train/000195.jpg,.jpg,jpeg_compression,2,1145423615,000195__A1C__jpeg_compression__s2.png
000196,/root/autodl-tmp/helmet_yolo_v10/images/train/000196.jpg,.jpg,glass_blur,2,1535028757,000196__A1C__glass_blur__s2.png
000198,/root/autodl-tmp/helmet_yolo_v10/images/train/000198.jpg,.jpg,fog,3,3294511993,000198__A1C__fog__s3.png
000200,/root/autodl-tmp/helmet_yolo_v10/images/train/000200.jpg,.jpg,brightness,2,675564271,000200__A1C__brightness__s2.png
000201,/root/autodl-tmp/helmet_yolo_v10/images/train/000201.jpg,.jpg,defocus_blur,3,2515131093,000201__A1C__defocus_blur__s3.png
000203,/root/autodl-tmp/helmet_yolo_v10/images/train/000203.jpg,.jpg,glass_blur,1,554711152,000203__A1C__glass_blur__s1.png
000204,/root/autodl-tmp/helmet_yolo_v10/images/train/000204.jpg,.jpg,motion_blur,3,724992086,000204__A1C__motion_blur__s3.png
000206,/root/autodl-tmp/helmet_yolo_v10/images/train/000206.jpg,.jpg,shot_noise,1,2939755076,000206__A1C__shot_noise__s1.png
000207,/root/autodl-tmp/helmet_yolo_v10/images/train/000207.jpg,.jpg,jpeg_compression,3,3386525338,000207__A1C__jpeg_compression__s3.png
000209,/root/autodl-tmp/helmet_yolo_v10/images/train/000209.jpg,.jpg,frost,2,2724852202,000209__A1C__frost__s2.png
000210,/root/autodl-tmp/helmet_yolo_v10/images/train/000210.jpg,.jpg,fog,3,3598825452,000210__A1C__fog__s3.png
000211,/root/autodl-tmp/helmet_yolo_v10/images/train/000211.jpg,.jpg,impulse_noise,1,732453169,000211__A1C__impulse_noise__s1.png
000212,/root/autodl-tmp/helmet_yolo_v10/images/train/000212.jpg,.jpg,glass_blur,2,1033689816,000212__A1C__glass_blur__s2.png
000213,/root/autodl-tmp/helmet_yolo_v10/images/train/000213.jpg,.jpg,zoom_blur,3,3812254099,000213__A1C__zoom_blur__s3.png
000214,/root/autodl-tmp/helmet_yolo_v10/images/train/000214.jpg,.jpg,glass_blur,1,1742515741,000214__A1C__glass_blur__s1.png
000215,/root/autodl-tmp/helmet_yolo_v10/images/train/000215.jpg,.jpg,defocus_blur,2,912603018,000215__A1C__defocus_blur__s2.png
000216,/root/autodl-tmp/helmet_yolo_v10/images/train/000216.jpg,.jpg,glass_blur,1,1289006155,000216__A1C__glass_blur__s1.png
000217,/root/autodl-tmp/helmet_yolo_v10/images/train/000217.jpg,.jpg,brightness,1,1385136428,000217__A1C__brightness__s1.png
000219,/root/autodl-tmp/helmet_yolo_v10/images/train/000219.jpg,.jpg,brightness,2,958672153,000219__A1C__brightness__s2.png
000220,/root/autodl-tmp/helmet_yolo_v10/images/train/000220.jpg,.jpg,glass_blur,3,3728700103,000220__A1C__glass_blur__s3.png
000221,/root/autodl-tmp/helmet_yolo_v10/images/train/000221.jpg,.jpg,frost,2,2637837546,000221__A1C__frost__s2.png
000223,/root/autodl-tmp/helmet_yolo_v10/images/train/000223.jpg,.jpg,frost,2,3341564185,000223__A1C__frost__s2.png
000224,/root/autodl-tmp/helmet_yolo_v10/images/train/000224.jpg,.jpg,defocus_blur,1,2436543014,000224__A1C__defocus_blur__s1.png
000225,/root/autodl-tmp/helmet_yolo_v10/images/train/000225.jpg,.jpg,glass_blur,1,3011789569,000225__A1C__glass_blur__s1.png
000226,/root/autodl-tmp/helmet_yolo_v10/images/train/000226.jpg,.jpg,motion_blur,1,3644318997,000226__A1C__motion_blur__s1.png
000227,/root/autodl-tmp/helmet_yolo_v10/images/train/000227.jpg,.jpg,contrast,2,4044506429,000227__A1C__contrast__s2.png
000228,/root/autodl-tmp/helmet_yolo_v10/images/train/000228.jpg,.jpg,glass_blur,2,821944565,000228__A1C__glass_blur__s2.png
000229,/root/autodl-tmp/helmet_yolo_v10/images/train/000229.jpg,.jpg,brightness,2,2920202430,000229__A1C__brightness__s2.png
000231,/root/autodl-tmp/helmet_yolo_v10/images/train/000231.jpg,.jpg,gaussian_noise,2,1014862919,000231__A1C__gaussian_noise__s2.png
000232,/root/autodl-tmp/helmet_yolo_v10/images/train/000232.jpg,.jpg,fog,3,743370901,000232__A1C__fog__s3.png
000233,/root/autodl-tmp/helmet_yolo_v10/images/train/000233.jpg,.jpg,frost,1,2859986844,000233__A1C__frost__s1.png
000235,/root/autodl-tmp/helmet_yolo_v10/images/train/000235.jpg,.jpg,impulse_noise,3,834185808,000235__A1C__impulse_noise__s3.png
000236,/root/autodl-tmp/helmet_yolo_v10/images/train/000236.jpg,.jpg,pixelate,3,2768352383,000236__A1C__pixelate__s3.png
000237,/root/autodl-tmp/helmet_yolo_v10/images/train/000237.jpg,.jpg,frost,3,3193076152,000237__A1C__frost__s3.png
000238,/root/autodl-tmp/helmet_yolo_v10/images/train/000238.jpg,.jpg,defocus_blur,3,3315120183,000238__A1C__defocus_blur__s3.png
000240,/root/autodl-tmp/helmet_yolo_v10/images/train/000240.jpg,.jpg,jpeg_compression,1,3663402596,000240__A1C__jpeg_compression__s1.png
000241,/root/autodl-tmp/helmet_yolo_v10/images/train/000241.jpg,.jpg,snow,1,148956598,000241__A1C__snow__s1.png
000243,/root/autodl-tmp/helmet_yolo_v10/images/train/000243.jpg,.jpg,jpeg_compression,2,438765237,000243__A1C__jpeg_compression__s2.png
000245,/root/autodl-tmp/helmet_yolo_v10/images/train/000245.jpg,.jpg,motion_blur,1,2183039254,000245__A1C__motion_blur__s1.png
000246,/root/autodl-tmp/helmet_yolo_v10/images/train/000246.jpg,.jpg,jpeg_compression,3,3793812701,000246__A1C__jpeg_compression__s3.png
000247,/root/autodl-tmp/helmet_yolo_v10/images/train/000247.jpg,.jpg,zoom_blur,1,3509470729,000247__A1C__zoom_blur__s1.png
000248,/root/autodl-tmp/helmet_yolo_v10/images/train/000248.jpg,.jpg,shot_noise,2,2361316087,000248__A1C__shot_noise__s2.png
000249,/root/autodl-tmp/helmet_yolo_v10/images/train/000249.jpg,.jpg,impulse_noise,2,350272935,000249__A1C__impulse_noise__s2.png
000252,/root/autodl-tmp/helmet_yolo_v10/images/train/000252.jpg,.jpg,jpeg_compression,3,2059316179,000252__A1C__jpeg_compression__s3.png
000253,/root/autodl-tmp/helmet_yolo_v10/images/train/000253.jpg,.jpg,contrast,3,102259151,000253__A1C__contrast__s3.png
000254,/root/autodl-tmp/helmet_yolo_v10/images/train/000254.jpg,.jpg,glass_blur,1,1963124099,000254__A1C__glass_blur__s1.png
000256,/root/autodl-tmp/helmet_yolo_v10/images/train/000256.jpg,.jpg,defocus_blur,2,2494769882,000256__A1C__defocus_blur__s2.png
000257,/root/autodl-tmp/helmet_yolo_v10/images/train/000257.jpg,.jpg,impulse_noise,2,205814372,000257__A1C__impulse_noise__s2.png
000258,/root/autodl-tmp/helmet_yolo_v10/images/train/000258.jpg,.jpg,contrast,2,1154649010,000258__A1C__contrast__s2.png
000259,/root/autodl-tmp/helmet_yolo_v10/images/train/000259.jpg,.jpg,snow,3,3565042484,000259__A1C__snow__s3.png
000260,/root/autodl-tmp/helmet_yolo_v10/images/train/000260.jpg,.jpg,motion_blur,2,863033052,000260__A1C__motion_blur__s2.png
000262,/root/autodl-tmp/helmet_yolo_v10/images/train/000262.jpg,.jpg,contrast,1,3201082397,000262__A1C__contrast__s1.png
000263,/root/autodl-tmp/helmet_yolo_v10/images/train/000263.jpg,.jpg,impulse_noise,1,3665121641,000263__A1C__impulse_noise__s1.png
000264,/root/autodl-tmp/helmet_yolo_v10/images/train/000264.jpg,.jpg,fog,2,4085498049,000264__A1C__fog__s2.png
000266,/root/autodl-tmp/helmet_yolo_v10/images/train/000266.jpg,.jpg,defocus_blur,2,3229773603,000266__A1C__defocus_blur__s2.png
000267,/root/autodl-tmp/helmet_yolo_v10/images/train/000267.jpg,.jpg,shot_noise,3,240194515,000267__A1C__shot_noise__s3.png
000268,/root/autodl-tmp/helmet_yolo_v10/images/train/000268.jpg,.jpg,fog,2,1458243077,000268__A1C__fog__s2.png
000269,/root/autodl-tmp/helmet_yolo_v10/images/train/000269.jpg,.jpg,zoom_blur,3,3488545234,000269__A1C__zoom_blur__s3.png
000270,/root/autodl-tmp/helmet_yolo_v10/images/train/000270.jpg,.jpg,glass_blur,1,861597857,000270__A1C__glass_blur__s1.png
000272,/root/autodl-tmp/helmet_yolo_v10/images/train/000272.jpg,.jpg,snow,3,1882453286,000272__A1C__snow__s3.png
000274,/root/autodl-tmp/helmet_yolo_v10/images/train/000274.jpg,.jpg,motion_blur,2,3579771450,000274__A1C__motion_blur__s2.png
000276,/root/autodl-tmp/helmet_yolo_v10/images/train/000276.jpg,.jpg,jpeg_compression,1,2887376468,000276__A1C__jpeg_compression__s1.png
000277,/root/autodl-tmp/helmet_yolo_v10/images/train/000277.jpg,.jpg,pixelate,1,3820056433,000277__A1C__pixelate__s1.png
000278,/root/autodl-tmp/helmet_yolo_v10/images/train/000278.jpg,.jpg,zoom_blur,3,4268960300,000278__A1C__zoom_blur__s3.png
000281,/root/autodl-tmp/helmet_yolo_v10/images/train/000281.jpg,.jpg,contrast,2,933849443,000281__A1C__contrast__s2.png
000282,/root/autodl-tmp/helmet_yolo_v10/images/train/000282.jpg,.jpg,snow,1,2537110073,000282__A1C__snow__s1.png
000284,/root/autodl-tmp/helmet_yolo_v10/images/train/000284.jpg,.jpg,glass_blur,3,4213833788,000284__A1C__glass_blur__s3.png
000286,/root/autodl-tmp/helmet_yolo_v10/images/train/000286.jpg,.jpg,glass_blur,1,189872378,000286__A1C__glass_blur__s1.png
000287,/root/autodl-tmp/helmet_yolo_v10/images/train/000287.jpg,.jpg,gaussian_noise,2,2482965177,000287__A1C__gaussian_noise__s2.png
000288,/root/autodl-tmp/helmet_yolo_v10/images/train/000288.jpg,.jpg,shot_noise,3,737011283,000288__A1C__shot_noise__s3.png
000289,/root/autodl-tmp/helmet_yolo_v10/images/train/000289.jpg,.jpg,jpeg_compression,2,2894160737,000289__A1C__jpeg_compression__s2.png
000290,/root/autodl-tmp/helmet_yolo_v10/images/train/000290.jpg,.jpg,pixelate,3,2167154779,000290__A1C__pixelate__s3.png
000292,/root/autodl-tmp/helmet_yolo_v10/images/train/000292.jpg,.jpg,impulse_noise,1,331317426,000292__A1C__impulse_noise__s1.png
000293,/root/autodl-tmp/helmet_yolo_v10/images/train/000293.jpg,.jpg,impulse_noise,1,2066623761,000293__A1C__impulse_noise__s1.png
000294,/root/autodl-tmp/helmet_yolo_v10/images/train/000294.jpg,.jpg,motion_blur,3,4068368007,000294__A1C__motion_blur__s3.png
000295,/root/autodl-tmp/helmet_yolo_v10/images/train/000295.jpg,.jpg,frost,3,1681783261,000295__A1C__frost__s3.png
000296,/root/autodl-tmp/helmet_yolo_v10/images/train/000296.jpg,.jpg,snow,1,2882778464,000296__A1C__snow__s1.png
000298,/root/autodl-tmp/helmet_yolo_v10/images/train/000298.jpg,.jpg,brightness,2,2908184420,000298__A1C__brightness__s2.png
000299,/root/autodl-tmp/helmet_yolo_v10/images/train/000299.jpg,.jpg,zoom_blur,3,290282443,000299__A1C__zoom_blur__s3.png
000302,/root/autodl-tmp/helmet_yolo_v10/images/train/000302.jpg,.jpg,jpeg_compression,3,4249775948,000302__A1C__jpeg_compression__s3.png
000303,/root/autodl-tmp/helmet_yolo_v10/images/train/000303.jpg,.jpg,snow,3,911815777,000303__A1C__snow__s3.png
000304,/root/autodl-tmp/helmet_yolo_v10/images/train/000304.jpg,.jpg,gaussian_noise,2,2125506064,000304__A1C__gaussian_noise__s2.png
000305,/root/autodl-tmp/helmet_yolo_v10/images/train/000305.jpg,.jpg,brightness,2,1980164501,000305__A1C__brightness__s2.png
000308,/root/autodl-tmp/helmet_yolo_v10/images/train/000308.jpg,.jpg,pixelate,2,3475077484,000308__A1C__pixelate__s2.png
000310,/root/autodl-tmp/helmet_yolo_v10/images/train/000310.jpg,.jpg,glass_blur,2,4206923649,000310__A1C__glass_blur__s2.png
000311,/root/autodl-tmp/helmet_yolo_v10/images/train/000311.jpg,.jpg,impulse_noise,2,2190429479,000311__A1C__impulse_noise__s2.png
000314,/root/autodl-tmp/helmet_yolo_v10/images/train/000314.jpg,.jpg,zoom_blur,3,3853247780,000314__A1C__zoom_blur__s3.png
000315,/root/autodl-tmp/helmet_yolo_v10/images/train/000315.jpg,.jpg,shot_noise,2,1460985581,000315__A1C__shot_noise__s2.png
000316,/root/autodl-tmp/helmet_yolo_v10/images/train/000316.jpg,.jpg,glass_blur,1,2928631596,000316__A1C__glass_blur__s1.png
000318,/root/autodl-tmp/helmet_yolo_v10/images/train/000318.jpg,.jpg,motion_blur,2,727943974,000318__A1C__motion_blur__s2.png
000320,/root/autodl-tmp/helmet_yolo_v10/images/train/000320.jpg,.jpg,glass_blur,3,1197614008,000320__A1C__glass_blur__s3.png
000323,/root/autodl-tmp/helmet_yolo_v10/images/train/000323.jpg,.jpg,defocus_blur,1,757765610,000323__A1C__defocus_blur__s1.png
000325,/root/autodl-tmp/helmet_yolo_v10/images/train/000325.jpg,.jpg,zoom_blur,3,3900696812,000325__A1C__zoom_blur__s3.png
000327,/root/autodl-tmp/helmet_yolo_v10/images/train/000327.jpg,.jpg,gaussian_noise,3,713380377,000327__A1C__gaussian_noise__s3.png
000329,/root/autodl-tmp/helmet_yolo_v10/images/train/000329.jpg,.jpg,brightness,2,797981400,000329__A1C__brightness__s2.png
000330,/root/autodl-tmp/helmet_yolo_v10/images/train/000330.jpg,.jpg,glass_blur,3,3175494427,000330__A1C__glass_blur__s3.png
000331,/root/autodl-tmp/helmet_yolo_v10/images/train/000331.jpg,.jpg,frost,3,1153469903,000331__A1C__frost__s3.png
000333,/root/autodl-tmp/helmet_yolo_v10/images/train/000333.jpg,.jpg,glass_blur,2,3699380435,000333__A1C__glass_blur__s2.png
000334,/root/autodl-tmp/helmet_yolo_v10/images/train/000334.jpg,.jpg,shot_noise,2,1305790852,000334__A1C__shot_noise__s2.png
000335,/root/autodl-tmp/helmet_yolo_v10/images/train/000335.jpg,.jpg,zoom_blur,1,306038743,000335__A1C__zoom_blur__s1.png
000336,/root/autodl-tmp/helmet_yolo_v10/images/train/000336.jpg,.jpg,impulse_noise,3,3073664783,000336__A1C__impulse_noise__s3.png
000337,/root/autodl-tmp/helmet_yolo_v10/images/train/000337.jpg,.jpg,pixelate,3,916035057,000337__A1C__pixelate__s3.png
000339,/root/autodl-tmp/helmet_yolo_v10/images/train/000339.jpg,.jpg,zoom_blur,3,811983323,000339__A1C__zoom_blur__s3.png
000340,/root/autodl-tmp/helmet_yolo_v10/images/train/000340.jpg,.jpg,glass_blur,1,3823063557,000340__A1C__glass_blur__s1.png
000342,/root/autodl-tmp/helmet_yolo_v10/images/train/000342.jpg,.jpg,defocus_blur,3,3106843109,000342__A1C__defocus_blur__s3.png
000343,/root/autodl-tmp/helmet_yolo_v10/images/train/000343.jpg,.jpg,shot_noise,3,3091577515,000343__A1C__shot_noise__s3.png
000345,/root/autodl-tmp/helmet_yolo_v10/images/train/000345.jpg,.jpg,glass_blur,3,4285576203,000345__A1C__glass_blur__s3.png
000347,/root/autodl-tmp/helmet_yolo_v10/images/train/000347.jpg,.jpg,frost,3,1877403231,000347__A1C__frost__s3.png
000349,/root/autodl-tmp/helmet_yolo_v10/images/train/000349.jpg,.jpg,impulse_noise,1,2474412857,000349__A1C__impulse_noise__s1.png
000350,/root/autodl-tmp/helmet_yolo_v10/images/train/000350.jpg,.jpg,fog,1,3445337587,000350__A1C__fog__s1.png
000351,/root/autodl-tmp/helmet_yolo_v10/images/train/000351.jpg,.jpg,impulse_noise,3,3286130460,000351__A1C__impulse_noise__s3.png
000352,/root/autodl-tmp/helmet_yolo_v10/images/train/000352.jpg,.jpg,shot_noise,2,2180452441,000352__A1C__shot_noise__s2.png
000353,/root/autodl-tmp/helmet_yolo_v10/images/train/000353.jpg,.jpg,fog,2,2391543857,000353__A1C__fog__s2.png
000354,/root/autodl-tmp/helmet_yolo_v10/images/train/000354.jpg,.jpg,shot_noise,2,3495230890,000354__A1C__shot_noise__s2.png
000356,/root/autodl-tmp/helmet_yolo_v10/images/train/000356.jpg,.jpg,zoom_blur,3,2307597770,000356__A1C__zoom_blur__s3.png
000357,/root/autodl-tmp/helmet_yolo_v10/images/train/000357.jpg,.jpg,motion_blur,1,1971630869,000357__A1C__motion_blur__s1.png
000359,/root/autodl-tmp/helmet_yolo_v10/images/train/000359.jpg,.jpg,snow,2,2872043368,000359__A1C__snow__s2.png
000360,/root/autodl-tmp/helmet_yolo_v10/images/train/000360.jpg,.jpg,impulse_noise,1,2535203695,000360__A1C__impulse_noise__s1.png
000361,/root/autodl-tmp/helmet_yolo_v10/images/train/000361.jpg,.jpg,pixelate,2,1879405227,000361__A1C__pixelate__s2.png
000362,/root/autodl-tmp/helmet_yolo_v10/images/train/000362.jpg,.jpg,impulse_noise,3,3624026390,000362__A1C__impulse_noise__s3.png
000365,/root/autodl-tmp/helmet_yolo_v10/images/train/000365.jpg,.jpg,fog,2,3746098838,000365__A1C__fog__s2.png
000369,/root/autodl-tmp/helmet_yolo_v10/images/train/000369.jpg,.jpg,glass_blur,1,2781590266,000369__A1C__glass_blur__s1.png
000370,/root/autodl-tmp/helmet_yolo_v10/images/train/000370.jpg,.jpg,zoom_blur,3,1732728465,000370__A1C__zoom_blur__s3.png
000371,/root/autodl-tmp/helmet_yolo_v10/images/train/000371.jpg,.jpg,zoom_blur,1,4069036716,000371__A1C__zoom_blur__s1.png
000372,/root/autodl-tmp/helmet_yolo_v10/images/train/000372.jpg,.jpg,snow,2,3944777264,000372__A1C__snow__s2.png
000373,/root/autodl-tmp/helmet_yolo_v10/images/train/000373.jpg,.jpg,brightness,1,46562215,000373__A1C__brightness__s1.png
000374,/root/autodl-tmp/helmet_yolo_v10/images/train/000374.jpg,.jpg,impulse_noise,2,3754441903,000374__A1C__impulse_noise__s2.png
000375,/root/autodl-tmp/helmet_yolo_v10/images/train/000375.jpg,.jpg,defocus_blur,2,3141713588,000375__A1C__defocus_blur__s2.png
000376,/root/autodl-tmp/helmet_yolo_v10/images/train/000376.jpg,.jpg,brightness,3,562372297,000376__A1C__brightness__s3.png
000377,/root/autodl-tmp/helmet_yolo_v10/images/train/000377.jpg,.jpg,shot_noise,3,2391990779,000377__A1C__shot_noise__s3.png
000379,/root/autodl-tmp/helmet_yolo_v10/images/train/000379.jpg,.jpg,zoom_blur,2,1468431424,000379__A1C__zoom_blur__s2.png
000381,/root/autodl-tmp/helmet_yolo_v10/images/train/000381.jpg,.jpg,shot_noise,3,1869150490,000381__A1C__shot_noise__s3.png
000383,/root/autodl-tmp/helmet_yolo_v10/images/train/000383.jpg,.jpg,gaussian_noise,2,1230491354,000383__A1C__gaussian_noise__s2.png
000384,/root/autodl-tmp/helmet_yolo_v10/images/train/000384.jpg,.jpg,motion_blur,1,1432522254,000384__A1C__motion_blur__s1.png
000386,/root/autodl-tmp/helmet_yolo_v10/images/train/000386.jpg,.jpg,brightness,2,54967462,000386__A1C__brightness__s2.png
000390,/root/autodl-tmp/helmet_yolo_v10/images/train/000390.jpg,.jpg,fog,3,1572825945,000390__A1C__fog__s3.png
000391,/root/autodl-tmp/helmet_yolo_v10/images/train/000391.jpg,.jpg,motion_blur,3,2291954812,000391__A1C__motion_blur__s3.png
000393,/root/autodl-tmp/helmet_yolo_v10/images/train/000393.jpg,.jpg,impulse_noise,2,3634786025,000393__A1C__impulse_noise__s2.png
000396,/root/autodl-tmp/helmet_yolo_v10/images/train/000396.jpg,.jpg,gaussian_noise,2,3733470269,000396__A1C__gaussian_noise__s2.png
000397,/root/autodl-tmp/helmet_yolo_v10/images/train/000397.jpg,.jpg,zoom_blur,2,2392540248,000397__A1C__zoom_blur__s2.png
000399,/root/autodl-tmp/helmet_yolo_v10/images/train/000399.jpg,.jpg,impulse_noise,1,19126354,000399__A1C__impulse_noise__s1.png
000400,/root/autodl-tmp/helmet_yolo_v10/images/train/000400.jpg,.jpg,snow,1,828295039,000400__A1C__snow__s1.png
000401,/root/autodl-tmp/helmet_yolo_v10/images/train/000401.jpg,.jpg,impulse_noise,1,1248696873,000401__A1C__impulse_noise__s1.png
000402,/root/autodl-tmp/helmet_yolo_v10/images/train/000402.jpg,.jpg,gaussian_noise,3,3516540812,000402__A1C__gaussian_noise__s3.png
000403,/root/autodl-tmp/helmet_yolo_v10/images/train/000403.jpg,.jpg,snow,1,3937950097,000403__A1C__snow__s1.png
000404,/root/autodl-tmp/helmet_yolo_v10/images/train/000404.jpg,.jpg,zoom_blur,2,1053795485,000404__A1C__zoom_blur__s2.png
000405,/root/autodl-tmp/helmet_yolo_v10/images/train/000405.jpg,.jpg,contrast,3,3668360538,000405__A1C__contrast__s3.png
000406,/root/autodl-tmp/helmet_yolo_v10/images/train/000406.jpg,.jpg,snow,2,2867167056,000406__A1C__snow__s2.png
000408,/root/autodl-tmp/helmet_yolo_v10/images/train/000408.jpg,.jpg,defocus_blur,2,3064289416,000408__A1C__defocus_blur__s2.png
000411,/root/autodl-tmp/helmet_yolo_v10/images/train/000411.jpg,.jpg,snow,3,3511879492,000411__A1C__snow__s3.png
000415,/root/autodl-tmp/helmet_yolo_v10/images/train/000415.jpg,.jpg,jpeg_compression,3,3808307741,000415__A1C__jpeg_compression__s3.png
000416,/root/autodl-tmp/helmet_yolo_v10/images/train/000416.jpg,.jpg,fog,2,2722225391,000416__A1C__fog__s2.png
000417,/root/autodl-tmp/helmet_yolo_v10/images/train/000417.jpg,.jpg,gaussian_noise,1,4064172440,000417__A1C__gaussian_noise__s1.png
000418,/root/autodl-tmp/helmet_yolo_v10/images/train/000418.jpg,.jpg,snow,3,2194284872,000418__A1C__snow__s3.png
000419,/root/autodl-tmp/helmet_yolo_v10/images/train/000419.jpg,.jpg,gaussian_noise,2,1371742396,000419__A1C__gaussian_noise__s2.png
000421,/root/autodl-tmp/helmet_yolo_v10/images/train/000421.jpg,.jpg,brightness,1,2196687467,000421__A1C__brightness__s1.png
000425,/root/autodl-tmp/helmet_yolo_v10/images/train/000425.jpg,.jpg,zoom_blur,1,2531550005,000425__A1C__zoom_blur__s1.png
000426,/root/autodl-tmp/helmet_yolo_v10/images/train/000426.jpg,.jpg,zoom_blur,3,3172253034,000426__A1C__zoom_blur__s3.png
000429,/root/autodl-tmp/helmet_yolo_v10/images/train/000429.jpg,.jpg,motion_blur,3,800218956,000429__A1C__motion_blur__s3.png
000430,/root/autodl-tmp/helmet_yolo_v10/images/train/000430.jpg,.jpg,jpeg_compression,2,1000758709,000430__A1C__jpeg_compression__s2.png
000431,/root/autodl-tmp/helmet_yolo_v10/images/train/000431.jpg,.jpg,snow,2,1482660255,000431__A1C__snow__s2.png
000432,/root/autodl-tmp/helmet_yolo_v10/images/train/000432.jpg,.jpg,contrast,2,3399316772,000432__A1C__contrast__s2.png
000433,/root/autodl-tmp/helmet_yolo_v10/images/train/000433.jpg,.jpg,glass_blur,3,3041261792,000433__A1C__glass_blur__s3.png
000436,/root/autodl-tmp/helmet_yolo_v10/images/train/000436.jpg,.jpg,frost,3,3981722789,000436__A1C__frost__s3.png
000437,/root/autodl-tmp/helmet_yolo_v10/images/train/000437.jpg,.jpg,contrast,3,3847421311,000437__A1C__contrast__s3.png
000438,/root/autodl-tmp/helmet_yolo_v10/images/train/000438.jpg,.jpg,snow,2,365381979,000438__A1C__snow__s2.png
000439,/root/autodl-tmp/helmet_yolo_v10/images/train/000439.jpg,.jpg,snow,2,4163903850,000439__A1C__snow__s2.png
000440,/root/autodl-tmp/helmet_yolo_v10/images/train/000440.jpg,.jpg,glass_blur,2,4145590763,000440__A1C__glass_blur__s2.png
000442,/root/autodl-tmp/helmet_yolo_v10/images/train/000442.jpg,.jpg,contrast,2,884102838,000442__A1C__contrast__s2.png
000443,/root/autodl-tmp/helmet_yolo_v10/images/train/000443.jpg,.jpg,pixelate,2,1907442040,000443__A1C__pixelate__s2.png
000446,/root/autodl-tmp/helmet_yolo_v10/images/train/000446.jpg,.jpg,brightness,3,3575442711,000446__A1C__brightness__s3.png
000448,/root/autodl-tmp/helmet_yolo_v10/images/train/000448.jpg,.jpg,pixelate,2,489963769,000448__A1C__pixelate__s2.png
000449,/root/autodl-tmp/helmet_yolo_v10/images/train/000449.jpg,.jpg,motion_blur,1,3999361071,000449__A1C__motion_blur__s1.png
000450,/root/autodl-tmp/helmet_yolo_v10/images/train/000450.jpg,.jpg,pixelate,1,3555079338,000450__A1C__pixelate__s1.png
000454,/root/autodl-tmp/helmet_yolo_v10/images/train/000454.jpg,.jpg,motion_blur,2,3589596783,000454__A1C__motion_blur__s2.png
000455,/root/autodl-tmp/helmet_yolo_v10/images/train/000455.jpg,.jpg,pixelate,1,1462735010,000455__A1C__pixelate__s1.png
000456,/root/autodl-tmp/helmet_yolo_v10/images/train/000456.jpg,.jpg,motion_blur,3,2564566287,000456__A1C__motion_blur__s3.png
000458,/root/autodl-tmp/helmet_yolo_v10/images/train/000458.jpg,.jpg,gaussian_noise,3,3503043981,000458__A1C__gaussian_noise__s3.png
000459,/root/autodl-tmp/helmet_yolo_v10/images/train/000459.jpg,.jpg,gaussian_noise,3,2031446095,000459__A1C__gaussian_noise__s3.png
000460,/root/autodl-tmp/helmet_yolo_v10/images/train/000460.jpg,.jpg,jpeg_compression,1,1266763314,000460__A1C__jpeg_compression__s1.png
000462,/root/autodl-tmp/helmet_yolo_v10/images/train/000462.jpg,.jpg,brightness,2,1788086759,000462__A1C__brightness__s2.png
000464,/root/autodl-tmp/helmet_yolo_v10/images/train/000464.jpg,.jpg,motion_blur,3,3786256634,000464__A1C__motion_blur__s3.png
000466,/root/autodl-tmp/helmet_yolo_v10/images/train/000466.jpg,.jpg,fog,1,206299631,000466__A1C__fog__s1.png
000468,/root/autodl-tmp/helmet_yolo_v10/images/train/000468.jpg,.jpg,motion_blur,3,1976512021,000468__A1C__motion_blur__s3.png
000469,/root/autodl-tmp/helmet_yolo_v10/images/train/000469.jpg,.jpg,glass_blur,3,1640363601,000469__A1C__glass_blur__s3.png
000470,/root/autodl-tmp/helmet_yolo_v10/images/train/000470.jpg,.jpg,shot_noise,3,63958217,000470__A1C__shot_noise__s3.png
000471,/root/autodl-tmp/helmet_yolo_v10/images/train/000471.jpg,.jpg,contrast,1,3786955213,000471__A1C__contrast__s1.png
000472,/root/autodl-tmp/helmet_yolo_v10/images/train/000472.jpg,.jpg,impulse_noise,2,3542843040,000472__A1C__impulse_noise__s2.png
000473,/root/autodl-tmp/helmet_yolo_v10/images/train/000473.jpg,.jpg,contrast,1,273765952,000473__A1C__contrast__s1.png
000474,/root/autodl-tmp/helmet_yolo_v10/images/train/000474.jpg,.jpg,gaussian_noise,1,3439436810,000474__A1C__gaussian_noise__s1.png
000477,/root/autodl-tmp/helmet_yolo_v10/images/train/000477.jpg,.jpg,glass_blur,1,4267606731,000477__A1C__glass_blur__s1.png
000479,/root/autodl-tmp/helmet_yolo_v10/images/train/000479.jpg,.jpg,gaussian_noise,3,4208267282,000479__A1C__gaussian_noise__s3.png
000480,/root/autodl-tmp/helmet_yolo_v10/images/train/000480.jpg,.jpg,pixelate,3,93284465,000480__A1C__pixelate__s3.png
000481,/root/autodl-tmp/helmet_yolo_v10/images/train/000481.jpg,.jpg,defocus_blur,1,3626871635,000481__A1C__defocus_blur__s1.png
000482,/root/autodl-tmp/helmet_yolo_v10/images/train/000482.jpg,.jpg,fog,1,2367090413,000482__A1C__fog__s1.png
000483,/root/autodl-tmp/helmet_yolo_v10/images/train/000483.jpg,.jpg,motion_blur,1,521050133,000483__A1C__motion_blur__s1.png
000484,/root/autodl-tmp/helmet_yolo_v10/images/train/000484.jpg,.jpg,pixelate,1,4213313495,000484__A1C__pixelate__s1.png
000485,/root/autodl-tmp/helmet_yolo_v10/images/train/000485.jpg,.jpg,zoom_blur,2,3858737204,000485__A1C__zoom_blur__s2.png
000488,/root/autodl-tmp/helmet_yolo_v10/images/train/000488.jpg,.jpg,impulse_noise,1,479722994,000488__A1C__impulse_noise__s1.png
000489,/root/autodl-tmp/helmet_yolo_v10/images/train/000489.jpg,.jpg,jpeg_compression,3,1804968661,000489__A1C__jpeg_compression__s3.png
000490,/root/autodl-tmp/helmet_yolo_v10/images/train/000490.jpg,.jpg,contrast,3,3820551172,000490__A1C__contrast__s3.png
000491,/root/autodl-tmp/helmet_yolo_v10/images/train/000491.jpg,.jpg,jpeg_compression,3,2675805907,000491__A1C__jpeg_compression__s3.png
000492,/root/autodl-tmp/helmet_yolo_v10/images/train/000492.jpg,.jpg,impulse_noise,2,396779391,000492__A1C__impulse_noise__s2.png
000495,/root/autodl-tmp/helmet_yolo_v10/images/train/000495.jpg,.jpg,defocus_blur,3,4127760697,000495__A1C__defocus_blur__s3.png
000496,/root/autodl-tmp/helmet_yolo_v10/images/train/000496.jpg,.jpg,fog,3,558031776,000496__A1C__fog__s3.png
000497,/root/autodl-tmp/helmet_yolo_v10/images/train/000497.jpg,.jpg,pixelate,3,908748848,000497__A1C__pixelate__s3.png
000498,/root/autodl-tmp/helmet_yolo_v10/images/train/000498.jpg,.jpg,glass_blur,1,1023961148,000498__A1C__glass_blur__s1.png
000500,/root/autodl-tmp/helmet_yolo_v10/images/train/000500.jpg,.jpg,pixelate,2,186318775,000500__A1C__pixelate__s2.png
000501,/root/autodl-tmp/helmet_yolo_v10/images/train/000501.jpg,.jpg,zoom_blur,1,4286932544,000501__A1C__zoom_blur__s1.png
000502,/root/autodl-tmp/helmet_yolo_v10/images/train/000502.jpg,.jpg,gaussian_noise,1,4050278719,000502__A1C__gaussian_noise__s1.png
000503,/root/autodl-tmp/helmet_yolo_v10/images/train/000503.jpg,.jpg,zoom_blur,2,415874909,000503__A1C__zoom_blur__s2.png
000504,/root/autodl-tmp/helmet_yolo_v10/images/train/000504.jpg,.jpg,zoom_blur,3,1950024952,000504__A1C__zoom_blur__s3.png
000506,/root/autodl-tmp/helmet_yolo_v10/images/train/000506.jpg,.jpg,gaussian_noise,3,857663031,000506__A1C__gaussian_noise__s3.png
000507,/root/autodl-tmp/helmet_yolo_v10/images/train/000507.jpg,.jpg,brightness,3,2671428334,000507__A1C__brightness__s3.png
000508,/root/autodl-tmp/helmet_yolo_v10/images/train/000508.jpg,.jpg,fog,3,2014503051,000508__A1C__fog__s3.png
000509,/root/autodl-tmp/helmet_yolo_v10/images/train/000509.jpg,.jpg,defocus_blur,1,2288183475,000509__A1C__defocus_blur__s1.png
000511,/root/autodl-tmp/helmet_yolo_v10/images/train/000511.jpg,.jpg,fog,2,671068420,000511__A1C__fog__s2.png
000512,/root/autodl-tmp/helmet_yolo_v10/images/train/000512.jpg,.jpg,impulse_noise,1,2709968248,000512__A1C__impulse_noise__s1.png
000513,/root/autodl-tmp/helmet_yolo_v10/images/train/000513.jpg,.jpg,zoom_blur,3,3420848965,000513__A1C__zoom_blur__s3.png
000514,/root/autodl-tmp/helmet_yolo_v10/images/train/000514.jpg,.jpg,pixelate,3,903447398,000514__A1C__pixelate__s3.png
000516,/root/autodl-tmp/helmet_yolo_v10/images/train/000516.jpg,.jpg,brightness,2,3050329896,000516__A1C__brightness__s2.png
000517,/root/autodl-tmp/helmet_yolo_v10/images/train/000517.jpg,.jpg,defocus_blur,2,3873581855,000517__A1C__defocus_blur__s2.png
000518,/root/autodl-tmp/helmet_yolo_v10/images/train/000518.jpg,.jpg,impulse_noise,3,645165944,000518__A1C__impulse_noise__s3.png
000520,/root/autodl-tmp/helmet_yolo_v10/images/train/000520.jpg,.jpg,zoom_blur,3,1085799493,000520__A1C__zoom_blur__s3.png
000525,/root/autodl-tmp/helmet_yolo_v10/images/train/000525.jpg,.jpg,motion_blur,3,63460990,000525__A1C__motion_blur__s3.png
000526,/root/autodl-tmp/helmet_yolo_v10/images/train/000526.jpg,.jpg,fog,3,1513115919,000526__A1C__fog__s3.png
000527,/root/autodl-tmp/helmet_yolo_v10/images/train/000527.jpg,.jpg,glass_blur,3,3999138280,000527__A1C__glass_blur__s3.png
000528,/root/autodl-tmp/helmet_yolo_v10/images/train/000528.jpg,.jpg,jpeg_compression,3,1856789061,000528__A1C__jpeg_compression__s3.png
000529,/root/autodl-tmp/helmet_yolo_v10/images/train/000529.jpg,.jpg,glass_blur,3,2155963737,000529__A1C__glass_blur__s3.png
000530,/root/autodl-tmp/helmet_yolo_v10/images/train/000530.jpg,.jpg,defocus_blur,3,2503372567,000530__A1C__defocus_blur__s3.png
000532,/root/autodl-tmp/helmet_yolo_v10/images/train/000532.jpg,.jpg,zoom_blur,3,1385576103,000532__A1C__zoom_blur__s3.png
000533,/root/autodl-tmp/helmet_yolo_v10/images/train/000533.jpg,.jpg,fog,3,3994137976,000533__A1C__fog__s3.png
000535,/root/autodl-tmp/helmet_yolo_v10/images/train/000535.jpg,.jpg,frost,2,388607142,000535__A1C__frost__s2.png
000536,/root/autodl-tmp/helmet_yolo_v10/images/train/000536.jpg,.jpg,motion_blur,3,1053522598,000536__A1C__motion_blur__s3.png
000538,/root/autodl-tmp/helmet_yolo_v10/images/train/000538.jpg,.jpg,frost,2,4123576074,000538__A1C__frost__s2.png
000541,/root/autodl-tmp/helmet_yolo_v10/images/train/000541.jpg,.jpg,defocus_blur,3,1413136101,000541__A1C__defocus_blur__s3.png
000543,/root/autodl-tmp/helmet_yolo_v10/images/train/000543.jpg,.jpg,pixelate,2,3794792619,000543__A1C__pixelate__s2.png
000544,/root/autodl-tmp/helmet_yolo_v10/images/train/000544.jpg,.jpg,brightness,3,2750144999,000544__A1C__brightness__s3.png
000546,/root/autodl-tmp/helmet_yolo_v10/images/train/000546.jpg,.jpg,glass_blur,2,3000607209,000546__A1C__glass_blur__s2.png
000547,/root/autodl-tmp/helmet_yolo_v10/images/train/000547.jpg,.jpg,contrast,2,3945442396,000547__A1C__contrast__s2.png
000548,/root/autodl-tmp/helmet_yolo_v10/images/train/000548.jpg,.jpg,frost,3,4054786551,000548__A1C__frost__s3.png
000549,/root/autodl-tmp/helmet_yolo_v10/images/train/000549.jpg,.jpg,fog,3,1249710630,000549__A1C__fog__s3.png
000551,/root/autodl-tmp/helmet_yolo_v10/images/train/000551.jpg,.jpg,motion_blur,3,1754081156,000551__A1C__motion_blur__s3.png
000552,/root/autodl-tmp/helmet_yolo_v10/images/train/000552.jpg,.jpg,shot_noise,3,3867398968,000552__A1C__shot_noise__s3.png
000553,/root/autodl-tmp/helmet_yolo_v10/images/train/000553.jpg,.jpg,gaussian_noise,1,1055627459,000553__A1C__gaussian_noise__s1.png
000556,/root/autodl-tmp/helmet_yolo_v10/images/train/000556.jpg,.jpg,gaussian_noise,3,3357282997,000556__A1C__gaussian_noise__s3.png
000558,/root/autodl-tmp/helmet_yolo_v10/images/train/000558.jpg,.jpg,defocus_blur,2,4228457849,000558__A1C__defocus_blur__s2.png
000559,/root/autodl-tmp/helmet_yolo_v10/images/train/000559.jpg,.jpg,frost,3,1050039825,000559__A1C__frost__s3.png
000562,/root/autodl-tmp/helmet_yolo_v10/images/train/000562.jpg,.jpg,impulse_noise,1,3583984204,000562__A1C__impulse_noise__s1.png
000566,/root/autodl-tmp/helmet_yolo_v10/images/train/000566.jpg,.jpg,pixelate,2,1066844753,000566__A1C__pixelate__s2.png
000567,/root/autodl-tmp/helmet_yolo_v10/images/train/000567.jpg,.jpg,glass_blur,1,2858607150,000567__A1C__glass_blur__s1.png
000569,/root/autodl-tmp/helmet_yolo_v10/images/train/000569.jpg,.jpg,frost,1,2795474629,000569__A1C__frost__s1.png
000570,/root/autodl-tmp/helmet_yolo_v10/images/train/000570.jpg,.jpg,motion_blur,1,1964914471,000570__A1C__motion_blur__s1.png
000571,/root/autodl-tmp/helmet_yolo_v10/images/train/000571.jpg,.jpg,defocus_blur,1,2506590482,000571__A1C__defocus_blur__s1.png
000572,/root/autodl-tmp/helmet_yolo_v10/images/train/000572.jpg,.jpg,shot_noise,3,4195010543,000572__A1C__shot_noise__s3.png
000573,/root/autodl-tmp/helmet_yolo_v10/images/train/000573.jpg,.jpg,frost,1,2098943272,000573__A1C__frost__s1.png
000574,/root/autodl-tmp/helmet_yolo_v10/images/train/000574.jpg,.jpg,fog,3,241703360,000574__A1C__fog__s3.png
000575,/root/autodl-tmp/helmet_yolo_v10/images/train/000575.jpg,.jpg,frost,2,2221434073,000575__A1C__frost__s2.png
000576,/root/autodl-tmp/helmet_yolo_v10/images/train/000576.jpg,.jpg,pixelate,1,3668164381,000576__A1C__pixelate__s1.png
000578,/root/autodl-tmp/helmet_yolo_v10/images/train/000578.jpg,.jpg,brightness,1,4086088226,000578__A1C__brightness__s1.png
000579,/root/autodl-tmp/helmet_yolo_v10/images/train/000579.jpg,.jpg,contrast,1,1701863677,000579__A1C__contrast__s1.png
000580,/root/autodl-tmp/helmet_yolo_v10/images/train/000580.jpg,.jpg,shot_noise,2,892434120,000580__A1C__shot_noise__s2.png
000581,/root/autodl-tmp/helmet_yolo_v10/images/train/000581.jpg,.jpg,frost,1,3463333025,000581__A1C__frost__s1.png
000582,/root/autodl-tmp/helmet_yolo_v10/images/train/000582.jpg,.jpg,pixelate,3,3418267656,000582__A1C__pixelate__s3.png
000583,/root/autodl-tmp/helmet_yolo_v10/images/train/000583.jpg,.jpg,motion_blur,2,1800098397,000583__A1C__motion_blur__s2.png
000585,/root/autodl-tmp/helmet_yolo_v10/images/train/000585.jpg,.jpg,glass_blur,3,3389658913,000585__A1C__glass_blur__s3.png
000588,/root/autodl-tmp/helmet_yolo_v10/images/train/000588.jpg,.jpg,jpeg_compression,2,3885246695,000588__A1C__jpeg_compression__s2.png
000589,/root/autodl-tmp/helmet_yolo_v10/images/train/000589.jpg,.jpg,shot_noise,3,2196750855,000589__A1C__shot_noise__s3.png
000591,/root/autodl-tmp/helmet_yolo_v10/images/train/000591.jpg,.jpg,fog,2,2072776399,000591__A1C__fog__s2.png
000592,/root/autodl-tmp/helmet_yolo_v10/images/train/000592.jpg,.jpg,snow,2,627218623,000592__A1C__snow__s2.png
000594,/root/autodl-tmp/helmet_yolo_v10/images/train/000594.jpg,.jpg,brightness,3,3662898428,000594__A1C__brightness__s3.png
000595,/root/autodl-tmp/helmet_yolo_v10/images/train/000595.jpg,.jpg,frost,3,3975607091,000595__A1C__frost__s3.png
000597,/root/autodl-tmp/helmet_yolo_v10/images/train/000597.jpg,.jpg,pixelate,2,2389095530,000597__A1C__pixelate__s2.png
000598,/root/autodl-tmp/helmet_yolo_v10/images/train/000598.jpg,.jpg,pixelate,1,1466511827,000598__A1C__pixelate__s1.png
000601,/root/autodl-tmp/helmet_yolo_v10/images/train/000601.jpg,.jpg,gaussian_noise,1,520875772,000601__A1C__gaussian_noise__s1.png
000602,/root/autodl-tmp/helmet_yolo_v10/images/train/000602.jpg,.jpg,motion_blur,1,1614257804,000602__A1C__motion_blur__s1.png
000603,/root/autodl-tmp/helmet_yolo_v10/images/train/000603.jpg,.jpg,glass_blur,3,1268092788,000603__A1C__glass_blur__s3.png
000604,/root/autodl-tmp/helmet_yolo_v10/images/train/000604.jpg,.jpg,fog,1,2122977150,000604__A1C__fog__s1.png
000607,/root/autodl-tmp/helmet_yolo_v10/images/train/000607.jpg,.jpg,pixelate,3,2189920909,000607__A1C__pixelate__s3.png
000608,/root/autodl-tmp/helmet_yolo_v10/images/train/000608.jpg,.jpg,glass_blur,2,893742273,000608__A1C__glass_blur__s2.png
000613,/root/autodl-tmp/helmet_yolo_v10/images/train/000613.jpg,.jpg,snow,3,4127050004,000613__A1C__snow__s3.png
000615,/root/autodl-tmp/helmet_yolo_v10/images/train/000615.jpg,.jpg,frost,3,3659820616,000615__A1C__frost__s3.png
000617,/root/autodl-tmp/helmet_yolo_v10/images/train/000617.jpg,.jpg,snow,2,47803716,000617__A1C__snow__s2.png
000619,/root/autodl-tmp/helmet_yolo_v10/images/train/000619.jpg,.jpg,snow,3,849821965,000619__A1C__snow__s3.png
000620,/root/autodl-tmp/helmet_yolo_v10/images/train/000620.jpg,.jpg,brightness,3,1089458022,000620__A1C__brightness__s3.png
000621,/root/autodl-tmp/helmet_yolo_v10/images/train/000621.jpg,.jpg,snow,2,2945184830,000621__A1C__snow__s2.png
000622,/root/autodl-tmp/helmet_yolo_v10/images/train/000622.jpg,.jpg,motion_blur,2,45643150,000622__A1C__motion_blur__s2.png
000623,/root/autodl-tmp/helmet_yolo_v10/images/train/000623.jpg,.jpg,brightness,2,1655588640,000623__A1C__brightness__s2.png
000624,/root/autodl-tmp/helmet_yolo_v10/images/train/000624.jpg,.jpg,snow,1,3010917119,000624__A1C__snow__s1.png
000627,/root/autodl-tmp/helmet_yolo_v10/images/train/000627.jpg,.jpg,shot_noise,1,3576083047,000627__A1C__shot_noise__s1.png
000629,/root/autodl-tmp/helmet_yolo_v10/images/train/000629.jpg,.jpg,pixelate,3,3367372269,000629__A1C__pixelate__s3.png
000631,/root/autodl-tmp/helmet_yolo_v10/images/train/000631.jpg,.jpg,impulse_noise,3,1051925803,000631__A1C__impulse_noise__s3.png
000632,/root/autodl-tmp/helmet_yolo_v10/images/train/000632.jpg,.jpg,gaussian_noise,1,3114368711,000632__A1C__gaussian_noise__s1.png
000633,/root/autodl-tmp/helmet_yolo_v10/images/train/000633.jpg,.jpg,snow,1,2739006074,000633__A1C__snow__s1.png
000634,/root/autodl-tmp/helmet_yolo_v10/images/train/000634.jpg,.jpg,defocus_blur,3,1690864929,000634__A1C__defocus_blur__s3.png
000635,/root/autodl-tmp/helmet_yolo_v10/images/train/000635.jpg,.jpg,zoom_blur,1,864182303,000635__A1C__zoom_blur__s1.png
000636,/root/autodl-tmp/helmet_yolo_v10/images/train/000636.jpg,.jpg,impulse_noise,3,623275865,000636__A1C__impulse_noise__s3.png
000637,/root/autodl-tmp/helmet_yolo_v10/images/train/000637.jpg,.jpg,brightness,3,1327984911,000637__A1C__brightness__s3.png
000638,/root/autodl-tmp/helmet_yolo_v10/images/train/000638.jpg,.jpg,contrast,2,1277539860,000638__A1C__contrast__s2.png
000639,/root/autodl-tmp/helmet_yolo_v10/images/train/000639.jpg,.jpg,brightness,1,4071802224,000639__A1C__brightness__s1.png
000642,/root/autodl-tmp/helmet_yolo_v10/images/train/000642.jpg,.jpg,brightness,2,787726180,000642__A1C__brightness__s2.png
000645,/root/autodl-tmp/helmet_yolo_v10/images/train/000645.jpg,.jpg,defocus_blur,2,3779642434,000645__A1C__defocus_blur__s2.png
000647,/root/autodl-tmp/helmet_yolo_v10/images/train/000647.jpg,.jpg,gaussian_noise,3,916053800,000647__A1C__gaussian_noise__s3.png
000648,/root/autodl-tmp/helmet_yolo_v10/images/train/000648.jpg,.jpg,zoom_blur,2,3697262751,000648__A1C__zoom_blur__s2.png
000651,/root/autodl-tmp/helmet_yolo_v10/images/train/000651.jpg,.jpg,frost,1,2253832482,000651__A1C__frost__s1.png
000653,/root/autodl-tmp/helmet_yolo_v10/images/train/000653.jpg,.jpg,snow,2,256584000,000653__A1C__snow__s2.png
000654,/root/autodl-tmp/helmet_yolo_v10/images/train/000654.jpg,.jpg,fog,1,3114289637,000654__A1C__fog__s1.png
000656,/root/autodl-tmp/helmet_yolo_v10/images/train/000656.jpg,.jpg,glass_blur,1,948039953,000656__A1C__glass_blur__s1.png
000657,/root/autodl-tmp/helmet_yolo_v10/images/train/000657.jpg,.jpg,motion_blur,2,1676704918,000657__A1C__motion_blur__s2.png
000658,/root/autodl-tmp/helmet_yolo_v10/images/train/000658.jpg,.jpg,fog,3,1291007124,000658__A1C__fog__s3.png
000661,/root/autodl-tmp/helmet_yolo_v10/images/train/000661.jpg,.jpg,jpeg_compression,3,3103185521,000661__A1C__jpeg_compression__s3.png
000662,/root/autodl-tmp/helmet_yolo_v10/images/train/000662.jpg,.jpg,jpeg_compression,2,3878891849,000662__A1C__jpeg_compression__s2.png
000663,/root/autodl-tmp/helmet_yolo_v10/images/train/000663.jpg,.jpg,impulse_noise,3,3649535058,000663__A1C__impulse_noise__s3.png
000664,/root/autodl-tmp/helmet_yolo_v10/images/train/000664.jpg,.jpg,defocus_blur,2,686920338,000664__A1C__defocus_blur__s2.png
000668,/root/autodl-tmp/helmet_yolo_v10/images/train/000668.jpg,.jpg,frost,1,2177669527,000668__A1C__frost__s1.png
000669,/root/autodl-tmp/helmet_yolo_v10/images/train/000669.jpg,.jpg,snow,3,3684986870,000669__A1C__snow__s3.png
000670,/root/autodl-tmp/helmet_yolo_v10/images/train/000670.jpg,.jpg,pixelate,2,885178432,000670__A1C__pixelate__s2.png
000671,/root/autodl-tmp/helmet_yolo_v10/images/train/000671.jpg,.jpg,defocus_blur,3,3931606653,000671__A1C__defocus_blur__s3.png
000672,/root/autodl-tmp/helmet_yolo_v10/images/train/000672.jpg,.jpg,frost,3,1865372955,000672__A1C__frost__s3.png
000673,/root/autodl-tmp/helmet_yolo_v10/images/train/000673.jpg,.jpg,motion_blur,3,225749039,000673__A1C__motion_blur__s3.png
000674,/root/autodl-tmp/helmet_yolo_v10/images/train/000674.jpg,.jpg,zoom_blur,2,1155744095,000674__A1C__zoom_blur__s2.png
000675,/root/autodl-tmp/helmet_yolo_v10/images/train/000675.jpg,.jpg,defocus_blur,2,4056755172,000675__A1C__defocus_blur__s2.png
000676,/root/autodl-tmp/helmet_yolo_v10/images/train/000676.jpg,.jpg,frost,3,2862755869,000676__A1C__frost__s3.png
000677,/root/autodl-tmp/helmet_yolo_v10/images/train/000677.jpg,.jpg,fog,2,2764500880,000677__A1C__fog__s2.png
000678,/root/autodl-tmp/helmet_yolo_v10/images/train/000678.jpg,.jpg,frost,1,3759208318,000678__A1C__frost__s1.png
000682,/root/autodl-tmp/helmet_yolo_v10/images/train/000682.jpg,.jpg,contrast,2,1533397300,000682__A1C__contrast__s2.png
000683,/root/autodl-tmp/helmet_yolo_v10/images/train/000683.jpg,.jpg,defocus_blur,2,4255630132,000683__A1C__defocus_blur__s2.png
000686,/root/autodl-tmp/helmet_yolo_v10/images/train/000686.jpg,.jpg,zoom_blur,2,3190795285,000686__A1C__zoom_blur__s2.png
000687,/root/autodl-tmp/helmet_yolo_v10/images/train/000687.jpg,.jpg,motion_blur,2,1506269927,000687__A1C__motion_blur__s2.png
000689,/root/autodl-tmp/helmet_yolo_v10/images/train/000689.jpg,.jpg,fog,1,2761074810,000689__A1C__fog__s1.png
000690,/root/autodl-tmp/helmet_yolo_v10/images/train/000690.jpg,.jpg,fog,2,3330074115,000690__A1C__fog__s2.png
000691,/root/autodl-tmp/helmet_yolo_v10/images/train/000691.jpg,.jpg,glass_blur,2,1813212089,000691__A1C__glass_blur__s2.png
000692,/root/autodl-tmp/helmet_yolo_v10/images/train/000692.jpg,.jpg,contrast,3,77399925,000692__A1C__contrast__s3.png
000693,/root/autodl-tmp/helmet_yolo_v10/images/train/000693.jpg,.jpg,snow,3,3568694061,000693__A1C__snow__s3.png
000694,/root/autodl-tmp/helmet_yolo_v10/images/train/000694.jpg,.jpg,jpeg_compression,3,3867900005,000694__A1C__jpeg_compression__s3.png
000695,/root/autodl-tmp/helmet_yolo_v10/images/train/000695.jpg,.jpg,impulse_noise,1,1934556738,000695__A1C__impulse_noise__s1.png
000698,/root/autodl-tmp/helmet_yolo_v10/images/train/000698.jpg,.jpg,defocus_blur,1,2572320805,000698__A1C__defocus_blur__s1.png
000700,/root/autodl-tmp/helmet_yolo_v10/images/train/000700.jpg,.jpg,motion_blur,2,3148859569,000700__A1C__motion_blur__s2.png
000703,/root/autodl-tmp/helmet_yolo_v10/images/train/000703.jpg,.jpg,motion_blur,1,4244854371,000703__A1C__motion_blur__s1.png
000704,/root/autodl-tmp/helmet_yolo_v10/images/train/000704.jpg,.jpg,pixelate,3,4029501322,000704__A1C__pixelate__s3.png
000705,/root/autodl-tmp/helmet_yolo_v10/images/train/000705.jpg,.jpg,motion_blur,3,2149390433,000705__A1C__motion_blur__s3.png
000706,/root/autodl-tmp/helmet_yolo_v10/images/train/000706.jpg,.jpg,brightness,3,2377942373,000706__A1C__brightness__s3.png
000708,/root/autodl-tmp/helmet_yolo_v10/images/train/000708.jpg,.jpg,gaussian_noise,3,754070379,000708__A1C__gaussian_noise__s3.png
000709,/root/autodl-tmp/helmet_yolo_v10/images/train/000709.jpg,.jpg,jpeg_compression,3,2905479302,000709__A1C__jpeg_compression__s3.png
000710,/root/autodl-tmp/helmet_yolo_v10/images/train/000710.jpg,.jpg,shot_noise,3,1000149246,000710__A1C__shot_noise__s3.png
000711,/root/autodl-tmp/helmet_yolo_v10/images/train/000711.jpg,.jpg,snow,1,1343198038,000711__A1C__snow__s1.png
000714,/root/autodl-tmp/helmet_yolo_v10/images/train/000714.jpg,.jpg,zoom_blur,2,439972350,000714__A1C__zoom_blur__s2.png
000715,/root/autodl-tmp/helmet_yolo_v10/images/train/000715.jpg,.jpg,glass_blur,3,3439841096,000715__A1C__glass_blur__s3.png
000716,/root/autodl-tmp/helmet_yolo_v10/images/train/000716.jpg,.jpg,shot_noise,2,4126723076,000716__A1C__shot_noise__s2.png
000717,/root/autodl-tmp/helmet_yolo_v10/images/train/000717.jpg,.jpg,glass_blur,1,1585317486,000717__A1C__glass_blur__s1.png
000718,/root/autodl-tmp/helmet_yolo_v10/images/train/000718.jpg,.jpg,motion_blur,3,66769001,000718__A1C__motion_blur__s3.png
000719,/root/autodl-tmp/helmet_yolo_v10/images/train/000719.jpg,.jpg,gaussian_noise,3,4122385661,000719__A1C__gaussian_noise__s3.png
000720,/root/autodl-tmp/helmet_yolo_v10/images/train/000720.jpg,.jpg,shot_noise,3,2681140529,000720__A1C__shot_noise__s3.png
000721,/root/autodl-tmp/helmet_yolo_v10/images/train/000721.jpg,.jpg,jpeg_compression,3,1934794535,000721__A1C__jpeg_compression__s3.png
000723,/root/autodl-tmp/helmet_yolo_v10/images/train/000723.jpg,.jpg,glass_blur,2,1916329640,000723__A1C__glass_blur__s2.png
000724,/root/autodl-tmp/helmet_yolo_v10/images/train/000724.jpg,.jpg,brightness,2,889560534,000724__A1C__brightness__s2.png
000725,/root/autodl-tmp/helmet_yolo_v10/images/train/000725.jpg,.jpg,motion_blur,1,2880960546,000725__A1C__motion_blur__s1.png
000726,/root/autodl-tmp/helmet_yolo_v10/images/train/000726.jpg,.jpg,fog,3,1785012717,000726__A1C__fog__s3.png
000728,/root/autodl-tmp/helmet_yolo_v10/images/train/000728.jpg,.jpg,defocus_blur,2,3881791130,000728__A1C__defocus_blur__s2.png
000729,/root/autodl-tmp/helmet_yolo_v10/images/train/000729.jpg,.jpg,fog,2,3534429098,000729__A1C__fog__s2.png
000730,/root/autodl-tmp/helmet_yolo_v10/images/train/000730.jpg,.jpg,zoom_blur,1,1299256062,000730__A1C__zoom_blur__s1.png
000731,/root/autodl-tmp/helmet_yolo_v10/images/train/000731.jpg,.jpg,glass_blur,3,593153984,000731__A1C__glass_blur__s3.png
000732,/root/autodl-tmp/helmet_yolo_v10/images/train/000732.jpg,.jpg,impulse_noise,3,2245989419,000732__A1C__impulse_noise__s3.png
000734,/root/autodl-tmp/helmet_yolo_v10/images/train/000734.jpg,.jpg,brightness,3,471675040,000734__A1C__brightness__s3.png
000735,/root/autodl-tmp/helmet_yolo_v10/images/train/000735.jpg,.jpg,glass_blur,3,2797544525,000735__A1C__glass_blur__s3.png
000736,/root/autodl-tmp/helmet_yolo_v10/images/train/000736.jpg,.jpg,frost,3,3031253323,000736__A1C__frost__s3.png
000737,/root/autodl-tmp/helmet_yolo_v10/images/train/000737.jpg,.jpg,motion_blur,1,528918235,000737__A1C__motion_blur__s1.png
000738,/root/autodl-tmp/helmet_yolo_v10/images/train/000738.jpg,.jpg,shot_noise,2,497799414,000738__A1C__shot_noise__s2.png
000740,/root/autodl-tmp/helmet_yolo_v10/images/train/000740.jpg,.jpg,frost,2,1377199334,000740__A1C__frost__s2.png
000742,/root/autodl-tmp/helmet_yolo_v10/images/train/000742.jpg,.jpg,snow,1,525595347,000742__A1C__snow__s1.png
000743,/root/autodl-tmp/helmet_yolo_v10/images/train/000743.jpg,.jpg,gaussian_noise,2,1557522808,000743__A1C__gaussian_noise__s2.png
000744,/root/autodl-tmp/helmet_yolo_v10/images/train/000744.jpg,.jpg,fog,3,2216984025,000744__A1C__fog__s3.png
000746,/root/autodl-tmp/helmet_yolo_v10/images/train/000746.jpg,.jpg,motion_blur,1,433108141,000746__A1C__motion_blur__s1.png
000747,/root/autodl-tmp/helmet_yolo_v10/images/train/000747.jpg,.jpg,fog,3,868315715,000747__A1C__fog__s3.png
000748,/root/autodl-tmp/helmet_yolo_v10/images/train/000748.jpg,.jpg,jpeg_compression,3,229682014,000748__A1C__jpeg_compression__s3.png
000749,/root/autodl-tmp/helmet_yolo_v10/images/train/000749.jpg,.jpg,shot_noise,1,1779621515,000749__A1C__shot_noise__s1.png
000750,/root/autodl-tmp/helmet_yolo_v10/images/train/000750.jpg,.jpg,contrast,3,319389680,000750__A1C__contrast__s3.png
000751,/root/autodl-tmp/helmet_yolo_v10/images/train/000751.jpg,.jpg,contrast,2,980695960,000751__A1C__contrast__s2.png
000752,/root/autodl-tmp/helmet_yolo_v10/images/train/000752.jpg,.jpg,motion_blur,3,2777656260,000752__A1C__motion_blur__s3.png
000753,/root/autodl-tmp/helmet_yolo_v10/images/train/000753.jpg,.jpg,gaussian_noise,3,855011979,000753__A1C__gaussian_noise__s3.png
000755,/root/autodl-tmp/helmet_yolo_v10/images/train/000755.jpg,.jpg,defocus_blur,3,73564989,000755__A1C__defocus_blur__s3.png
000756,/root/autodl-tmp/helmet_yolo_v10/images/train/000756.jpg,.jpg,impulse_noise,2,746664690,000756__A1C__impulse_noise__s2.png
000757,/root/autodl-tmp/helmet_yolo_v10/images/train/000757.jpg,.jpg,brightness,3,1697765119,000757__A1C__brightness__s3.png
000758,/root/autodl-tmp/helmet_yolo_v10/images/train/000758.jpg,.jpg,glass_blur,3,1955152781,000758__A1C__glass_blur__s3.png
000760,/root/autodl-tmp/helmet_yolo_v10/images/train/000760.jpg,.jpg,gaussian_noise,3,3996326020,000760__A1C__gaussian_noise__s3.png
000761,/root/autodl-tmp/helmet_yolo_v10/images/train/000761.jpg,.jpg,fog,3,305572029,000761__A1C__fog__s3.png
000762,/root/autodl-tmp/helmet_yolo_v10/images/train/000762.jpg,.jpg,motion_blur,2,1791799347,000762__A1C__motion_blur__s2.png
000763,/root/autodl-tmp/helmet_yolo_v10/images/train/000763.jpg,.jpg,frost,2,2344909215,000763__A1C__frost__s2.png
000766,/root/autodl-tmp/helmet_yolo_v10/images/train/000766.jpg,.jpg,brightness,2,1245459272,000766__A1C__brightness__s2.png
000768,/root/autodl-tmp/helmet_yolo_v10/images/train/000768.jpg,.jpg,glass_blur,2,1891604058,000768__A1C__glass_blur__s2.png
000770,/root/autodl-tmp/helmet_yolo_v10/images/train/000770.jpg,.jpg,glass_blur,1,4094303356,000770__A1C__glass_blur__s1.png
000772,/root/autodl-tmp/helmet_yolo_v10/images/train/000772.jpg,.jpg,jpeg_compression,3,992564764,000772__A1C__jpeg_compression__s3.png
000773,/root/autodl-tmp/helmet_yolo_v10/images/train/000773.jpg,.jpg,jpeg_compression,2,3518683651,000773__A1C__jpeg_compression__s2.png
000774,/root/autodl-tmp/helmet_yolo_v10/images/train/000774.jpg,.jpg,glass_blur,1,1065008559,000774__A1C__glass_blur__s1.png
000775,/root/autodl-tmp/helmet_yolo_v10/images/train/000775.jpg,.jpg,contrast,3,181220589,000775__A1C__contrast__s3.png
000776,/root/autodl-tmp/helmet_yolo_v10/images/train/000776.jpg,.jpg,jpeg_compression,1,2121755553,000776__A1C__jpeg_compression__s1.png
000777,/root/autodl-tmp/helmet_yolo_v10/images/train/000777.jpg,.jpg,brightness,3,334101462,000777__A1C__brightness__s3.png
000778,/root/autodl-tmp/helmet_yolo_v10/images/train/000778.jpg,.jpg,motion_blur,3,458233503,000778__A1C__motion_blur__s3.png
000779,/root/autodl-tmp/helmet_yolo_v10/images/train/000779.jpg,.jpg,impulse_noise,2,1567970604,000779__A1C__impulse_noise__s2.png
000780,/root/autodl-tmp/helmet_yolo_v10/images/train/000780.jpg,.jpg,fog,3,147560531,000780__A1C__fog__s3.png
000781,/root/autodl-tmp/helmet_yolo_v10/images/train/000781.jpg,.jpg,defocus_blur,1,3111152407,000781__A1C__defocus_blur__s1.png
000782,/root/autodl-tmp/helmet_yolo_v10/images/train/000782.jpg,.jpg,jpeg_compression,1,1261874180,000782__A1C__jpeg_compression__s1.png
000783,/root/autodl-tmp/helmet_yolo_v10/images/train/000783.jpg,.jpg,frost,2,1637659088,000783__A1C__frost__s2.png
000784,/root/autodl-tmp/helmet_yolo_v10/images/train/000784.jpg,.jpg,glass_blur,1,2931840685,000784__A1C__glass_blur__s1.png
000785,/root/autodl-tmp/helmet_yolo_v10/images/train/000785.jpg,.jpg,pixelate,1,1460634313,000785__A1C__pixelate__s1.png
000786,/root/autodl-tmp/helmet_yolo_v10/images/train/000786.jpg,.jpg,fog,2,1340067011,000786__A1C__fog__s2.png
000787,/root/autodl-tmp/helmet_yolo_v10/images/train/000787.jpg,.jpg,contrast,3,1219042090,000787__A1C__contrast__s3.png
000789,/root/autodl-tmp/helmet_yolo_v10/images/train/000789.jpg,.jpg,impulse_noise,3,1493563372,000789__A1C__impulse_noise__s3.png
000790,/root/autodl-tmp/helmet_yolo_v10/images/train/000790.jpg,.jpg,frost,3,3440592638,000790__A1C__frost__s3.png
000792,/root/autodl-tmp/helmet_yolo_v10/images/train/000792.jpg,.jpg,zoom_blur,2,450435199,000792__A1C__zoom_blur__s2.png
000793,/root/autodl-tmp/helmet_yolo_v10/images/train/000793.jpg,.jpg,glass_blur,1,1176720939,000793__A1C__glass_blur__s1.png
000795,/root/autodl-tmp/helmet_yolo_v10/images/train/000795.jpg,.jpg,zoom_blur,3,3484208281,000795__A1C__zoom_blur__s3.png
000797,/root/autodl-tmp/helmet_yolo_v10/images/train/000797.jpg,.jpg,gaussian_noise,1,471228151,000797__A1C__gaussian_noise__s1.png
000798,/root/autodl-tmp/helmet_yolo_v10/images/train/000798.jpg,.jpg,glass_blur,3,1844938695,000798__A1C__glass_blur__s3.png
000799,/root/autodl-tmp/helmet_yolo_v10/images/train/000799.jpg,.jpg,impulse_noise,1,2210964832,000799__A1C__impulse_noise__s1.png
000800,/root/autodl-tmp/helmet_yolo_v10/images/train/000800.jpg,.jpg,defocus_blur,1,529415806,000800__A1C__defocus_blur__s1.png
000801,/root/autodl-tmp/helmet_yolo_v10/images/train/000801.jpg,.jpg,contrast,2,3988983888,000801__A1C__contrast__s2.png
000802,/root/autodl-tmp/helmet_yolo_v10/images/train/000802.jpg,.jpg,zoom_blur,1,884729455,000802__A1C__zoom_blur__s1.png
000804,/root/autodl-tmp/helmet_yolo_v10/images/train/000804.jpg,.jpg,gaussian_noise,1,3308119638,000804__A1C__gaussian_noise__s1.png
000806,/root/autodl-tmp/helmet_yolo_v10/images/train/000806.jpg,.jpg,motion_blur,3,3987966017,000806__A1C__motion_blur__s3.png
000807,/root/autodl-tmp/helmet_yolo_v10/images/train/000807.jpg,.jpg,snow,1,1655987957,000807__A1C__snow__s1.png
000808,/root/autodl-tmp/helmet_yolo_v10/images/train/000808.jpg,.jpg,brightness,1,1714920955,000808__A1C__brightness__s1.png
000809,/root/autodl-tmp/helmet_yolo_v10/images/train/000809.jpg,.jpg,defocus_blur,2,3779200681,000809__A1C__defocus_blur__s2.png
000813,/root/autodl-tmp/helmet_yolo_v10/images/train/000813.jpg,.jpg,contrast,1,2210484348,000813__A1C__contrast__s1.png
000814,/root/autodl-tmp/helmet_yolo_v10/images/train/000814.jpg,.jpg,impulse_noise,3,3443201200,000814__A1C__impulse_noise__s3.png
000818,/root/autodl-tmp/helmet_yolo_v10/images/train/000818.jpg,.jpg,gaussian_noise,2,1699811283,000818__A1C__gaussian_noise__s2.png
000819,/root/autodl-tmp/helmet_yolo_v10/images/train/000819.jpg,.jpg,snow,3,355356719,000819__A1C__snow__s3.png
000820,/root/autodl-tmp/helmet_yolo_v10/images/train/000820.jpg,.jpg,defocus_blur,2,3747419060,000820__A1C__defocus_blur__s2.png
000824,/root/autodl-tmp/helmet_yolo_v10/images/train/000824.jpg,.jpg,brightness,1,1858820595,000824__A1C__brightness__s1.png
000826,/root/autodl-tmp/helmet_yolo_v10/images/train/000826.jpg,.jpg,impulse_noise,2,4042678917,000826__A1C__impulse_noise__s2.png
000827,/root/autodl-tmp/helmet_yolo_v10/images/train/000827.jpg,.jpg,defocus_blur,2,2620446474,000827__A1C__defocus_blur__s2.png
000829,/root/autodl-tmp/helmet_yolo_v10/images/train/000829.jpg,.jpg,motion_blur,2,984181726,000829__A1C__motion_blur__s2.png
000830,/root/autodl-tmp/helmet_yolo_v10/images/train/000830.jpg,.jpg,jpeg_compression,1,110718057,000830__A1C__jpeg_compression__s1.png
000831,/root/autodl-tmp/helmet_yolo_v10/images/train/000831.jpg,.jpg,brightness,2,1981798237,000831__A1C__brightness__s2.png
000833,/root/autodl-tmp/helmet_yolo_v10/images/train/000833.jpg,.jpg,defocus_blur,3,3925714588,000833__A1C__defocus_blur__s3.png
000834,/root/autodl-tmp/helmet_yolo_v10/images/train/000834.jpg,.jpg,brightness,2,121827425,000834__A1C__brightness__s2.png
000835,/root/autodl-tmp/helmet_yolo_v10/images/train/000835.jpg,.jpg,glass_blur,3,3220273616,000835__A1C__glass_blur__s3.png
000839,/root/autodl-tmp/helmet_yolo_v10/images/train/000839.jpg,.jpg,frost,3,3874797460,000839__A1C__frost__s3.png
000840,/root/autodl-tmp/helmet_yolo_v10/images/train/000840.jpg,.jpg,glass_blur,3,3831001940,000840__A1C__glass_blur__s3.png
000841,/root/autodl-tmp/helmet_yolo_v10/images/train/000841.jpg,.jpg,pixelate,1,145720394,000841__A1C__pixelate__s1.png
000842,/root/autodl-tmp/helmet_yolo_v10/images/train/000842.jpg,.jpg,impulse_noise,2,3716105986,000842__A1C__impulse_noise__s2.png
000845,/root/autodl-tmp/helmet_yolo_v10/images/train/000845.jpg,.jpg,contrast,3,2609492617,000845__A1C__contrast__s3.png
000846,/root/autodl-tmp/helmet_yolo_v10/images/train/000846.jpg,.jpg,jpeg_compression,3,2532690593,000846__A1C__jpeg_compression__s3.png
000847,/root/autodl-tmp/helmet_yolo_v10/images/train/000847.jpg,.jpg,contrast,2,3809580848,000847__A1C__contrast__s2.png
000848,/root/autodl-tmp/helmet_yolo_v10/images/train/000848.jpg,.jpg,frost,2,3646024673,000848__A1C__frost__s2.png
000849,/root/autodl-tmp/helmet_yolo_v10/images/train/000849.jpg,.jpg,defocus_blur,2,2892101164,000849__A1C__defocus_blur__s2.png
000850,/root/autodl-tmp/helmet_yolo_v10/images/train/000850.jpg,.jpg,fog,2,905761487,000850__A1C__fog__s2.png
000851,/root/autodl-tmp/helmet_yolo_v10/images/train/000851.jpg,.jpg,jpeg_compression,1,3528270641,000851__A1C__jpeg_compression__s1.png
000852,/root/autodl-tmp/helmet_yolo_v10/images/train/000852.jpg,.jpg,contrast,2,3446874321,000852__A1C__contrast__s2.png
000853,/root/autodl-tmp/helmet_yolo_v10/images/train/000853.jpg,.jpg,shot_noise,2,3998153134,000853__A1C__shot_noise__s2.png
000854,/root/autodl-tmp/helmet_yolo_v10/images/train/000854.jpg,.jpg,defocus_blur,3,3320090911,000854__A1C__defocus_blur__s3.png
000855,/root/autodl-tmp/helmet_yolo_v10/images/train/000855.jpg,.jpg,jpeg_compression,3,3200010105,000855__A1C__jpeg_compression__s3.png
000856,/root/autodl-tmp/helmet_yolo_v10/images/train/000856.jpg,.jpg,zoom_blur,1,3729446400,000856__A1C__zoom_blur__s1.png
000857,/root/autodl-tmp/helmet_yolo_v10/images/train/000857.jpg,.jpg,impulse_noise,2,1661329077,000857__A1C__impulse_noise__s2.png
000860,/root/autodl-tmp/helmet_yolo_v10/images/train/000860.jpg,.jpg,motion_blur,3,3254039164,000860__A1C__motion_blur__s3.png
000862,/root/autodl-tmp/helmet_yolo_v10/images/train/000862.jpg,.jpg,contrast,2,434916685,000862__A1C__contrast__s2.png
000864,/root/autodl-tmp/helmet_yolo_v10/images/train/000864.jpg,.jpg,impulse_noise,3,3726787645,000864__A1C__impulse_noise__s3.png
000868,/root/autodl-tmp/helmet_yolo_v10/images/train/000868.jpg,.jpg,contrast,1,309391142,000868__A1C__contrast__s1.png
000869,/root/autodl-tmp/helmet_yolo_v10/images/train/000869.jpg,.jpg,contrast,2,1377730893,000869__A1C__contrast__s2.png
000872,/root/autodl-tmp/helmet_yolo_v10/images/train/000872.jpg,.jpg,pixelate,1,342437119,000872__A1C__pixelate__s1.png
000873,/root/autodl-tmp/helmet_yolo_v10/images/train/000873.jpg,.jpg,gaussian_noise,2,163093073,000873__A1C__gaussian_noise__s2.png
000874,/root/autodl-tmp/helmet_yolo_v10/images/train/000874.jpg,.jpg,jpeg_compression,2,3837830166,000874__A1C__jpeg_compression__s2.png
000877,/root/autodl-tmp/helmet_yolo_v10/images/train/000877.jpg,.jpg,fog,1,2904003464,000877__A1C__fog__s1.png
000880,/root/autodl-tmp/helmet_yolo_v10/images/train/000880.jpg,.jpg,contrast,2,1795068295,000880__A1C__contrast__s2.png
000881,/root/autodl-tmp/helmet_yolo_v10/images/train/000881.jpg,.jpg,zoom_blur,3,1787774049,000881__A1C__zoom_blur__s3.png
000882,/root/autodl-tmp/helmet_yolo_v10/images/train/000882.jpg,.jpg,zoom_blur,2,4206171023,000882__A1C__zoom_blur__s2.png
000884,/root/autodl-tmp/helmet_yolo_v10/images/train/000884.jpg,.jpg,defocus_blur,1,2561068795,000884__A1C__defocus_blur__s1.png
000886,/root/autodl-tmp/helmet_yolo_v10/images/train/000886.jpg,.jpg,gaussian_noise,3,291041911,000886__A1C__gaussian_noise__s3.png
000887,/root/autodl-tmp/helmet_yolo_v10/images/train/000887.jpg,.jpg,glass_blur,1,779466338,000887__A1C__glass_blur__s1.png
000889,/root/autodl-tmp/helmet_yolo_v10/images/train/000889.jpg,.jpg,brightness,3,4230052619,000889__A1C__brightness__s3.png
000890,/root/autodl-tmp/helmet_yolo_v10/images/train/000890.jpg,.jpg,pixelate,3,400131454,000890__A1C__pixelate__s3.png
000891,/root/autodl-tmp/helmet_yolo_v10/images/train/000891.jpg,.jpg,motion_blur,2,1449477703,000891__A1C__motion_blur__s2.png
000892,/root/autodl-tmp/helmet_yolo_v10/images/train/000892.jpg,.jpg,contrast,2,419128930,000892__A1C__contrast__s2.png
000894,/root/autodl-tmp/helmet_yolo_v10/images/train/000894.jpg,.jpg,shot_noise,3,1225640324,000894__A1C__shot_noise__s3.png
000896,/root/autodl-tmp/helmet_yolo_v10/images/train/000896.jpg,.jpg,pixelate,2,2818155631,000896__A1C__pixelate__s2.png
000897,/root/autodl-tmp/helmet_yolo_v10/images/train/000897.jpg,.jpg,defocus_blur,1,1331946801,000897__A1C__defocus_blur__s1.png
000899,/root/autodl-tmp/helmet_yolo_v10/images/train/000899.jpg,.jpg,motion_blur,1,1015552742,000899__A1C__motion_blur__s1.png
000900,/root/autodl-tmp/helmet_yolo_v10/images/train/000900.jpg,.jpg,gaussian_noise,3,695910129,000900__A1C__gaussian_noise__s3.png
000901,/root/autodl-tmp/helmet_yolo_v10/images/train/000901.jpg,.jpg,jpeg_compression,1,1542773941,000901__A1C__jpeg_compression__s1.png
000903,/root/autodl-tmp/helmet_yolo_v10/images/train/000903.jpg,.jpg,gaussian_noise,1,2623584103,000903__A1C__gaussian_noise__s1.png
000904,/root/autodl-tmp/helmet_yolo_v10/images/train/000904.jpg,.jpg,jpeg_compression,2,3765514966,000904__A1C__jpeg_compression__s2.png
000905,/root/autodl-tmp/helmet_yolo_v10/images/train/000905.jpg,.jpg,gaussian_noise,3,953248788,000905__A1C__gaussian_noise__s3.png
000907,/root/autodl-tmp/helmet_yolo_v10/images/train/000907.jpg,.jpg,fog,1,1999765291,000907__A1C__fog__s1.png
000909,/root/autodl-tmp/helmet_yolo_v10/images/train/000909.jpg,.jpg,brightness,3,2409190041,000909__A1C__brightness__s3.png
000910,/root/autodl-tmp/helmet_yolo_v10/images/train/000910.jpg,.jpg,fog,1,46777911,000910__A1C__fog__s1.png
000911,/root/autodl-tmp/helmet_yolo_v10/images/train/000911.jpg,.jpg,glass_blur,1,3827544110,000911__A1C__glass_blur__s1.png
000912,/root/autodl-tmp/helmet_yolo_v10/images/train/000912.jpg,.jpg,gaussian_noise,2,1489353253,000912__A1C__gaussian_noise__s2.png
000913,/root/autodl-tmp/helmet_yolo_v10/images/train/000913.jpg,.jpg,pixelate,3,3195409359,000913__A1C__pixelate__s3.png
000917,/root/autodl-tmp/helmet_yolo_v10/images/train/000917.jpg,.jpg,gaussian_noise,2,1297950853,000917__A1C__gaussian_noise__s2.png
000918,/root/autodl-tmp/helmet_yolo_v10/images/train/000918.jpg,.jpg,glass_blur,2,2623229730,000918__A1C__glass_blur__s2.png
000919,/root/autodl-tmp/helmet_yolo_v10/images/train/000919.jpg,.jpg,zoom_blur,2,2619104819,000919__A1C__zoom_blur__s2.png
000921,/root/autodl-tmp/helmet_yolo_v10/images/train/000921.jpg,.jpg,impulse_noise,2,706264645,000921__A1C__impulse_noise__s2.png
000924,/root/autodl-tmp/helmet_yolo_v10/images/train/000924.jpg,.jpg,glass_blur,3,3470478273,000924__A1C__glass_blur__s3.png
000925,/root/autodl-tmp/helmet_yolo_v10/images/train/000925.jpg,.jpg,frost,2,2784100327,000925__A1C__frost__s2.png
000927,/root/autodl-tmp/helmet_yolo_v10/images/train/000927.jpg,.jpg,snow,3,2201356539,000927__A1C__snow__s3.png
000928,/root/autodl-tmp/helmet_yolo_v10/images/train/000928.jpg,.jpg,glass_blur,2,3839029543,000928__A1C__glass_blur__s2.png
000929,/root/autodl-tmp/helmet_yolo_v10/images/train/000929.jpg,.jpg,pixelate,3,3038105028,000929__A1C__pixelate__s3.png
000930,/root/autodl-tmp/helmet_yolo_v10/images/train/000930.jpg,.jpg,frost,2,3528632798,000930__A1C__frost__s2.png
000931,/root/autodl-tmp/helmet_yolo_v10/images/train/000931.jpg,.jpg,contrast,2,2392450615,000931__A1C__contrast__s2.png
000932,/root/autodl-tmp/helmet_yolo_v10/images/train/000932.jpg,.jpg,glass_blur,2,137062058,000932__A1C__glass_blur__s2.png
000934,/root/autodl-tmp/helmet_yolo_v10/images/train/000934.jpg,.jpg,motion_blur,2,3015211418,000934__A1C__motion_blur__s2.png
000935,/root/autodl-tmp/helmet_yolo_v10/images/train/000935.jpg,.jpg,snow,1,4223784742,000935__A1C__snow__s1.png
000936,/root/autodl-tmp/helmet_yolo_v10/images/train/000936.jpg,.jpg,glass_blur,3,3967930004,000936__A1C__glass_blur__s3.png
000937,/root/autodl-tmp/helmet_yolo_v10/images/train/000937.jpg,.jpg,brightness,2,3528915055,000937__A1C__brightness__s2.png
000938,/root/autodl-tmp/helmet_yolo_v10/images/train/000938.jpg,.jpg,zoom_blur,2,2110319828,000938__A1C__zoom_blur__s2.png
000939,/root/autodl-tmp/helmet_yolo_v10/images/train/000939.jpg,.jpg,frost,2,3757339668,000939__A1C__frost__s2.png
000940,/root/autodl-tmp/helmet_yolo_v10/images/train/000940.jpg,.jpg,jpeg_compression,1,3662851959,000940__A1C__jpeg_compression__s1.png
000942,/root/autodl-tmp/helmet_yolo_v10/images/train/000942.jpg,.jpg,fog,2,3081568962,000942__A1C__fog__s2.png
000944,/root/autodl-tmp/helmet_yolo_v10/images/train/000944.jpg,.jpg,impulse_noise,3,729224251,000944__A1C__impulse_noise__s3.png
000945,/root/autodl-tmp/helmet_yolo_v10/images/train/000945.jpg,.jpg,glass_blur,1,1713250468,000945__A1C__glass_blur__s1.png
000946,/root/autodl-tmp/helmet_yolo_v10/images/train/000946.jpg,.jpg,motion_blur,2,2137463961,000946__A1C__motion_blur__s2.png
000947,/root/autodl-tmp/helmet_yolo_v10/images/train/000947.jpg,.jpg,shot_noise,1,3786790391,000947__A1C__shot_noise__s1.png
000951,/root/autodl-tmp/helmet_yolo_v10/images/train/000951.jpg,.jpg,brightness,1,3427852706,000951__A1C__brightness__s1.png
000952,/root/autodl-tmp/helmet_yolo_v10/images/train/000952.jpg,.jpg,glass_blur,2,402025164,000952__A1C__glass_blur__s2.png
000953,/root/autodl-tmp/helmet_yolo_v10/images/train/000953.jpg,.jpg,pixelate,3,1094896845,000953__A1C__pixelate__s3.png
000956,/root/autodl-tmp/helmet_yolo_v10/images/train/000956.jpg,.jpg,jpeg_compression,2,1193679550,000956__A1C__jpeg_compression__s2.png
000957,/root/autodl-tmp/helmet_yolo_v10/images/train/000957.jpg,.jpg,impulse_noise,2,3578475692,000957__A1C__impulse_noise__s2.png
000958,/root/autodl-tmp/helmet_yolo_v10/images/train/000958.jpg,.jpg,impulse_noise,2,652377769,000958__A1C__impulse_noise__s2.png
000960,/root/autodl-tmp/helmet_yolo_v10/images/train/000960.jpg,.jpg,fog,1,3572880882,000960__A1C__fog__s1.png
000961,/root/autodl-tmp/helmet_yolo_v10/images/train/000961.jpg,.jpg,glass_blur,3,1150332930,000961__A1C__glass_blur__s3.png
000963,/root/autodl-tmp/helmet_yolo_v10/images/train/000963.jpg,.jpg,impulse_noise,2,2837270845,000963__A1C__impulse_noise__s2.png
000964,/root/autodl-tmp/helmet_yolo_v10/images/train/000964.jpg,.jpg,fog,1,3283376280,000964__A1C__fog__s1.png
000965,/root/autodl-tmp/helmet_yolo_v10/images/train/000965.jpg,.jpg,jpeg_compression,3,1008558662,000965__A1C__jpeg_compression__s3.png
000966,/root/autodl-tmp/helmet_yolo_v10/images/train/000966.jpg,.jpg,snow,3,1584465142,000966__A1C__snow__s3.png
000968,/root/autodl-tmp/helmet_yolo_v10/images/train/000968.jpg,.jpg,glass_blur,1,2934755998,000968__A1C__glass_blur__s1.png
000969,/root/autodl-tmp/helmet_yolo_v10/images/train/000969.jpg,.jpg,shot_noise,3,1730329913,000969__A1C__shot_noise__s3.png
000972,/root/autodl-tmp/helmet_yolo_v10/images/train/000972.jpg,.jpg,glass_blur,3,3157281746,000972__A1C__glass_blur__s3.png
000974,/root/autodl-tmp/helmet_yolo_v10/images/train/000974.jpg,.jpg,contrast,3,90469021,000974__A1C__contrast__s3.png
000976,/root/autodl-tmp/helmet_yolo_v10/images/train/000976.jpg,.jpg,gaussian_noise,1,2044515848,000976__A1C__gaussian_noise__s1.png
000977,/root/autodl-tmp/helmet_yolo_v10/images/train/000977.jpg,.jpg,pixelate,3,3491481308,000977__A1C__pixelate__s3.png
000978,/root/autodl-tmp/helmet_yolo_v10/images/train/000978.jpg,.jpg,defocus_blur,2,62127382,000978__A1C__defocus_blur__s2.png
000979,/root/autodl-tmp/helmet_yolo_v10/images/train/000979.jpg,.jpg,snow,1,3846050902,000979__A1C__snow__s1.png
000980,/root/autodl-tmp/helmet_yolo_v10/images/train/000980.jpg,.jpg,pixelate,2,2663776732,000980__A1C__pixelate__s2.png
000981,/root/autodl-tmp/helmet_yolo_v10/images/train/000981.jpg,.jpg,impulse_noise,2,1391942981,000981__A1C__impulse_noise__s2.png
000984,/root/autodl-tmp/helmet_yolo_v10/images/train/000984.jpg,.jpg,snow,3,303646456,000984__A1C__snow__s3.png
000985,/root/autodl-tmp/helmet_yolo_v10/images/train/000985.jpg,.jpg,motion_blur,3,3777402913,000985__A1C__motion_blur__s3.png
000986,/root/autodl-tmp/helmet_yolo_v10/images/train/000986.jpg,.jpg,snow,1,909795683,000986__A1C__snow__s1.png
000987,/root/autodl-tmp/helmet_yolo_v10/images/train/000987.jpg,.jpg,glass_blur,2,3891814266,000987__A1C__glass_blur__s2.png
000988,/root/autodl-tmp/helmet_yolo_v10/images/train/000988.jpg,.jpg,motion_blur,2,1155347883,000988__A1C__motion_blur__s2.png
000989,/root/autodl-tmp/helmet_yolo_v10/images/train/000989.jpg,.jpg,defocus_blur,1,3430254312,000989__A1C__defocus_blur__s1.png
000990,/root/autodl-tmp/helmet_yolo_v10/images/train/000990.jpg,.jpg,zoom_blur,3,3259833343,000990__A1C__zoom_blur__s3.png
000991,/root/autodl-tmp/helmet_yolo_v10/images/train/000991.jpg,.jpg,glass_blur,1,2279726228,000991__A1C__glass_blur__s1.png
000992,/root/autodl-tmp/helmet_yolo_v10/images/train/000992.jpg,.jpg,gaussian_noise,3,3620149162,000992__A1C__gaussian_noise__s3.png
000993,/root/autodl-tmp/helmet_yolo_v10/images/train/000993.jpg,.jpg,defocus_blur,1,2751811237,000993__A1C__defocus_blur__s1.png
000994,/root/autodl-tmp/helmet_yolo_v10/images/train/000994.jpg,.jpg,shot_noise,1,3461463625,000994__A1C__shot_noise__s1.png
000995,/root/autodl-tmp/helmet_yolo_v10/images/train/000995.jpg,.jpg,glass_blur,2,2290776483,000995__A1C__glass_blur__s2.png
000997,/root/autodl-tmp/helmet_yolo_v10/images/train/000997.jpg,.jpg,pixelate,1,3163818303,000997__A1C__pixelate__s1.png
000999,/root/autodl-tmp/helmet_yolo_v10/images/train/000999.jpg,.jpg,fog,1,1740510090,000999__A1C__fog__s1.png
001000,/root/autodl-tmp/helmet_yolo_v10/images/train/001000.jpg,.jpg,snow,3,3427142916,001000__A1C__snow__s3.png
001001,/root/autodl-tmp/helmet_yolo_v10/images/train/001001.jpg,.jpg,snow,2,3259616476,001001__A1C__snow__s2.png
001002,/root/autodl-tmp/helmet_yolo_v10/images/train/001002.jpg,.jpg,zoom_blur,3,3892590477,001002__A1C__zoom_blur__s3.png
001003,/root/autodl-tmp/helmet_yolo_v10/images/train/001003.jpg,.jpg,glass_blur,3,2881084907,001003__A1C__glass_blur__s3.png
001004,/root/autodl-tmp/helmet_yolo_v10/images/train/001004.jpg,.jpg,snow,2,2183582109,001004__A1C__snow__s2.png
001005,/root/autodl-tmp/helmet_yolo_v10/images/train/001005.jpg,.jpg,contrast,2,2929139306,001005__A1C__contrast__s2.png
001006,/root/autodl-tmp/helmet_yolo_v10/images/train/001006.jpg,.jpg,pixelate,1,853761113,001006__A1C__pixelate__s1.png
001007,/root/autodl-tmp/helmet_yolo_v10/images/train/001007.jpg,.jpg,impulse_noise,3,710640658,001007__A1C__impulse_noise__s3.png
001008,/root/autodl-tmp/helmet_yolo_v10/images/train/001008.jpg,.jpg,zoom_blur,3,1029799365,001008__A1C__zoom_blur__s3.png
001012,/root/autodl-tmp/helmet_yolo_v10/images/train/001012.jpg,.jpg,frost,1,2236200765,001012__A1C__frost__s1.png
001013,/root/autodl-tmp/helmet_yolo_v10/images/train/001013.jpg,.jpg,impulse_noise,2,2960323999,001013__A1C__impulse_noise__s2.png
001015,/root/autodl-tmp/helmet_yolo_v10/images/train/001015.jpg,.jpg,impulse_noise,1,3357934923,001015__A1C__impulse_noise__s1.png
001016,/root/autodl-tmp/helmet_yolo_v10/images/train/001016.jpg,.jpg,gaussian_noise,3,1108476259,001016__A1C__gaussian_noise__s3.png
001017,/root/autodl-tmp/helmet_yolo_v10/images/train/001017.jpg,.jpg,snow,3,3415002687,001017__A1C__snow__s3.png
001020,/root/autodl-tmp/helmet_yolo_v10/images/train/001020.jpg,.jpg,jpeg_compression,1,996518398,001020__A1C__jpeg_compression__s1.png
001024,/root/autodl-tmp/helmet_yolo_v10/images/train/001024.jpg,.jpg,fog,2,208780179,001024__A1C__fog__s2.png
001026,/root/autodl-tmp/helmet_yolo_v10/images/train/001026.jpg,.jpg,shot_noise,1,244349719,001026__A1C__shot_noise__s1.png
001027,/root/autodl-tmp/helmet_yolo_v10/images/train/001027.jpg,.jpg,impulse_noise,1,3465241927,001027__A1C__impulse_noise__s1.png
001028,/root/autodl-tmp/helmet_yolo_v10/images/train/001028.jpg,.jpg,zoom_blur,3,2513690144,001028__A1C__zoom_blur__s3.png
001029,/root/autodl-tmp/helmet_yolo_v10/images/train/001029.jpg,.jpg,gaussian_noise,3,3570343321,001029__A1C__gaussian_noise__s3.png
001030,/root/autodl-tmp/helmet_yolo_v10/images/train/001030.jpg,.jpg,motion_blur,2,3108405798,001030__A1C__motion_blur__s2.png
001031,/root/autodl-tmp/helmet_yolo_v10/images/train/001031.jpg,.jpg,motion_blur,3,3860676671,001031__A1C__motion_blur__s3.png
001033,/root/autodl-tmp/helmet_yolo_v10/images/train/001033.jpg,.jpg,glass_blur,2,1763864446,001033__A1C__glass_blur__s2.png
001034,/root/autodl-tmp/helmet_yolo_v10/images/train/001034.jpg,.jpg,contrast,1,2511048155,001034__A1C__contrast__s1.png
001035,/root/autodl-tmp/helmet_yolo_v10/images/train/001035.jpg,.jpg,shot_noise,1,4123879517,001035__A1C__shot_noise__s1.png
001036,/root/autodl-tmp/helmet_yolo_v10/images/train/001036.jpg,.jpg,snow,2,1747964763,001036__A1C__snow__s2.png
001037,/root/autodl-tmp/helmet_yolo_v10/images/train/001037.jpg,.jpg,frost,3,2652700683,001037__A1C__frost__s3.png
001038,/root/autodl-tmp/helmet_yolo_v10/images/train/001038.jpg,.jpg,motion_blur,2,1509249519,001038__A1C__motion_blur__s2.png
001039,/root/autodl-tmp/helmet_yolo_v10/images/train/001039.jpg,.jpg,frost,2,3615133337,001039__A1C__frost__s2.png
001040,/root/autodl-tmp/helmet_yolo_v10/images/train/001040.jpg,.jpg,snow,3,1912534171,001040__A1C__snow__s3.png
001042,/root/autodl-tmp/helmet_yolo_v10/images/train/001042.jpg,.jpg,glass_blur,2,1427211262,001042__A1C__glass_blur__s2.png
001043,/root/autodl-tmp/helmet_yolo_v10/images/train/001043.jpg,.jpg,frost,1,299625396,001043__A1C__frost__s1.png
001045,/root/autodl-tmp/helmet_yolo_v10/images/train/001045.jpg,.jpg,zoom_blur,3,3632954352,001045__A1C__zoom_blur__s3.png
001046,/root/autodl-tmp/helmet_yolo_v10/images/train/001046.jpg,.jpg,glass_blur,2,489356587,001046__A1C__glass_blur__s2.png
001049,/root/autodl-tmp/helmet_yolo_v10/images/train/001049.jpg,.jpg,contrast,3,4148837615,001049__A1C__contrast__s3.png
001052,/root/autodl-tmp/helmet_yolo_v10/images/train/001052.jpg,.jpg,gaussian_noise,3,2236379531,001052__A1C__gaussian_noise__s3.png
001055,/root/autodl-tmp/helmet_yolo_v10/images/train/001055.jpg,.jpg,brightness,2,2492177471,001055__A1C__brightness__s2.png
001056,/root/autodl-tmp/helmet_yolo_v10/images/train/001056.jpg,.jpg,gaussian_noise,1,748279093,001056__A1C__gaussian_noise__s1.png
001057,/root/autodl-tmp/helmet_yolo_v10/images/train/001057.jpg,.jpg,pixelate,1,2130893784,001057__A1C__pixelate__s1.png
001058,/root/autodl-tmp/helmet_yolo_v10/images/train/001058.jpg,.jpg,impulse_noise,3,1936993419,001058__A1C__impulse_noise__s3.png
001059,/root/autodl-tmp/helmet_yolo_v10/images/train/001059.jpg,.jpg,snow,1,655682755,001059__A1C__snow__s1.png
001061,/root/autodl-tmp/helmet_yolo_v10/images/train/001061.jpg,.jpg,motion_blur,2,3836214895,001061__A1C__motion_blur__s2.png
001062,/root/autodl-tmp/helmet_yolo_v10/images/train/001062.jpg,.jpg,gaussian_noise,1,463465604,001062__A1C__gaussian_noise__s1.png
001063,/root/autodl-tmp/helmet_yolo_v10/images/train/001063.jpg,.jpg,jpeg_compression,2,770119714,001063__A1C__jpeg_compression__s2.png
001065,/root/autodl-tmp/helmet_yolo_v10/images/train/001065.jpg,.jpg,gaussian_noise,1,2684432814,001065__A1C__gaussian_noise__s1.png
001066,/root/autodl-tmp/helmet_yolo_v10/images/train/001066.jpg,.jpg,glass_blur,1,799460906,001066__A1C__glass_blur__s1.png
001067,/root/autodl-tmp/helmet_yolo_v10/images/train/001067.jpg,.jpg,motion_blur,3,668709316,001067__A1C__motion_blur__s3.png
001068,/root/autodl-tmp/helmet_yolo_v10/images/train/001068.jpg,.jpg,fog,3,1862213795,001068__A1C__fog__s3.png
001069,/root/autodl-tmp/helmet_yolo_v10/images/train/001069.jpg,.jpg,snow,3,19142353,001069__A1C__snow__s3.png
001072,/root/autodl-tmp/helmet_yolo_v10/images/train/001072.jpg,.jpg,contrast,1,347975706,001072__A1C__contrast__s1.png
001073,/root/autodl-tmp/helmet_yolo_v10/images/train/001073.jpg,.jpg,motion_blur,1,3895646892,001073__A1C__motion_blur__s1.png
001075,/root/autodl-tmp/helmet_yolo_v10/images/train/001075.jpg,.jpg,impulse_noise,1,2252370638,001075__A1C__impulse_noise__s1.png
001076,/root/autodl-tmp/helmet_yolo_v10/images/train/001076.jpg,.jpg,glass_blur,2,100612937,001076__A1C__glass_blur__s2.png
001077,/root/autodl-tmp/helmet_yolo_v10/images/train/001077.jpg,.jpg,contrast,1,3485292415,001077__A1C__contrast__s1.png
001078,/root/autodl-tmp/helmet_yolo_v10/images/train/001078.jpg,.jpg,fog,3,2254760810,001078__A1C__fog__s3.png
001079,/root/autodl-tmp/helmet_yolo_v10/images/train/001079.jpg,.jpg,zoom_blur,2,1780123205,001079__A1C__zoom_blur__s2.png
001080,/root/autodl-tmp/helmet_yolo_v10/images/train/001080.jpg,.jpg,fog,3,3841897046,001080__A1C__fog__s3.png
001081,/root/autodl-tmp/helmet_yolo_v10/images/train/001081.jpg,.jpg,shot_noise,2,2108648418,001081__A1C__shot_noise__s2.png
001082,/root/autodl-tmp/helmet_yolo_v10/images/train/001082.jpg,.jpg,zoom_blur,2,4016088419,001082__A1C__zoom_blur__s2.png
001083,/root/autodl-tmp/helmet_yolo_v10/images/train/001083.jpg,.jpg,motion_blur,1,3776683479,001083__A1C__motion_blur__s1.png
001085,/root/autodl-tmp/helmet_yolo_v10/images/train/001085.jpg,.jpg,snow,1,1292642787,001085__A1C__snow__s1.png
001086,/root/autodl-tmp/helmet_yolo_v10/images/train/001086.jpg,.jpg,fog,2,4004625634,001086__A1C__fog__s2.png
001087,/root/autodl-tmp/helmet_yolo_v10/images/train/001087.jpg,.jpg,glass_blur,1,4277872197,001087__A1C__glass_blur__s1.png
001088,/root/autodl-tmp/helmet_yolo_v10/images/train/001088.jpg,.jpg,defocus_blur,2,487950363,001088__A1C__defocus_blur__s2.png
001089,/root/autodl-tmp/helmet_yolo_v10/images/train/001089.jpg,.jpg,motion_blur,1,2057111869,001089__A1C__motion_blur__s1.png
001090,/root/autodl-tmp/helmet_yolo_v10/images/train/001090.jpg,.jpg,shot_noise,3,3587142571,001090__A1C__shot_noise__s3.png
001091,/root/autodl-tmp/helmet_yolo_v10/images/train/001091.jpg,.jpg,fog,2,1440602659,001091__A1C__fog__s2.png
001092,/root/autodl-tmp/helmet_yolo_v10/images/train/001092.jpg,.jpg,defocus_blur,2,2151009752,001092__A1C__defocus_blur__s2.png
001093,/root/autodl-tmp/helmet_yolo_v10/images/train/001093.jpg,.jpg,brightness,3,3634632757,001093__A1C__brightness__s3.png
001094,/root/autodl-tmp/helmet_yolo_v10/images/train/001094.jpg,.jpg,fog,3,1301104062,001094__A1C__fog__s3.png
001095,/root/autodl-tmp/helmet_yolo_v10/images/train/001095.jpg,.jpg,jpeg_compression,3,1893331086,001095__A1C__jpeg_compression__s3.png
001097,/root/autodl-tmp/helmet_yolo_v10/images/train/001097.jpg,.jpg,motion_blur,2,2982465446,001097__A1C__motion_blur__s2.png
001098,/root/autodl-tmp/helmet_yolo_v10/images/train/001098.jpg,.jpg,motion_blur,1,1492944800,001098__A1C__motion_blur__s1.png
001099,/root/autodl-tmp/helmet_yolo_v10/images/train/001099.jpg,.jpg,gaussian_noise,1,2259613658,001099__A1C__gaussian_noise__s1.png
001102,/root/autodl-tmp/helmet_yolo_v10/images/train/001102.jpg,.jpg,shot_noise,2,2889245044,001102__A1C__shot_noise__s2.png
001103,/root/autodl-tmp/helmet_yolo_v10/images/train/001103.jpg,.jpg,shot_noise,2,1367126109,001103__A1C__shot_noise__s2.png
001104,/root/autodl-tmp/helmet_yolo_v10/images/train/001104.jpg,.jpg,defocus_blur,2,1135138413,001104__A1C__defocus_blur__s2.png
001105,/root/autodl-tmp/helmet_yolo_v10/images/train/001105.jpg,.jpg,fog,2,266377686,001105__A1C__fog__s2.png
001108,/root/autodl-tmp/helmet_yolo_v10/images/train/001108.jpg,.jpg,snow,3,774620978,001108__A1C__snow__s3.png
001109,/root/autodl-tmp/helmet_yolo_v10/images/train/001109.jpg,.jpg,shot_noise,1,1636697950,001109__A1C__shot_noise__s1.png
001110,/root/autodl-tmp/helmet_yolo_v10/images/train/001110.jpg,.jpg,frost,2,1156569433,001110__A1C__frost__s2.png
001111,/root/autodl-tmp/helmet_yolo_v10/images/train/001111.jpg,.jpg,motion_blur,3,2347434337,001111__A1C__motion_blur__s3.png
001112,/root/autodl-tmp/helmet_yolo_v10/images/train/001112.jpg,.jpg,motion_blur,2,1095143277,001112__A1C__motion_blur__s2.png
001113,/root/autodl-tmp/helmet_yolo_v10/images/train/001113.jpg,.jpg,jpeg_compression,2,1973232199,001113__A1C__jpeg_compression__s2.png
001114,/root/autodl-tmp/helmet_yolo_v10/images/train/001114.jpg,.jpg,defocus_blur,3,735889717,001114__A1C__defocus_blur__s3.png
001116,/root/autodl-tmp/helmet_yolo_v10/images/train/001116.jpg,.jpg,zoom_blur,1,4129257345,001116__A1C__zoom_blur__s1.png
001117,/root/autodl-tmp/helmet_yolo_v10/images/train/001117.jpg,.jpg,fog,3,3227151828,001117__A1C__fog__s3.png
001118,/root/autodl-tmp/helmet_yolo_v10/images/train/001118.jpg,.jpg,pixelate,2,2155195677,001118__A1C__pixelate__s2.png
001119,/root/autodl-tmp/helmet_yolo_v10/images/train/001119.jpg,.jpg,jpeg_compression,3,1350634038,001119__A1C__jpeg_compression__s3.png
001120,/root/autodl-tmp/helmet_yolo_v10/images/train/001120.jpg,.jpg,pixelate,3,610458926,001120__A1C__pixelate__s3.png
001121,/root/autodl-tmp/helmet_yolo_v10/images/train/001121.jpg,.jpg,fog,2,328697850,001121__A1C__fog__s2.png
001122,/root/autodl-tmp/helmet_yolo_v10/images/train/001122.jpg,.jpg,gaussian_noise,2,2195552744,001122__A1C__gaussian_noise__s2.png
001123,/root/autodl-tmp/helmet_yolo_v10/images/train/001123.jpg,.jpg,motion_blur,2,1206787962,001123__A1C__motion_blur__s2.png
001124,/root/autodl-tmp/helmet_yolo_v10/images/train/001124.jpg,.jpg,defocus_blur,2,3596491468,001124__A1C__defocus_blur__s2.png
001125,/root/autodl-tmp/helmet_yolo_v10/images/train/001125.jpg,.jpg,zoom_blur,3,3093271260,001125__A1C__zoom_blur__s3.png
001126,/root/autodl-tmp/helmet_yolo_v10/images/train/001126.jpg,.jpg,contrast,3,1193990942,001126__A1C__contrast__s3.png
001127,/root/autodl-tmp/helmet_yolo_v10/images/train/001127.jpg,.jpg,shot_noise,1,2941465237,001127__A1C__shot_noise__s1.png
001128,/root/autodl-tmp/helmet_yolo_v10/images/train/001128.jpg,.jpg,motion_blur,1,2220151694,001128__A1C__motion_blur__s1.png
001131,/root/autodl-tmp/helmet_yolo_v10/images/train/001131.jpg,.jpg,glass_blur,1,3408220234,001131__A1C__glass_blur__s1.png
001132,/root/autodl-tmp/helmet_yolo_v10/images/train/001132.jpg,.jpg,frost,1,3553303435,001132__A1C__frost__s1.png
001133,/root/autodl-tmp/helmet_yolo_v10/images/train/001133.jpg,.jpg,jpeg_compression,3,860702137,001133__A1C__jpeg_compression__s3.png
001135,/root/autodl-tmp/helmet_yolo_v10/images/train/001135.jpg,.jpg,jpeg_compression,2,2846073486,001135__A1C__jpeg_compression__s2.png
001137,/root/autodl-tmp/helmet_yolo_v10/images/train/001137.jpg,.jpg,motion_blur,3,4072267662,001137__A1C__motion_blur__s3.png
001138,/root/autodl-tmp/helmet_yolo_v10/images/train/001138.jpg,.jpg,contrast,1,771116860,001138__A1C__contrast__s1.png
001139,/root/autodl-tmp/helmet_yolo_v10/images/train/001139.jpg,.jpg,shot_noise,1,2112004590,001139__A1C__shot_noise__s1.png
001141,/root/autodl-tmp/helmet_yolo_v10/images/train/001141.jpg,.jpg,impulse_noise,2,1096768561,001141__A1C__impulse_noise__s2.png
001142,/root/autodl-tmp/helmet_yolo_v10/images/train/001142.jpg,.jpg,snow,1,3500219309,001142__A1C__snow__s1.png
001143,/root/autodl-tmp/helmet_yolo_v10/images/train/001143.jpg,.jpg,impulse_noise,3,2496291169,001143__A1C__impulse_noise__s3.png
001144,/root/autodl-tmp/helmet_yolo_v10/images/train/001144.jpg,.jpg,defocus_blur,3,2920738189,001144__A1C__defocus_blur__s3.png
001146,/root/autodl-tmp/helmet_yolo_v10/images/train/001146.jpg,.jpg,shot_noise,3,1305875529,001146__A1C__shot_noise__s3.png
001147,/root/autodl-tmp/helmet_yolo_v10/images/train/001147.jpg,.jpg,contrast,3,1521483490,001147__A1C__contrast__s3.png
001148,/root/autodl-tmp/helmet_yolo_v10/images/train/001148.jpg,.jpg,gaussian_noise,1,1978108568,001148__A1C__gaussian_noise__s1.png
001149,/root/autodl-tmp/helmet_yolo_v10/images/train/001149.jpg,.jpg,defocus_blur,2,2183461825,001149__A1C__defocus_blur__s2.png
001150,/root/autodl-tmp/helmet_yolo_v10/images/train/001150.jpg,.jpg,gaussian_noise,1,3384912727,001150__A1C__gaussian_noise__s1.png
001153,/root/autodl-tmp/helmet_yolo_v10/images/train/001153.jpg,.jpg,snow,2,1647612406,001153__A1C__snow__s2.png
001155,/root/autodl-tmp/helmet_yolo_v10/images/train/001155.jpg,.jpg,defocus_blur,2,351404657,001155__A1C__defocus_blur__s2.png
001156,/root/autodl-tmp/helmet_yolo_v10/images/train/001156.jpg,.jpg,jpeg_compression,1,1488760274,001156__A1C__jpeg_compression__s1.png
001157,/root/autodl-tmp/helmet_yolo_v10/images/train/001157.jpg,.jpg,shot_noise,1,1243092438,001157__A1C__shot_noise__s1.png
001158,/root/autodl-tmp/helmet_yolo_v10/images/train/001158.jpg,.jpg,fog,1,2177777799,001158__A1C__fog__s1.png
001159,/root/autodl-tmp/helmet_yolo_v10/images/train/001159.jpg,.jpg,shot_noise,3,1116218057,001159__A1C__shot_noise__s3.png
001160,/root/autodl-tmp/helmet_yolo_v10/images/train/001160.jpg,.jpg,impulse_noise,1,3352684598,001160__A1C__impulse_noise__s1.png
001161,/root/autodl-tmp/helmet_yolo_v10/images/train/001161.jpg,.jpg,defocus_blur,1,1195724216,001161__A1C__defocus_blur__s1.png
001162,/root/autodl-tmp/helmet_yolo_v10/images/train/001162.jpg,.jpg,snow,3,2357654669,001162__A1C__snow__s3.png
001166,/root/autodl-tmp/helmet_yolo_v10/images/train/001166.jpg,.jpg,zoom_blur,3,3719565125,001166__A1C__zoom_blur__s3.png
001167,/root/autodl-tmp/helmet_yolo_v10/images/train/001167.jpg,.jpg,zoom_blur,1,3179131921,001167__A1C__zoom_blur__s1.png
001168,/root/autodl-tmp/helmet_yolo_v10/images/train/001168.jpg,.jpg,impulse_noise,2,2148750471,001168__A1C__impulse_noise__s2.png
001169,/root/autodl-tmp/helmet_yolo_v10/images/train/001169.jpg,.jpg,brightness,3,989487978,001169__A1C__brightness__s3.png
001170,/root/autodl-tmp/helmet_yolo_v10/images/train/001170.jpg,.jpg,pixelate,3,1906826858,001170__A1C__pixelate__s3.png
001171,/root/autodl-tmp/helmet_yolo_v10/images/train/001171.jpg,.jpg,fog,2,3481819034,001171__A1C__fog__s2.png
001172,/root/autodl-tmp/helmet_yolo_v10/images/train/001172.jpg,.jpg,glass_blur,1,2052859684,001172__A1C__glass_blur__s1.png
001173,/root/autodl-tmp/helmet_yolo_v10/images/train/001173.jpg,.jpg,brightness,2,3450777416,001173__A1C__brightness__s2.png
001174,/root/autodl-tmp/helmet_yolo_v10/images/train/001174.jpg,.jpg,jpeg_compression,3,1363243490,001174__A1C__jpeg_compression__s3.png
001175,/root/autodl-tmp/helmet_yolo_v10/images/train/001175.jpg,.jpg,snow,3,3961006185,001175__A1C__snow__s3.png
001178,/root/autodl-tmp/helmet_yolo_v10/images/train/001178.jpg,.jpg,defocus_blur,2,24394128,001178__A1C__defocus_blur__s2.png
001179,/root/autodl-tmp/helmet_yolo_v10/images/train/001179.jpg,.jpg,defocus_blur,3,690763401,001179__A1C__defocus_blur__s3.png
001181,/root/autodl-tmp/helmet_yolo_v10/images/train/001181.jpg,.jpg,jpeg_compression,2,1070660937,001181__A1C__jpeg_compression__s2.png
001182,/root/autodl-tmp/helmet_yolo_v10/images/train/001182.jpg,.jpg,motion_blur,3,4095050003,001182__A1C__motion_blur__s3.png
001183,/root/autodl-tmp/helmet_yolo_v10/images/train/001183.jpg,.jpg,brightness,3,3533432761,001183__A1C__brightness__s3.png
001184,/root/autodl-tmp/helmet_yolo_v10/images/train/001184.jpg,.jpg,glass_blur,1,450465280,001184__A1C__glass_blur__s1.png
001186,/root/autodl-tmp/helmet_yolo_v10/images/train/001186.jpg,.jpg,motion_blur,1,999493643,001186__A1C__motion_blur__s1.png
001187,/root/autodl-tmp/helmet_yolo_v10/images/train/001187.jpg,.jpg,defocus_blur,1,4005025,001187__A1C__defocus_blur__s1.png
001189,/root/autodl-tmp/helmet_yolo_v10/images/train/001189.jpg,.jpg,pixelate,3,1963239745,001189__A1C__pixelate__s3.png
001190,/root/autodl-tmp/helmet_yolo_v10/images/train/001190.jpg,.jpg,gaussian_noise,1,3104005599,001190__A1C__gaussian_noise__s1.png
001191,/root/autodl-tmp/helmet_yolo_v10/images/train/001191.jpg,.jpg,glass_blur,3,1461569179,001191__A1C__glass_blur__s3.png
001194,/root/autodl-tmp/helmet_yolo_v10/images/train/001194.jpg,.jpg,impulse_noise,2,1098133209,001194__A1C__impulse_noise__s2.png
001195,/root/autodl-tmp/helmet_yolo_v10/images/train/001195.jpg,.jpg,brightness,1,1752869764,001195__A1C__brightness__s1.png
001198,/root/autodl-tmp/helmet_yolo_v10/images/train/001198.jpg,.jpg,fog,2,2238519254,001198__A1C__fog__s2.png
001199,/root/autodl-tmp/helmet_yolo_v10/images/train/001199.jpg,.jpg,brightness,2,2055438561,001199__A1C__brightness__s2.png
001200,/root/autodl-tmp/helmet_yolo_v10/images/train/001200.jpg,.jpg,jpeg_compression,2,995378606,001200__A1C__jpeg_compression__s2.png
001201,/root/autodl-tmp/helmet_yolo_v10/images/train/001201.jpg,.jpg,brightness,2,1980476717,001201__A1C__brightness__s2.png
001202,/root/autodl-tmp/helmet_yolo_v10/images/train/001202.jpg,.jpg,jpeg_compression,3,1489456827,001202__A1C__jpeg_compression__s3.png
001203,/root/autodl-tmp/helmet_yolo_v10/images/train/001203.jpg,.jpg,shot_noise,2,2035393934,001203__A1C__shot_noise__s2.png
001205,/root/autodl-tmp/helmet_yolo_v10/images/train/001205.jpg,.jpg,pixelate,1,3109171178,001205__A1C__pixelate__s1.png
001206,/root/autodl-tmp/helmet_yolo_v10/images/train/001206.jpg,.jpg,zoom_blur,1,2381169171,001206__A1C__zoom_blur__s1.png
001207,/root/autodl-tmp/helmet_yolo_v10/images/train/001207.jpg,.jpg,fog,1,3424808496,001207__A1C__fog__s1.png
001208,/root/autodl-tmp/helmet_yolo_v10/images/train/001208.jpg,.jpg,fog,3,1872577024,001208__A1C__fog__s3.png
001210,/root/autodl-tmp/helmet_yolo_v10/images/train/001210.jpg,.jpg,gaussian_noise,2,98305823,001210__A1C__gaussian_noise__s2.png
001212,/root/autodl-tmp/helmet_yolo_v10/images/train/001212.jpg,.jpg,frost,1,27907147,001212__A1C__frost__s1.png
001214,/root/autodl-tmp/helmet_yolo_v10/images/train/001214.jpg,.jpg,glass_blur,1,391615449,001214__A1C__glass_blur__s1.png
001215,/root/autodl-tmp/helmet_yolo_v10/images/train/001215.jpg,.jpg,pixelate,2,1538997646,001215__A1C__pixelate__s2.png
001216,/root/autodl-tmp/helmet_yolo_v10/images/train/001216.jpg,.jpg,fog,2,115811520,001216__A1C__fog__s2.png
001217,/root/autodl-tmp/helmet_yolo_v10/images/train/001217.jpg,.jpg,defocus_blur,2,3053649539,001217__A1C__defocus_blur__s2.png
001218,/root/autodl-tmp/helmet_yolo_v10/images/train/001218.jpg,.jpg,shot_noise,1,232884701,001218__A1C__shot_noise__s1.png
001219,/root/autodl-tmp/helmet_yolo_v10/images/train/001219.jpg,.jpg,jpeg_compression,2,219679877,001219__A1C__jpeg_compression__s2.png
001220,/root/autodl-tmp/helmet_yolo_v10/images/train/001220.jpg,.jpg,fog,1,2922324213,001220__A1C__fog__s1.png
001221,/root/autodl-tmp/helmet_yolo_v10/images/train/001221.jpg,.jpg,motion_blur,1,2209503961,001221__A1C__motion_blur__s1.png
001223,/root/autodl-tmp/helmet_yolo_v10/images/train/001223.jpg,.jpg,frost,1,1513116255,001223__A1C__frost__s1.png
001224,/root/autodl-tmp/helmet_yolo_v10/images/train/001224.jpg,.jpg,jpeg_compression,2,2454152895,001224__A1C__jpeg_compression__s2.png
001225,/root/autodl-tmp/helmet_yolo_v10/images/train/001225.jpg,.jpg,zoom_blur,1,1691174559,001225__A1C__zoom_blur__s1.png
001226,/root/autodl-tmp/helmet_yolo_v10/images/train/001226.jpg,.jpg,contrast,3,3520505904,001226__A1C__contrast__s3.png
001228,/root/autodl-tmp/helmet_yolo_v10/images/train/001228.jpg,.jpg,glass_blur,1,3809647481,001228__A1C__glass_blur__s1.png
001229,/root/autodl-tmp/helmet_yolo_v10/images/train/001229.jpg,.jpg,zoom_blur,3,99807691,001229__A1C__zoom_blur__s3.png
001230,/root/autodl-tmp/helmet_yolo_v10/images/train/001230.jpg,.jpg,impulse_noise,3,1971653521,001230__A1C__impulse_noise__s3.png
001231,/root/autodl-tmp/helmet_yolo_v10/images/train/001231.jpg,.jpg,gaussian_noise,3,1463978981,001231__A1C__gaussian_noise__s3.png
001232,/root/autodl-tmp/helmet_yolo_v10/images/train/001232.jpg,.jpg,pixelate,1,2275960917,001232__A1C__pixelate__s1.png
001233,/root/autodl-tmp/helmet_yolo_v10/images/train/001233.jpg,.jpg,fog,2,3762385356,001233__A1C__fog__s2.png
001236,/root/autodl-tmp/helmet_yolo_v10/images/train/001236.jpg,.jpg,contrast,3,1435522487,001236__A1C__contrast__s3.png
001238,/root/autodl-tmp/helmet_yolo_v10/images/train/001238.jpg,.jpg,contrast,2,1118734159,001238__A1C__contrast__s2.png
001239,/root/autodl-tmp/helmet_yolo_v10/images/train/001239.jpg,.jpg,frost,2,1974747651,001239__A1C__frost__s2.png
001240,/root/autodl-tmp/helmet_yolo_v10/images/train/001240.jpg,.jpg,jpeg_compression,1,3612306306,001240__A1C__jpeg_compression__s1.png
001243,/root/autodl-tmp/helmet_yolo_v10/images/train/001243.jpg,.jpg,impulse_noise,3,754412603,001243__A1C__impulse_noise__s3.png
001244,/root/autodl-tmp/helmet_yolo_v10/images/train/001244.jpg,.jpg,glass_blur,2,2417183601,001244__A1C__glass_blur__s2.png
001245,/root/autodl-tmp/helmet_yolo_v10/images/train/001245.jpg,.jpg,contrast,1,2303798263,001245__A1C__contrast__s1.png
001247,/root/autodl-tmp/helmet_yolo_v10/images/train/001247.jpg,.jpg,brightness,1,279254136,001247__A1C__brightness__s1.png
001250,/root/autodl-tmp/helmet_yolo_v10/images/train/001250.jpg,.jpg,jpeg_compression,1,3668897156,001250__A1C__jpeg_compression__s1.png
001252,/root/autodl-tmp/helmet_yolo_v10/images/train/001252.jpg,.jpg,fog,2,2113921832,001252__A1C__fog__s2.png
001253,/root/autodl-tmp/helmet_yolo_v10/images/train/001253.jpg,.jpg,glass_blur,2,1971890591,001253__A1C__glass_blur__s2.png
001254,/root/autodl-tmp/helmet_yolo_v10/images/train/001254.jpg,.jpg,snow,3,1330464372,001254__A1C__snow__s3.png
001255,/root/autodl-tmp/helmet_yolo_v10/images/train/001255.jpg,.jpg,contrast,3,1717252128,001255__A1C__contrast__s3.png
001256,/root/autodl-tmp/helmet_yolo_v10/images/train/001256.jpg,.jpg,fog,2,2487505091,001256__A1C__fog__s2.png
001257,/root/autodl-tmp/helmet_yolo_v10/images/train/001257.jpg,.jpg,shot_noise,1,2354047374,001257__A1C__shot_noise__s1.png
001258,/root/autodl-tmp/helmet_yolo_v10/images/train/001258.jpg,.jpg,pixelate,1,2236624826,001258__A1C__pixelate__s1.png
001259,/root/autodl-tmp/helmet_yolo_v10/images/train/001259.jpg,.jpg,brightness,1,442587222,001259__A1C__brightness__s1.png
001260,/root/autodl-tmp/helmet_yolo_v10/images/train/001260.jpg,.jpg,glass_blur,2,1371765496,001260__A1C__glass_blur__s2.png
001261,/root/autodl-tmp/helmet_yolo_v10/images/train/001261.jpg,.jpg,frost,3,2359161171,001261__A1C__frost__s3.png
001262,/root/autodl-tmp/helmet_yolo_v10/images/train/001262.jpg,.jpg,shot_noise,1,332753282,001262__A1C__shot_noise__s1.png
001263,/root/autodl-tmp/helmet_yolo_v10/images/train/001263.jpg,.jpg,snow,3,2529386589,001263__A1C__snow__s3.png
001265,/root/autodl-tmp/helmet_yolo_v10/images/train/001265.jpg,.jpg,gaussian_noise,1,1657562659,001265__A1C__gaussian_noise__s1.png
001267,/root/autodl-tmp/helmet_yolo_v10/images/train/001267.jpg,.jpg,shot_noise,1,3685187692,001267__A1C__shot_noise__s1.png
001268,/root/autodl-tmp/helmet_yolo_v10/images/train/001268.jpg,.jpg,brightness,1,3647527378,001268__A1C__brightness__s1.png
001271,/root/autodl-tmp/helmet_yolo_v10/images/train/001271.jpg,.jpg,impulse_noise,3,1297252388,001271__A1C__impulse_noise__s3.png
001273,/root/autodl-tmp/helmet_yolo_v10/images/train/001273.jpg,.jpg,zoom_blur,3,971955181,001273__A1C__zoom_blur__s3.png
001274,/root/autodl-tmp/helmet_yolo_v10/images/train/001274.jpg,.jpg,impulse_noise,2,2392232826,001274__A1C__impulse_noise__s2.png
001278,/root/autodl-tmp/helmet_yolo_v10/images/train/001278.jpg,.jpg,contrast,3,1336342581,001278__A1C__contrast__s3.png
001279,/root/autodl-tmp/helmet_yolo_v10/images/train/001279.jpg,.jpg,brightness,2,1094118543,001279__A1C__brightness__s2.png
001280,/root/autodl-tmp/helmet_yolo_v10/images/train/001280.jpg,.jpg,fog,2,2561924044,001280__A1C__fog__s2.png
001281,/root/autodl-tmp/helmet_yolo_v10/images/train/001281.jpg,.jpg,snow,3,4071373153,001281__A1C__snow__s3.png
001282,/root/autodl-tmp/helmet_yolo_v10/images/train/001282.jpg,.jpg,shot_noise,2,2510731138,001282__A1C__shot_noise__s2.png
001283,/root/autodl-tmp/helmet_yolo_v10/images/train/001283.jpg,.jpg,defocus_blur,1,3130384716,001283__A1C__defocus_blur__s1.png
001284,/root/autodl-tmp/helmet_yolo_v10/images/train/001284.jpg,.jpg,contrast,1,2907475715,001284__A1C__contrast__s1.png
001285,/root/autodl-tmp/helmet_yolo_v10/images/train/001285.jpg,.jpg,snow,2,1416312621,001285__A1C__snow__s2.png
001286,/root/autodl-tmp/helmet_yolo_v10/images/train/001286.jpg,.jpg,gaussian_noise,2,2915647061,001286__A1C__gaussian_noise__s2.png
001287,/root/autodl-tmp/helmet_yolo_v10/images/train/001287.jpg,.jpg,impulse_noise,1,542828582,001287__A1C__impulse_noise__s1.png
001288,/root/autodl-tmp/helmet_yolo_v10/images/train/001288.jpg,.jpg,fog,2,2649664632,001288__A1C__fog__s2.png
001289,/root/autodl-tmp/helmet_yolo_v10/images/train/001289.jpg,.jpg,impulse_noise,1,2616850717,001289__A1C__impulse_noise__s1.png
001290,/root/autodl-tmp/helmet_yolo_v10/images/train/001290.jpg,.jpg,snow,2,1565314953,001290__A1C__snow__s2.png
001291,/root/autodl-tmp/helmet_yolo_v10/images/train/001291.jpg,.jpg,brightness,3,1588035919,001291__A1C__brightness__s3.png
001292,/root/autodl-tmp/helmet_yolo_v10/images/train/001292.jpg,.jpg,shot_noise,2,4089253348,001292__A1C__shot_noise__s2.png
001293,/root/autodl-tmp/helmet_yolo_v10/images/train/001293.jpg,.jpg,fog,3,1079463792,001293__A1C__fog__s3.png
001294,/root/autodl-tmp/helmet_yolo_v10/images/train/001294.jpg,.jpg,gaussian_noise,2,1963989863,001294__A1C__gaussian_noise__s2.png
001297,/root/autodl-tmp/helmet_yolo_v10/images/train/001297.jpg,.jpg,defocus_blur,3,3735574817,001297__A1C__defocus_blur__s3.png
001298,/root/autodl-tmp/helmet_yolo_v10/images/train/001298.jpg,.jpg,shot_noise,2,3082622993,001298__A1C__shot_noise__s2.png
001299,/root/autodl-tmp/helmet_yolo_v10/images/train/001299.jpg,.jpg,frost,2,2312904693,001299__A1C__frost__s2.png
001300,/root/autodl-tmp/helmet_yolo_v10/images/train/001300.jpg,.jpg,frost,1,766484079,001300__A1C__frost__s1.png
001302,/root/autodl-tmp/helmet_yolo_v10/images/train/001302.jpg,.jpg,contrast,1,4279104474,001302__A1C__contrast__s1.png
001303,/root/autodl-tmp/helmet_yolo_v10/images/train/001303.jpg,.jpg,brightness,3,3471039447,001303__A1C__brightness__s3.png
001305,/root/autodl-tmp/helmet_yolo_v10/images/train/001305.jpg,.jpg,snow,3,823476433,001305__A1C__snow__s3.png
001306,/root/autodl-tmp/helmet_yolo_v10/images/train/001306.jpg,.jpg,defocus_blur,1,1997208191,001306__A1C__defocus_blur__s1.png
001308,/root/autodl-tmp/helmet_yolo_v10/images/train/001308.jpg,.jpg,shot_noise,2,955792523,001308__A1C__shot_noise__s2.png
001309,/root/autodl-tmp/helmet_yolo_v10/images/train/001309.jpg,.jpg,shot_noise,2,2392306997,001309__A1C__shot_noise__s2.png
001310,/root/autodl-tmp/helmet_yolo_v10/images/train/001310.jpg,.jpg,pixelate,3,2704727707,001310__A1C__pixelate__s3.png
001312,/root/autodl-tmp/helmet_yolo_v10/images/train/001312.jpg,.jpg,brightness,2,2067092977,001312__A1C__brightness__s2.png
001313,/root/autodl-tmp/helmet_yolo_v10/images/train/001313.jpg,.jpg,pixelate,2,3131209031,001313__A1C__pixelate__s2.png
001314,/root/autodl-tmp/helmet_yolo_v10/images/train/001314.jpg,.jpg,brightness,3,3977044959,001314__A1C__brightness__s3.png
001318,/root/autodl-tmp/helmet_yolo_v10/images/train/001318.jpg,.jpg,glass_blur,1,1155460585,001318__A1C__glass_blur__s1.png
001320,/root/autodl-tmp/helmet_yolo_v10/images/train/001320.jpg,.jpg,jpeg_compression,1,1294892529,001320__A1C__jpeg_compression__s1.png
001321,/root/autodl-tmp/helmet_yolo_v10/images/train/001321.jpg,.jpg,glass_blur,1,3409866087,001321__A1C__glass_blur__s1.png
001325,/root/autodl-tmp/helmet_yolo_v10/images/train/001325.jpg,.jpg,jpeg_compression,1,1723614073,001325__A1C__jpeg_compression__s1.png
001326,/root/autodl-tmp/helmet_yolo_v10/images/train/001326.jpg,.jpg,jpeg_compression,2,560218375,001326__A1C__jpeg_compression__s2.png
001327,/root/autodl-tmp/helmet_yolo_v10/images/train/001327.jpg,.jpg,defocus_blur,2,304743415,001327__A1C__defocus_blur__s2.png
001329,/root/autodl-tmp/helmet_yolo_v10/images/train/001329.jpg,.jpg,motion_blur,2,3721705078,001329__A1C__motion_blur__s2.png
001330,/root/autodl-tmp/helmet_yolo_v10/images/train/001330.jpg,.jpg,snow,3,913345499,001330__A1C__snow__s3.png
001331,/root/autodl-tmp/helmet_yolo_v10/images/train/001331.jpg,.jpg,contrast,3,2371994526,001331__A1C__contrast__s3.png
001332,/root/autodl-tmp/helmet_yolo_v10/images/train/001332.jpg,.jpg,defocus_blur,1,872750296,001332__A1C__defocus_blur__s1.png
001336,/root/autodl-tmp/helmet_yolo_v10/images/train/001336.jpg,.jpg,snow,1,2919422327,001336__A1C__snow__s1.png
001338,/root/autodl-tmp/helmet_yolo_v10/images/train/001338.jpg,.jpg,motion_blur,3,248526652,001338__A1C__motion_blur__s3.png
001339,/root/autodl-tmp/helmet_yolo_v10/images/train/001339.jpg,.jpg,motion_blur,3,3001024768,001339__A1C__motion_blur__s3.png
001340,/root/autodl-tmp/helmet_yolo_v10/images/train/001340.jpg,.jpg,frost,3,1274653974,001340__A1C__frost__s3.png
001341,/root/autodl-tmp/helmet_yolo_v10/images/train/001341.jpg,.jpg,motion_blur,2,2603687639,001341__A1C__motion_blur__s2.png
001343,/root/autodl-tmp/helmet_yolo_v10/images/train/001343.jpg,.jpg,pixelate,3,2316670482,001343__A1C__pixelate__s3.png
001344,/root/autodl-tmp/helmet_yolo_v10/images/train/001344.jpg,.jpg,defocus_blur,2,2635672942,001344__A1C__defocus_blur__s2.png
001345,/root/autodl-tmp/helmet_yolo_v10/images/train/001345.jpg,.jpg,zoom_blur,3,780699598,001345__A1C__zoom_blur__s3.png
001346,/root/autodl-tmp/helmet_yolo_v10/images/train/001346.jpg,.jpg,motion_blur,2,2764270638,001346__A1C__motion_blur__s2.png
001348,/root/autodl-tmp/helmet_yolo_v10/images/train/001348.jpg,.jpg,zoom_blur,1,2627114554,001348__A1C__zoom_blur__s1.png
001352,/root/autodl-tmp/helmet_yolo_v10/images/train/001352.jpg,.jpg,shot_noise,3,3955692642,001352__A1C__shot_noise__s3.png
001354,/root/autodl-tmp/helmet_yolo_v10/images/train/001354.jpg,.jpg,brightness,2,3547036604,001354__A1C__brightness__s2.png
001355,/root/autodl-tmp/helmet_yolo_v10/images/train/001355.jpg,.jpg,frost,1,1435831484,001355__A1C__frost__s1.png
001356,/root/autodl-tmp/helmet_yolo_v10/images/train/001356.jpg,.jpg,glass_blur,1,960173144,001356__A1C__glass_blur__s1.png
001358,/root/autodl-tmp/helmet_yolo_v10/images/train/001358.jpg,.jpg,defocus_blur,1,3514694956,001358__A1C__defocus_blur__s1.png
001359,/root/autodl-tmp/helmet_yolo_v10/images/train/001359.jpg,.jpg,fog,1,2000123832,001359__A1C__fog__s1.png
001360,/root/autodl-tmp/helmet_yolo_v10/images/train/001360.jpg,.jpg,gaussian_noise,1,238328270,001360__A1C__gaussian_noise__s1.png
001361,/root/autodl-tmp/helmet_yolo_v10/images/train/001361.jpg,.jpg,jpeg_compression,3,3794101943,001361__A1C__jpeg_compression__s3.png
001362,/root/autodl-tmp/helmet_yolo_v10/images/train/001362.jpg,.jpg,jpeg_compression,1,4053190099,001362__A1C__jpeg_compression__s1.png
001365,/root/autodl-tmp/helmet_yolo_v10/images/train/001365.jpg,.jpg,zoom_blur,3,2337538300,001365__A1C__zoom_blur__s3.png
001366,/root/autodl-tmp/helmet_yolo_v10/images/train/001366.jpg,.jpg,glass_blur,1,2233501984,001366__A1C__glass_blur__s1.png
001367,/root/autodl-tmp/helmet_yolo_v10/images/train/001367.jpg,.jpg,fog,2,3712571999,001367__A1C__fog__s2.png
001368,/root/autodl-tmp/helmet_yolo_v10/images/train/001368.jpg,.jpg,jpeg_compression,2,245507063,001368__A1C__jpeg_compression__s2.png
001372,/root/autodl-tmp/helmet_yolo_v10/images/train/001372.jpg,.jpg,glass_blur,1,3866084048,001372__A1C__glass_blur__s1.png
001373,/root/autodl-tmp/helmet_yolo_v10/images/train/001373.jpg,.jpg,pixelate,1,1229972167,001373__A1C__pixelate__s1.png
001374,/root/autodl-tmp/helmet_yolo_v10/images/train/001374.jpg,.jpg,zoom_blur,3,42895566,001374__A1C__zoom_blur__s3.png
001375,/root/autodl-tmp/helmet_yolo_v10/images/train/001375.jpg,.jpg,brightness,2,330461496,001375__A1C__brightness__s2.png
001376,/root/autodl-tmp/helmet_yolo_v10/images/train/001376.jpg,.jpg,defocus_blur,1,4097484159,001376__A1C__defocus_blur__s1.png
001379,/root/autodl-tmp/helmet_yolo_v10/images/train/001379.jpg,.jpg,snow,3,639712321,001379__A1C__snow__s3.png
001380,/root/autodl-tmp/helmet_yolo_v10/images/train/001380.jpg,.jpg,jpeg_compression,1,2273236445,001380__A1C__jpeg_compression__s1.png
001381,/root/autodl-tmp/helmet_yolo_v10/images/train/001381.jpg,.jpg,gaussian_noise,2,2648734129,001381__A1C__gaussian_noise__s2.png
001382,/root/autodl-tmp/helmet_yolo_v10/images/train/001382.jpg,.jpg,shot_noise,2,3311095676,001382__A1C__shot_noise__s2.png
001385,/root/autodl-tmp/helmet_yolo_v10/images/train/001385.jpg,.jpg,brightness,3,697379626,001385__A1C__brightness__s3.png
001386,/root/autodl-tmp/helmet_yolo_v10/images/train/001386.jpg,.jpg,gaussian_noise,3,528984315,001386__A1C__gaussian_noise__s3.png
001387,/root/autodl-tmp/helmet_yolo_v10/images/train/001387.jpg,.jpg,shot_noise,3,3588697192,001387__A1C__shot_noise__s3.png
001388,/root/autodl-tmp/helmet_yolo_v10/images/train/001388.jpg,.jpg,zoom_blur,1,2386794716,001388__A1C__zoom_blur__s1.png
001389,/root/autodl-tmp/helmet_yolo_v10/images/train/001389.jpg,.jpg,contrast,2,3282154224,001389__A1C__contrast__s2.png
001390,/root/autodl-tmp/helmet_yolo_v10/images/train/001390.jpg,.jpg,fog,1,3811723961,001390__A1C__fog__s1.png
001393,/root/autodl-tmp/helmet_yolo_v10/images/train/001393.jpg,.jpg,contrast,2,2767486545,001393__A1C__contrast__s2.png
001394,/root/autodl-tmp/helmet_yolo_v10/images/train/001394.jpg,.jpg,defocus_blur,3,3123548121,001394__A1C__defocus_blur__s3.png
001395,/root/autodl-tmp/helmet_yolo_v10/images/train/001395.jpg,.jpg,gaussian_noise,1,2530416613,001395__A1C__gaussian_noise__s1.png
001396,/root/autodl-tmp/helmet_yolo_v10/images/train/001396.jpg,.jpg,contrast,2,1388301697,001396__A1C__contrast__s2.png
001399,/root/autodl-tmp/helmet_yolo_v10/images/train/001399.jpg,.jpg,brightness,2,2159644178,001399__A1C__brightness__s2.png
001400,/root/autodl-tmp/helmet_yolo_v10/images/train/001400.jpg,.jpg,motion_blur,3,1202777108,001400__A1C__motion_blur__s3.png
001401,/root/autodl-tmp/helmet_yolo_v10/images/train/001401.jpg,.jpg,snow,1,2214555052,001401__A1C__snow__s1.png
001402,/root/autodl-tmp/helmet_yolo_v10/images/train/001402.jpg,.jpg,zoom_blur,2,306797264,001402__A1C__zoom_blur__s2.png
001404,/root/autodl-tmp/helmet_yolo_v10/images/train/001404.jpg,.jpg,snow,3,2431905710,001404__A1C__snow__s3.png
001405,/root/autodl-tmp/helmet_yolo_v10/images/train/001405.jpg,.jpg,snow,3,424176920,001405__A1C__snow__s3.png
001406,/root/autodl-tmp/helmet_yolo_v10/images/train/001406.jpg,.jpg,shot_noise,2,3820329449,001406__A1C__shot_noise__s2.png
001408,/root/autodl-tmp/helmet_yolo_v10/images/train/001408.jpg,.jpg,zoom_blur,2,985629342,001408__A1C__zoom_blur__s2.png
001409,/root/autodl-tmp/helmet_yolo_v10/images/train/001409.jpg,.jpg,glass_blur,2,1006757693,001409__A1C__glass_blur__s2.png
001410,/root/autodl-tmp/helmet_yolo_v10/images/train/001410.jpg,.jpg,motion_blur,2,611876118,001410__A1C__motion_blur__s2.png
001411,/root/autodl-tmp/helmet_yolo_v10/images/train/001411.jpg,.jpg,defocus_blur,2,2619384547,001411__A1C__defocus_blur__s2.png
001412,/root/autodl-tmp/helmet_yolo_v10/images/train/001412.jpg,.jpg,shot_noise,1,323207322,001412__A1C__shot_noise__s1.png
001413,/root/autodl-tmp/helmet_yolo_v10/images/train/001413.jpg,.jpg,jpeg_compression,1,1056862867,001413__A1C__jpeg_compression__s1.png
001414,/root/autodl-tmp/helmet_yolo_v10/images/train/001414.jpg,.jpg,gaussian_noise,2,4004961961,001414__A1C__gaussian_noise__s2.png
001415,/root/autodl-tmp/helmet_yolo_v10/images/train/001415.jpg,.jpg,contrast,1,2340794962,001415__A1C__contrast__s1.png
001416,/root/autodl-tmp/helmet_yolo_v10/images/train/001416.jpg,.jpg,defocus_blur,1,299532033,001416__A1C__defocus_blur__s1.png
001417,/root/autodl-tmp/helmet_yolo_v10/images/train/001417.jpg,.jpg,impulse_noise,2,652871016,001417__A1C__impulse_noise__s2.png
001418,/root/autodl-tmp/helmet_yolo_v10/images/train/001418.jpg,.jpg,jpeg_compression,2,1333955660,001418__A1C__jpeg_compression__s2.png
001419,/root/autodl-tmp/helmet_yolo_v10/images/train/001419.jpg,.jpg,jpeg_compression,3,1007566739,001419__A1C__jpeg_compression__s3.png
001420,/root/autodl-tmp/helmet_yolo_v10/images/train/001420.jpg,.jpg,zoom_blur,3,1869059100,001420__A1C__zoom_blur__s3.png
001421,/root/autodl-tmp/helmet_yolo_v10/images/train/001421.jpg,.jpg,frost,1,1444565209,001421__A1C__frost__s1.png
001423,/root/autodl-tmp/helmet_yolo_v10/images/train/001423.jpg,.jpg,glass_blur,3,2129893669,001423__A1C__glass_blur__s3.png
001425,/root/autodl-tmp/helmet_yolo_v10/images/train/001425.jpg,.jpg,contrast,3,784404279,001425__A1C__contrast__s3.png
001426,/root/autodl-tmp/helmet_yolo_v10/images/train/001426.jpg,.jpg,frost,3,1615111241,001426__A1C__frost__s3.png
001427,/root/autodl-tmp/helmet_yolo_v10/images/train/001427.jpg,.jpg,shot_noise,3,3770458531,001427__A1C__shot_noise__s3.png
001428,/root/autodl-tmp/helmet_yolo_v10/images/train/001428.jpg,.jpg,frost,2,3567974722,001428__A1C__frost__s2.png
001429,/root/autodl-tmp/helmet_yolo_v10/images/train/001429.jpg,.jpg,pixelate,2,4166463829,001429__A1C__pixelate__s2.png
001434,/root/autodl-tmp/helmet_yolo_v10/images/train/001434.jpg,.jpg,zoom_blur,3,4153027487,001434__A1C__zoom_blur__s3.png
001435,/root/autodl-tmp/helmet_yolo_v10/images/train/001435.jpg,.jpg,pixelate,1,1115043317,001435__A1C__pixelate__s1.png
001438,/root/autodl-tmp/helmet_yolo_v10/images/train/001438.jpg,.jpg,contrast,2,626356390,001438__A1C__contrast__s2.png
001439,/root/autodl-tmp/helmet_yolo_v10/images/train/001439.jpg,.jpg,pixelate,2,954040580,001439__A1C__pixelate__s2.png
001440,/root/autodl-tmp/helmet_yolo_v10/images/train/001440.jpg,.jpg,jpeg_compression,3,633912649,001440__A1C__jpeg_compression__s3.png
001441,/root/autodl-tmp/helmet_yolo_v10/images/train/001441.jpg,.jpg,jpeg_compression,3,2490646606,001441__A1C__jpeg_compression__s3.png
001442,/root/autodl-tmp/helmet_yolo_v10/images/train/001442.jpg,.jpg,brightness,2,2389655647,001442__A1C__brightness__s2.png
001443,/root/autodl-tmp/helmet_yolo_v10/images/train/001443.jpg,.jpg,pixelate,1,253824744,001443__A1C__pixelate__s1.png
001444,/root/autodl-tmp/helmet_yolo_v10/images/train/001444.jpg,.jpg,pixelate,3,397812694,001444__A1C__pixelate__s3.png
001445,/root/autodl-tmp/helmet_yolo_v10/images/train/001445.jpg,.jpg,impulse_noise,3,64515065,001445__A1C__impulse_noise__s3.png
001446,/root/autodl-tmp/helmet_yolo_v10/images/train/001446.jpg,.jpg,shot_noise,1,4194447281,001446__A1C__shot_noise__s1.png
001447,/root/autodl-tmp/helmet_yolo_v10/images/train/001447.jpg,.jpg,snow,2,1629100015,001447__A1C__snow__s2.png
001449,/root/autodl-tmp/helmet_yolo_v10/images/train/001449.jpg,.jpg,impulse_noise,2,2611604587,001449__A1C__impulse_noise__s2.png
001450,/root/autodl-tmp/helmet_yolo_v10/images/train/001450.jpg,.jpg,gaussian_noise,2,2193082640,001450__A1C__gaussian_noise__s2.png
001452,/root/autodl-tmp/helmet_yolo_v10/images/train/001452.jpg,.jpg,impulse_noise,3,392700960,001452__A1C__impulse_noise__s3.png
001456,/root/autodl-tmp/helmet_yolo_v10/images/train/001456.jpg,.jpg,defocus_blur,1,2037512845,001456__A1C__defocus_blur__s1.png
001457,/root/autodl-tmp/helmet_yolo_v10/images/train/001457.jpg,.jpg,contrast,1,1929038981,001457__A1C__contrast__s1.png
001461,/root/autodl-tmp/helmet_yolo_v10/images/train/001461.jpg,.jpg,zoom_blur,1,3389559581,001461__A1C__zoom_blur__s1.png
001462,/root/autodl-tmp/helmet_yolo_v10/images/train/001462.jpg,.jpg,snow,3,2198052592,001462__A1C__snow__s3.png
001464,/root/autodl-tmp/helmet_yolo_v10/images/train/001464.jpg,.jpg,zoom_blur,2,3023821518,001464__A1C__zoom_blur__s2.png
001465,/root/autodl-tmp/helmet_yolo_v10/images/train/001465.jpg,.jpg,impulse_noise,2,1406266162,001465__A1C__impulse_noise__s2.png
001466,/root/autodl-tmp/helmet_yolo_v10/images/train/001466.jpg,.jpg,contrast,2,447258066,001466__A1C__contrast__s2.png
001467,/root/autodl-tmp/helmet_yolo_v10/images/train/001467.jpg,.jpg,pixelate,1,3153112545,001467__A1C__pixelate__s1.png
001471,/root/autodl-tmp/helmet_yolo_v10/images/train/001471.jpg,.jpg,defocus_blur,2,241633653,001471__A1C__defocus_blur__s2.png
001472,/root/autodl-tmp/helmet_yolo_v10/images/train/001472.jpg,.jpg,pixelate,1,2061874402,001472__A1C__pixelate__s1.png
001473,/root/autodl-tmp/helmet_yolo_v10/images/train/001473.jpg,.jpg,gaussian_noise,3,1048897257,001473__A1C__gaussian_noise__s3.png
001474,/root/autodl-tmp/helmet_yolo_v10/images/train/001474.jpg,.jpg,gaussian_noise,2,3640385879,001474__A1C__gaussian_noise__s2.png
001475,/root/autodl-tmp/helmet_yolo_v10/images/train/001475.jpg,.jpg,contrast,2,784767699,001475__A1C__contrast__s2.png
001476,/root/autodl-tmp/helmet_yolo_v10/images/train/001476.jpg,.jpg,snow,2,551157366,001476__A1C__snow__s2.png
001478,/root/autodl-tmp/helmet_yolo_v10/images/train/001478.jpg,.jpg,fog,3,2931016206,001478__A1C__fog__s3.png
001481,/root/autodl-tmp/helmet_yolo_v10/images/train/001481.jpg,.jpg,snow,1,2409871025,001481__A1C__snow__s1.png
001482,/root/autodl-tmp/helmet_yolo_v10/images/train/001482.jpg,.jpg,frost,2,2021308842,001482__A1C__frost__s2.png
001483,/root/autodl-tmp/helmet_yolo_v10/images/train/001483.jpg,.jpg,defocus_blur,1,3430304661,001483__A1C__defocus_blur__s1.png
001485,/root/autodl-tmp/helmet_yolo_v10/images/train/001485.jpg,.jpg,frost,2,4277314330,001485__A1C__frost__s2.png
001487,/root/autodl-tmp/helmet_yolo_v10/images/train/001487.jpg,.jpg,fog,2,3720134750,001487__A1C__fog__s2.png
001488,/root/autodl-tmp/helmet_yolo_v10/images/train/001488.jpg,.jpg,pixelate,1,2726195680,001488__A1C__pixelate__s1.png
001489,/root/autodl-tmp/helmet_yolo_v10/images/train/001489.jpg,.jpg,zoom_blur,2,203678551,001489__A1C__zoom_blur__s2.png
001490,/root/autodl-tmp/helmet_yolo_v10/images/train/001490.jpg,.jpg,gaussian_noise,2,3392366205,001490__A1C__gaussian_noise__s2.png
001493,/root/autodl-tmp/helmet_yolo_v10/images/train/001493.jpg,.jpg,snow,2,2922839644,001493__A1C__snow__s2.png
001494,/root/autodl-tmp/helmet_yolo_v10/images/train/001494.jpg,.jpg,gaussian_noise,2,1377709963,001494__A1C__gaussian_noise__s2.png
001497,/root/autodl-tmp/helmet_yolo_v10/images/train/001497.jpg,.jpg,glass_blur,1,312807419,001497__A1C__glass_blur__s1.png
001499,/root/autodl-tmp/helmet_yolo_v10/images/train/001499.jpg,.jpg,motion_blur,1,826506792,001499__A1C__motion_blur__s1.png
001500,/root/autodl-tmp/helmet_yolo_v10/images/train/001500.jpg,.jpg,glass_blur,1,2584104016,001500__A1C__glass_blur__s1.png
001502,/root/autodl-tmp/helmet_yolo_v10/images/train/001502.jpg,.jpg,snow,3,3019866416,001502__A1C__snow__s3.png
001506,/root/autodl-tmp/helmet_yolo_v10/images/train/001506.jpg,.jpg,impulse_noise,2,1180587507,001506__A1C__impulse_noise__s2.png
001507,/root/autodl-tmp/helmet_yolo_v10/images/train/001507.jpg,.jpg,jpeg_compression,2,3604070177,001507__A1C__jpeg_compression__s2.png
001510,/root/autodl-tmp/helmet_yolo_v10/images/train/001510.jpg,.jpg,defocus_blur,3,3143002547,001510__A1C__defocus_blur__s3.png
001511,/root/autodl-tmp/helmet_yolo_v10/images/train/001511.jpg,.jpg,gaussian_noise,3,2825417599,001511__A1C__gaussian_noise__s3.png
001513,/root/autodl-tmp/helmet_yolo_v10/images/train/001513.jpg,.jpg,contrast,1,4290944481,001513__A1C__contrast__s1.png
001514,/root/autodl-tmp/helmet_yolo_v10/images/train/001514.jpg,.jpg,pixelate,1,1717054455,001514__A1C__pixelate__s1.png
001515,/root/autodl-tmp/helmet_yolo_v10/images/train/001515.jpg,.jpg,snow,3,293691329,001515__A1C__snow__s3.png
001516,/root/autodl-tmp/helmet_yolo_v10/images/train/001516.jpg,.jpg,impulse_noise,2,3418657640,001516__A1C__impulse_noise__s2.png
001517,/root/autodl-tmp/helmet_yolo_v10/images/train/001517.jpg,.jpg,pixelate,1,3918165690,001517__A1C__pixelate__s1.png
001518,/root/autodl-tmp/helmet_yolo_v10/images/train/001518.jpg,.jpg,snow,3,144919802,001518__A1C__snow__s3.png
001519,/root/autodl-tmp/helmet_yolo_v10/images/train/001519.jpg,.jpg,contrast,3,3316410591,001519__A1C__contrast__s3.png
001522,/root/autodl-tmp/helmet_yolo_v10/images/train/001522.jpg,.jpg,zoom_blur,2,311612361,001522__A1C__zoom_blur__s2.png
001523,/root/autodl-tmp/helmet_yolo_v10/images/train/001523.jpg,.jpg,frost,1,2519398085,001523__A1C__frost__s1.png
001524,/root/autodl-tmp/helmet_yolo_v10/images/train/001524.jpg,.jpg,snow,2,2854393541,001524__A1C__snow__s2.png
001525,/root/autodl-tmp/helmet_yolo_v10/images/train/001525.jpg,.jpg,brightness,2,564986002,001525__A1C__brightness__s2.png
001526,/root/autodl-tmp/helmet_yolo_v10/images/train/001526.jpg,.jpg,motion_blur,1,2060837448,001526__A1C__motion_blur__s1.png
001527,/root/autodl-tmp/helmet_yolo_v10/images/train/001527.jpg,.jpg,impulse_noise,1,4080647427,001527__A1C__impulse_noise__s1.png
001528,/root/autodl-tmp/helmet_yolo_v10/images/train/001528.jpg,.jpg,fog,3,2263742228,001528__A1C__fog__s3.png
001529,/root/autodl-tmp/helmet_yolo_v10/images/train/001529.jpg,.jpg,glass_blur,3,3534998039,001529__A1C__glass_blur__s3.png
001530,/root/autodl-tmp/helmet_yolo_v10/images/train/001530.jpg,.jpg,fog,3,2419253629,001530__A1C__fog__s3.png
001531,/root/autodl-tmp/helmet_yolo_v10/images/train/001531.jpg,.jpg,shot_noise,3,3323395343,001531__A1C__shot_noise__s3.png
001532,/root/autodl-tmp/helmet_yolo_v10/images/train/001532.jpg,.jpg,fog,1,3419861586,001532__A1C__fog__s1.png
001533,/root/autodl-tmp/helmet_yolo_v10/images/train/001533.jpg,.jpg,impulse_noise,1,2347994001,001533__A1C__impulse_noise__s1.png
001534,/root/autodl-tmp/helmet_yolo_v10/images/train/001534.jpg,.jpg,frost,1,2967900126,001534__A1C__frost__s1.png
001537,/root/autodl-tmp/helmet_yolo_v10/images/train/001537.jpg,.jpg,jpeg_compression,1,1403558624,001537__A1C__jpeg_compression__s1.png
001541,/root/autodl-tmp/helmet_yolo_v10/images/train/001541.jpg,.jpg,impulse_noise,1,2497071855,001541__A1C__impulse_noise__s1.png
001542,/root/autodl-tmp/helmet_yolo_v10/images/train/001542.jpg,.jpg,contrast,3,1214732996,001542__A1C__contrast__s3.png
001543,/root/autodl-tmp/helmet_yolo_v10/images/train/001543.jpg,.jpg,motion_blur,3,2406162792,001543__A1C__motion_blur__s3.png
001544,/root/autodl-tmp/helmet_yolo_v10/images/train/001544.jpg,.jpg,motion_blur,3,3778719961,001544__A1C__motion_blur__s3.png
001547,/root/autodl-tmp/helmet_yolo_v10/images/train/001547.jpg,.jpg,contrast,1,65945010,001547__A1C__contrast__s1.png
001548,/root/autodl-tmp/helmet_yolo_v10/images/train/001548.jpg,.jpg,motion_blur,1,2497937776,001548__A1C__motion_blur__s1.png
001550,/root/autodl-tmp/helmet_yolo_v10/images/train/001550.jpg,.jpg,fog,3,478410573,001550__A1C__fog__s3.png
001552,/root/autodl-tmp/helmet_yolo_v10/images/train/001552.jpg,.jpg,jpeg_compression,1,1155042645,001552__A1C__jpeg_compression__s1.png
001553,/root/autodl-tmp/helmet_yolo_v10/images/train/001553.jpg,.jpg,pixelate,2,1543461538,001553__A1C__pixelate__s2.png
001554,/root/autodl-tmp/helmet_yolo_v10/images/train/001554.jpg,.jpg,fog,3,188828779,001554__A1C__fog__s3.png
001555,/root/autodl-tmp/helmet_yolo_v10/images/train/001555.jpg,.jpg,zoom_blur,3,1157795773,001555__A1C__zoom_blur__s3.png
001556,/root/autodl-tmp/helmet_yolo_v10/images/train/001556.jpg,.jpg,zoom_blur,3,1896258540,001556__A1C__zoom_blur__s3.png
001557,/root/autodl-tmp/helmet_yolo_v10/images/train/001557.jpg,.jpg,glass_blur,1,3519503839,001557__A1C__glass_blur__s1.png
001559,/root/autodl-tmp/helmet_yolo_v10/images/train/001559.jpg,.jpg,impulse_noise,2,25089352,001559__A1C__impulse_noise__s2.png
001560,/root/autodl-tmp/helmet_yolo_v10/images/train/001560.jpg,.jpg,glass_blur,3,2257684248,001560__A1C__glass_blur__s3.png
001561,/root/autodl-tmp/helmet_yolo_v10/images/train/001561.jpg,.jpg,zoom_blur,2,274918192,001561__A1C__zoom_blur__s2.png
001562,/root/autodl-tmp/helmet_yolo_v10/images/train/001562.jpg,.jpg,contrast,1,3216694011,001562__A1C__contrast__s1.png
001564,/root/autodl-tmp/helmet_yolo_v10/images/train/001564.jpg,.jpg,zoom_blur,1,581481909,001564__A1C__zoom_blur__s1.png
001566,/root/autodl-tmp/helmet_yolo_v10/images/train/001566.jpg,.jpg,snow,2,770517996,001566__A1C__snow__s2.png
001567,/root/autodl-tmp/helmet_yolo_v10/images/train/001567.jpg,.jpg,motion_blur,1,1188024895,001567__A1C__motion_blur__s1.png
001568,/root/autodl-tmp/helmet_yolo_v10/images/train/001568.jpg,.jpg,pixelate,1,376867027,001568__A1C__pixelate__s1.png
001569,/root/autodl-tmp/helmet_yolo_v10/images/train/001569.jpg,.jpg,snow,2,275087821,001569__A1C__snow__s2.png
001570,/root/autodl-tmp/helmet_yolo_v10/images/train/001570.jpg,.jpg,gaussian_noise,3,1885201128,001570__A1C__gaussian_noise__s3.png
001571,/root/autodl-tmp/helmet_yolo_v10/images/train/001571.jpg,.jpg,pixelate,2,2533865341,001571__A1C__pixelate__s2.png
001572,/root/autodl-tmp/helmet_yolo_v10/images/train/001572.jpg,.jpg,defocus_blur,1,2000358155,001572__A1C__defocus_blur__s1.png
001573,/root/autodl-tmp/helmet_yolo_v10/images/train/001573.jpg,.jpg,zoom_blur,3,3458651417,001573__A1C__zoom_blur__s3.png
001574,/root/autodl-tmp/helmet_yolo_v10/images/train/001574.jpg,.jpg,zoom_blur,1,808318997,001574__A1C__zoom_blur__s1.png
001575,/root/autodl-tmp/helmet_yolo_v10/images/train/001575.jpg,.jpg,gaussian_noise,2,3851331533,001575__A1C__gaussian_noise__s2.png
001576,/root/autodl-tmp/helmet_yolo_v10/images/train/001576.jpg,.jpg,motion_blur,3,2526649439,001576__A1C__motion_blur__s3.png
001577,/root/autodl-tmp/helmet_yolo_v10/images/train/001577.jpg,.jpg,impulse_noise,1,273033162,001577__A1C__impulse_noise__s1.png
001583,/root/autodl-tmp/helmet_yolo_v10/images/train/001583.jpg,.jpg,contrast,3,3848053645,001583__A1C__contrast__s3.png
001585,/root/autodl-tmp/helmet_yolo_v10/images/train/001585.jpg,.jpg,pixelate,1,2829531408,001585__A1C__pixelate__s1.png
001586,/root/autodl-tmp/helmet_yolo_v10/images/train/001586.jpg,.jpg,shot_noise,2,2620687025,001586__A1C__shot_noise__s2.png
001587,/root/autodl-tmp/helmet_yolo_v10/images/train/001587.jpg,.jpg,gaussian_noise,1,3115294723,001587__A1C__gaussian_noise__s1.png
001588,/root/autodl-tmp/helmet_yolo_v10/images/train/001588.jpg,.jpg,zoom_blur,1,3171840,001588__A1C__zoom_blur__s1.png
001590,/root/autodl-tmp/helmet_yolo_v10/images/train/001590.jpg,.jpg,motion_blur,2,393860334,001590__A1C__motion_blur__s2.png
001591,/root/autodl-tmp/helmet_yolo_v10/images/train/001591.jpg,.jpg,gaussian_noise,3,3343343211,001591__A1C__gaussian_noise__s3.png
001592,/root/autodl-tmp/helmet_yolo_v10/images/train/001592.jpg,.jpg,gaussian_noise,1,1083097896,001592__A1C__gaussian_noise__s1.png
001593,/root/autodl-tmp/helmet_yolo_v10/images/train/001593.jpg,.jpg,fog,2,3755377658,001593__A1C__fog__s2.png
001594,/root/autodl-tmp/helmet_yolo_v10/images/train/001594.jpg,.jpg,pixelate,2,2375827231,001594__A1C__pixelate__s2.png
001596,/root/autodl-tmp/helmet_yolo_v10/images/train/001596.jpg,.jpg,motion_blur,1,1198679172,001596__A1C__motion_blur__s1.png
001597,/root/autodl-tmp/helmet_yolo_v10/images/train/001597.jpg,.jpg,gaussian_noise,2,2075176859,001597__A1C__gaussian_noise__s2.png
001600,/root/autodl-tmp/helmet_yolo_v10/images/train/001600.jpg,.jpg,zoom_blur,3,1021375949,001600__A1C__zoom_blur__s3.png
001601,/root/autodl-tmp/helmet_yolo_v10/images/train/001601.jpg,.jpg,pixelate,3,2406618370,001601__A1C__pixelate__s3.png
001602,/root/autodl-tmp/helmet_yolo_v10/images/train/001602.jpg,.jpg,zoom_blur,3,1886178464,001602__A1C__zoom_blur__s3.png
001603,/root/autodl-tmp/helmet_yolo_v10/images/train/001603.jpg,.jpg,fog,1,1321236016,001603__A1C__fog__s1.png
001604,/root/autodl-tmp/helmet_yolo_v10/images/train/001604.jpg,.jpg,shot_noise,1,1996484109,001604__A1C__shot_noise__s1.png
001605,/root/autodl-tmp/helmet_yolo_v10/images/train/001605.jpg,.jpg,brightness,1,3070990015,001605__A1C__brightness__s1.png
001606,/root/autodl-tmp/helmet_yolo_v10/images/train/001606.jpg,.jpg,motion_blur,1,1976768976,001606__A1C__motion_blur__s1.png
001607,/root/autodl-tmp/helmet_yolo_v10/images/train/001607.jpg,.jpg,shot_noise,3,2296839735,001607__A1C__shot_noise__s3.png
001608,/root/autodl-tmp/helmet_yolo_v10/images/train/001608.jpg,.jpg,glass_blur,2,3673293572,001608__A1C__glass_blur__s2.png
001609,/root/autodl-tmp/helmet_yolo_v10/images/train/001609.jpg,.jpg,jpeg_compression,1,2742142560,001609__A1C__jpeg_compression__s1.png
001610,/root/autodl-tmp/helmet_yolo_v10/images/train/001610.jpg,.jpg,motion_blur,3,4202394097,001610__A1C__motion_blur__s3.png
001611,/root/autodl-tmp/helmet_yolo_v10/images/train/001611.jpg,.jpg,zoom_blur,2,4190800986,001611__A1C__zoom_blur__s2.png
001612,/root/autodl-tmp/helmet_yolo_v10/images/train/001612.jpg,.jpg,contrast,2,440934756,001612__A1C__contrast__s2.png
001614,/root/autodl-tmp/helmet_yolo_v10/images/train/001614.jpg,.jpg,fog,2,1500496482,001614__A1C__fog__s2.png
001615,/root/autodl-tmp/helmet_yolo_v10/images/train/001615.jpg,.jpg,motion_blur,3,2937482517,001615__A1C__motion_blur__s3.png
001617,/root/autodl-tmp/helmet_yolo_v10/images/train/001617.jpg,.jpg,jpeg_compression,3,2153674303,001617__A1C__jpeg_compression__s3.png
001620,/root/autodl-tmp/helmet_yolo_v10/images/train/001620.jpg,.jpg,contrast,1,1696763618,001620__A1C__contrast__s1.png
001621,/root/autodl-tmp/helmet_yolo_v10/images/train/001621.jpg,.jpg,gaussian_noise,2,2446911311,001621__A1C__gaussian_noise__s2.png
001622,/root/autodl-tmp/helmet_yolo_v10/images/train/001622.jpg,.jpg,brightness,1,2127446352,001622__A1C__brightness__s1.png
001623,/root/autodl-tmp/helmet_yolo_v10/images/train/001623.jpg,.jpg,glass_blur,3,2420804536,001623__A1C__glass_blur__s3.png
001624,/root/autodl-tmp/helmet_yolo_v10/images/train/001624.jpg,.jpg,glass_blur,1,156358118,001624__A1C__glass_blur__s1.png
001625,/root/autodl-tmp/helmet_yolo_v10/images/train/001625.jpg,.jpg,jpeg_compression,2,2329051987,001625__A1C__jpeg_compression__s2.png
001626,/root/autodl-tmp/helmet_yolo_v10/images/train/001626.jpg,.jpg,snow,1,597353799,001626__A1C__snow__s1.png
001628,/root/autodl-tmp/helmet_yolo_v10/images/train/001628.jpg,.jpg,shot_noise,3,4188860807,001628__A1C__shot_noise__s3.png
001629,/root/autodl-tmp/helmet_yolo_v10/images/train/001629.jpg,.jpg,gaussian_noise,3,2408750653,001629__A1C__gaussian_noise__s3.png
001630,/root/autodl-tmp/helmet_yolo_v10/images/train/001630.jpg,.jpg,contrast,2,4273561773,001630__A1C__contrast__s2.png
001632,/root/autodl-tmp/helmet_yolo_v10/images/train/001632.jpg,.jpg,motion_blur,1,1382298119,001632__A1C__motion_blur__s1.png
001633,/root/autodl-tmp/helmet_yolo_v10/images/train/001633.jpg,.jpg,contrast,1,4185332222,001633__A1C__contrast__s1.png
001635,/root/autodl-tmp/helmet_yolo_v10/images/train/001635.jpg,.jpg,fog,3,4241516777,001635__A1C__fog__s3.png
001636,/root/autodl-tmp/helmet_yolo_v10/images/train/001636.jpg,.jpg,defocus_blur,1,3100326489,001636__A1C__defocus_blur__s1.png
001643,/root/autodl-tmp/helmet_yolo_v10/images/train/001643.jpg,.jpg,brightness,1,3778755620,001643__A1C__brightness__s1.png
001644,/root/autodl-tmp/helmet_yolo_v10/images/train/001644.jpg,.jpg,motion_blur,2,2417167304,001644__A1C__motion_blur__s2.png
001649,/root/autodl-tmp/helmet_yolo_v10/images/train/001649.jpg,.jpg,zoom_blur,1,1316051879,001649__A1C__zoom_blur__s1.png
001650,/root/autodl-tmp/helmet_yolo_v10/images/train/001650.jpg,.jpg,brightness,1,3135856506,001650__A1C__brightness__s1.png
001651,/root/autodl-tmp/helmet_yolo_v10/images/train/001651.jpg,.jpg,fog,2,4183589005,001651__A1C__fog__s2.png
001652,/root/autodl-tmp/helmet_yolo_v10/images/train/001652.jpg,.jpg,gaussian_noise,3,1872379241,001652__A1C__gaussian_noise__s3.png
001653,/root/autodl-tmp/helmet_yolo_v10/images/train/001653.jpg,.jpg,fog,2,303723360,001653__A1C__fog__s2.png
001654,/root/autodl-tmp/helmet_yolo_v10/images/train/001654.jpg,.jpg,frost,3,1352516707,001654__A1C__frost__s3.png
001656,/root/autodl-tmp/helmet_yolo_v10/images/train/001656.jpg,.jpg,shot_noise,1,3761068110,001656__A1C__shot_noise__s1.png
001657,/root/autodl-tmp/helmet_yolo_v10/images/train/001657.jpg,.jpg,zoom_blur,3,2334534883,001657__A1C__zoom_blur__s3.png
001658,/root/autodl-tmp/helmet_yolo_v10/images/train/001658.jpg,.jpg,glass_blur,3,450006500,001658__A1C__glass_blur__s3.png
001659,/root/autodl-tmp/helmet_yolo_v10/images/train/001659.jpg,.jpg,impulse_noise,2,940636809,001659__A1C__impulse_noise__s2.png
001660,/root/autodl-tmp/helmet_yolo_v10/images/train/001660.jpg,.jpg,glass_blur,1,2554802212,001660__A1C__glass_blur__s1.png
001662,/root/autodl-tmp/helmet_yolo_v10/images/train/001662.jpg,.jpg,jpeg_compression,2,4269370827,001662__A1C__jpeg_compression__s2.png
001666,/root/autodl-tmp/helmet_yolo_v10/images/train/001666.jpg,.jpg,fog,1,2802820117,001666__A1C__fog__s1.png
001667,/root/autodl-tmp/helmet_yolo_v10/images/train/001667.jpg,.jpg,fog,2,2244934298,001667__A1C__fog__s2.png
001668,/root/autodl-tmp/helmet_yolo_v10/images/train/001668.jpg,.jpg,jpeg_compression,2,1148670949,001668__A1C__jpeg_compression__s2.png
PartA_00000,/root/autodl-tmp/helmet_yolo_v10/images/train/PartA_00000.jpg,.jpg,impulse_noise,2,1032928080,PartA_00000__A1C__impulse_noise__s2.png
PartA_00002,/root/autodl-tmp/helmet_yolo_v10/images/train/PartA_00002.jpg,.jpg,motion_blur,3,3089748501,PartA_00002__A1C__motion_blur__s3.png
PartA_00004,/root/autodl-tmp/helmet_yolo_v10/images/train/PartA_00004.jpg,.jpg,defocus_blur,1,3061369331,PartA_00004__A1C__defocus_blur__s1.png
PartA_00005,/root/autodl-tmp/helmet_yolo_v10/images/train/PartA_00005.jpg,.jpg,brightness,2,3793398496,PartA_00005__A1C__brightness__s2.png
PartA_00006,/root/autodl-tmp/helmet_yolo_v10/images/train/PartA_00006.jpg,.jpg,defocus_blur,3,986466906,PartA_00006__A1C__defocus_blur__s3.png
PartA_00008,/root/autodl-tmp/helmet_yolo_v10/images/train/PartA_00008.jpg,.jpg,shot_noise,1,2979940316,PartA_00008__A1C__shot_noise__s1.png
PartA_00009,/root/autodl-tmp/helmet_yolo_v10/images/train/PartA_00009.jpg,.jpg,snow,1,122206305,PartA_00009__A1C__snow__s1.png
PartA_00011,/root/autodl-tmp/helmet_yolo_v10/images/train/PartA_00011.jpg,.jpg,shot_noise,2,3749879376,PartA_00011__A1C__shot_noise__s2.png
PartA_00012,/root/autodl-tmp/helmet_yolo_v10/images/train/PartA_00012.jpg,.jpg,fog,2,2623275085,PartA_00012__A1C__fog__s2.png
PartA_00013,/root/autodl-tmp/helmet_yolo_v10/images/train/PartA_00013.jpg,.jpg,contrast,1,3423870272,PartA_00013__A1C__contrast__s1.png
PartA_00014,/root/autodl-tmp/helmet_yolo_v10/images/train/PartA_00014.jpg,.jpg,brightness,2,3916375751,PartA_00014__A1C__brightness__s2.png
PartA_00015,/root/autodl-tmp/helmet_yolo_v10/images/train/PartA_00015.jpg,.jpg,glass_blur,2,3089992093,PartA_00015__A1C__glass_blur__s2.png
PartA_00016,/root/autodl-tmp/helmet_yolo_v10/images/train/PartA_00016.jpg,.jpg,zoom_blur,3,975264632,PartA_00016__A1C__zoom_blur__s3.png
PartA_00018,/root/autodl-tmp/helmet_yolo_v10/images/train/PartA_00018.jpg,.jpg,contrast,3,3504027602,PartA_00018__A1C__contrast__s3.png
PartA_00019,/root/autodl-tmp/helmet_yolo_v10/images/train/PartA_00019.jpg,.jpg,contrast,3,3545928951,PartA_00019__A1C__contrast__s3.png
PartA_00020,/root/autodl-tmp/helmet_yolo_v10/images/train/PartA_00020.jpg,.jpg,gaussian_noise,2,1348978095,PartA_00020__A1C__gaussian_noise__s2.png
PartA_00021,/root/autodl-tmp/helmet_yolo_v10/images/train/PartA_00021.jpg,.jpg,frost,1,2131484406,PartA_00021__A1C__frost__s1.png
PartA_00022,/root/autodl-tmp/helmet_yolo_v10/images/train/PartA_00022.jpg,.jpg,gaussian_noise,1,1672912593,PartA_00022__A1C__gaussian_noise__s1.png
PartA_00023,/root/autodl-tmp/helmet_yolo_v10/images/train/PartA_00023.jpg,.jpg,gaussian_noise,3,3919229999,PartA_00023__A1C__gaussian_noise__s3.png
PartA_00024,/root/autodl-tmp/helmet_yolo_v10/images/train/PartA_00024.jpg,.jpg,impulse_noise,3,22268659,PartA_00024__A1C__impulse_noise__s3.png
PartA_00025,/root/autodl-tmp/helmet_yolo_v10/images/train/PartA_00025.jpg,.jpg,brightness,2,3394605121,PartA_00025__A1C__brightness__s2.png
PartA_00026,/root/autodl-tmp/helmet_yolo_v10/images/train/PartA_00026.jpg,.jpg,jpeg_compression,1,3117801787,PartA_00026__A1C__jpeg_compression__s1.png
PartA_00027,/root/autodl-tmp/helmet_yolo_v10/images/train/PartA_00027.jpg,.jpg,zoom_blur,2,1225373248,PartA_00027__A1C__zoom_blur__s2.png
PartA_00028,/root/autodl-tmp/helmet_yolo_v10/images/train/PartA_00028.jpg,.jpg,zoom_blur,3,4028809023,PartA_00028__A1C__zoom_blur__s3.png
PartA_00029,/root/autodl-tmp/helmet_yolo_v10/images/train/PartA_00029.jpg,.jpg,pixelate,2,3348952671,PartA_00029__A1C__pixelate__s2.png
PartA_00030,/root/autodl-tmp/helmet_yolo_v10/images/train/PartA_00030.jpg,.jpg,defocus_blur,3,3174509812,PartA_00030__A1C__defocus_blur__s3.png
PartA_00031,/root/autodl-tmp/helmet_yolo_v10/images/train/PartA_00031.jpg,.jpg,motion_blur,1,791554605,PartA_00031__A1C__motion_blur__s1.png
PartA_00032,/root/autodl-tmp/helmet_yolo_v10/images/train/PartA_00032.jpg,.jpg,brightness,2,3099349020,PartA_00032__A1C__brightness__s2.png
PartA_00033,/root/autodl-tmp/helmet_yolo_v10/images/train/PartA_00033.jpg,.jpg,gaussian_noise,1,1246243289,PartA_00033__A1C__gaussian_noise__s1.png
PartA_00034,/root/autodl-tmp/helmet_yolo_v10/images/train/PartA_00034.jpg,.jpg,motion_blur,2,1558140302,PartA_00034__A1C__motion_blur__s2.png
PartA_00035,/root/autodl-tmp/helmet_yolo_v10/images/train/PartA_00035.jpg,.jpg,brightness,2,882778589,PartA_00035__A1C__brightness__s2.png
PartA_00036,/root/autodl-tmp/helmet_yolo_v10/images/train/PartA_00036.jpg,.jpg,fog,1,3248527327,PartA_00036__A1C__fog__s1.png
PartA_00037,/root/autodl-tmp/helmet_yolo_v10/images/train/PartA_00037.jpg,.jpg,fog,3,3808639485,PartA_00037__A1C__fog__s3.png
PartA_00038,/root/autodl-tmp/helmet_yolo_v10/images/train/PartA_00038.jpg,.jpg,snow,1,3782444356,PartA_00038__A1C__snow__s1.png
PartA_00039,/root/autodl-tmp/helmet_yolo_v10/images/train/PartA_00039.jpg,.jpg,gaussian_noise,1,2746478850,PartA_00039__A1C__gaussian_noise__s1.png
PartA_00040,/root/autodl-tmp/helmet_yolo_v10/images/train/PartA_00040.jpg,.jpg,shot_noise,1,3471293187,PartA_00040__A1C__shot_noise__s1.png
PartA_00041,/root/autodl-tmp/helmet_yolo_v10/images/train/PartA_00041.jpg,.jpg,pixelate,2,3059118655,PartA_00041__A1C__pixelate__s2.png
PartA_00042,/root/autodl-tmp/helmet_yolo_v10/images/train/PartA_00042.jpg,.jpg,brightness,2,2262070997,PartA_00042__A1C__brightness__s2.png
PartA_00044,/root/autodl-tmp/helmet_yolo_v10/images/train/PartA_00044.jpg,.jpg,defocus_blur,1,2686379160,PartA_00044__A1C__defocus_blur__s1.png
PartA_00045,/root/autodl-tmp/helmet_yolo_v10/images/train/PartA_00045.jpg,.jpg,brightness,1,1119215440,PartA_00045__A1C__brightness__s1.png
PartA_00046,/root/autodl-tmp/helmet_yolo_v10/images/train/PartA_00046.jpg,.jpg,brightness,1,1347614159,PartA_00046__A1C__brightness__s1.png
PartA_00048,/root/autodl-tmp/helmet_yolo_v10/images/train/PartA_00048.jpg,.jpg,snow,2,3904754357,PartA_00048__A1C__snow__s2.png
PartA_00049,/root/autodl-tmp/helmet_yolo_v10/images/train/PartA_00049.jpg,.jpg,impulse_noise,1,4192577545,PartA_00049__A1C__impulse_noise__s1.png
PartA_00054,/root/autodl-tmp/helmet_yolo_v10/images/train/PartA_00054.jpg,.jpg,glass_blur,3,2482890527,PartA_00054__A1C__glass_blur__s3.png
PartA_00055,/root/autodl-tmp/helmet_yolo_v10/images/train/PartA_00055.jpg,.jpg,gaussian_noise,3,1026977350,PartA_00055__A1C__gaussian_noise__s3.png
PartA_00056,/root/autodl-tmp/helmet_yolo_v10/images/train/PartA_00056.jpg,.jpg,shot_noise,1,2078055005,PartA_00056__A1C__shot_noise__s1.png
PartA_00057,/root/autodl-tmp/helmet_yolo_v10/images/train/PartA_00057.jpg,.jpg,impulse_noise,3,2937846678,PartA_00057__A1C__impulse_noise__s3.png
PartA_00058,/root/autodl-tmp/helmet_yolo_v10/images/train/PartA_00058.jpg,.jpg,fog,3,4059113423,PartA_00058__A1C__fog__s3.png
PartA_00059,/root/autodl-tmp/helmet_yolo_v10/images/train/PartA_00059.jpg,.jpg,impulse_noise,1,506938660,PartA_00059__A1C__impulse_noise__s1.png
PartA_00060,/root/autodl-tmp/helmet_yolo_v10/images/train/PartA_00060.jpg,.jpg,pixelate,2,890271158,PartA_00060__A1C__pixelate__s2.png
PartA_00063,/root/autodl-tmp/helmet_yolo_v10/images/train/PartA_00063.jpg,.jpg,glass_blur,2,727000113,PartA_00063__A1C__glass_blur__s2.png
PartA_00064,/root/autodl-tmp/helmet_yolo_v10/images/train/PartA_00064.jpg,.jpg,fog,1,1520670905,PartA_00064__A1C__fog__s1.png
PartA_00065,/root/autodl-tmp/helmet_yolo_v10/images/train/PartA_00065.jpg,.jpg,defocus_blur,2,1994062580,PartA_00065__A1C__defocus_blur__s2.png
PartA_00066,/root/autodl-tmp/helmet_yolo_v10/images/train/PartA_00066.jpg,.jpg,contrast,3,4038518103,PartA_00066__A1C__contrast__s3.png
PartA_00067,/root/autodl-tmp/helmet_yolo_v10/images/train/PartA_00067.jpg,.jpg,impulse_noise,1,1019091744,PartA_00067__A1C__impulse_noise__s1.png
PartA_00068,/root/autodl-tmp/helmet_yolo_v10/images/train/PartA_00068.jpg,.jpg,contrast,1,4126649978,PartA_00068__A1C__contrast__s1.png
PartA_00069,/root/autodl-tmp/helmet_yolo_v10/images/train/PartA_00069.jpg,.jpg,fog,2,3223740536,PartA_00069__A1C__fog__s2.png
PartA_00071,/root/autodl-tmp/helmet_yolo_v10/images/train/PartA_00071.jpg,.jpg,defocus_blur,2,2942465159,PartA_00071__A1C__defocus_blur__s2.png
PartA_00072,/root/autodl-tmp/helmet_yolo_v10/images/train/PartA_00072.jpg,.jpg,glass_blur,3,3892894345,PartA_00072__A1C__glass_blur__s3.png
PartA_00073,/root/autodl-tmp/helmet_yolo_v10/images/train/PartA_00073.jpg,.jpg,frost,1,2419392525,PartA_00073__A1C__frost__s1.png
PartA_00075,/root/autodl-tmp/helmet_yolo_v10/images/train/PartA_00075.jpg,.jpg,gaussian_noise,1,3035978287,PartA_00075__A1C__gaussian_noise__s1.png
PartA_00077,/root/autodl-tmp/helmet_yolo_v10/images/train/PartA_00077.jpg,.jpg,impulse_noise,3,3954512988,PartA_00077__A1C__impulse_noise__s3.png
PartA_00078,/root/autodl-tmp/helmet_yolo_v10/images/train/PartA_00078.jpg,.jpg,fog,2,159560291,PartA_00078__A1C__fog__s2.png
PartA_00079,/root/autodl-tmp/helmet_yolo_v10/images/train/PartA_00079.jpg,.jpg,zoom_blur,1,2708626223,PartA_00079__A1C__zoom_blur__s1.png
PartA_00080,/root/autodl-tmp/helmet_yolo_v10/images/train/PartA_00080.jpg,.jpg,gaussian_noise,3,2995374573,PartA_00080__A1C__gaussian_noise__s3.png
PartA_00081,/root/autodl-tmp/helmet_yolo_v10/images/train/PartA_00081.jpg,.jpg,defocus_blur,2,3686121929,PartA_00081__A1C__defocus_blur__s2.png
PartA_00082,/root/autodl-tmp/helmet_yolo_v10/images/train/PartA_00082.jpg,.jpg,defocus_blur,2,1451910128,PartA_00082__A1C__defocus_blur__s2.png
PartA_00083,/root/autodl-tmp/helmet_yolo_v10/images/train/PartA_00083.jpg,.jpg,zoom_blur,2,3696106946,PartA_00083__A1C__zoom_blur__s2.png
PartA_00084,/root/autodl-tmp/helmet_yolo_v10/images/train/PartA_00084.jpg,.jpg,motion_blur,3,1605707139,PartA_00084__A1C__motion_blur__s3.png
PartA_00085,/root/autodl-tmp/helmet_yolo_v10/images/train/PartA_00085.jpg,.jpg,glass_blur,3,9467781,PartA_00085__A1C__glass_blur__s3.png
PartA_00086,/root/autodl-tmp/helmet_yolo_v10/images/train/PartA_00086.jpg,.jpg,jpeg_compression,3,2906460191,PartA_00086__A1C__jpeg_compression__s3.png
PartA_00087,/root/autodl-tmp/helmet_yolo_v10/images/train/PartA_00087.jpg,.jpg,motion_blur,3,4218958580,PartA_00087__A1C__motion_blur__s3.png
PartA_00090,/root/autodl-tmp/helmet_yolo_v10/images/train/PartA_00090.jpg,.jpg,motion_blur,2,2378104758,PartA_00090__A1C__motion_blur__s2.png
PartA_00091,/root/autodl-tmp/helmet_yolo_v10/images/train/PartA_00091.jpg,.jpg,defocus_blur,1,2198947179,PartA_00091__A1C__defocus_blur__s1.png
PartA_00092,/root/autodl-tmp/helmet_yolo_v10/images/train/PartA_00092.jpg,.jpg,fog,1,2365893546,PartA_00092__A1C__fog__s1.png
PartA_00093,/root/autodl-tmp/helmet_yolo_v10/images/train/PartA_00093.jpg,.jpg,shot_noise,1,3385280584,PartA_00093__A1C__shot_noise__s1.png
PartA_00095,/root/autodl-tmp/helmet_yolo_v10/images/train/PartA_00095.jpg,.jpg,motion_blur,2,1414942871,PartA_00095__A1C__motion_blur__s2.png
PartA_00096,/root/autodl-tmp/helmet_yolo_v10/images/train/PartA_00096.jpg,.jpg,defocus_blur,3,3594369537,PartA_00096__A1C__defocus_blur__s3.png
PartA_00097,/root/autodl-tmp/helmet_yolo_v10/images/train/PartA_00097.jpg,.jpg,brightness,2,2935006125,PartA_00097__A1C__brightness__s2.png
PartA_00099,/root/autodl-tmp/helmet_yolo_v10/images/train/PartA_00099.jpg,.jpg,motion_blur,1,2710952402,PartA_00099__A1C__motion_blur__s1.png
PartA_00100,/root/autodl-tmp/helmet_yolo_v10/images/train/PartA_00100.jpg,.jpg,brightness,1,2818690134,PartA_00100__A1C__brightness__s1.png
PartA_00101,/root/autodl-tmp/helmet_yolo_v10/images/train/PartA_00101.jpg,.jpg,fog,1,1431391288,PartA_00101__A1C__fog__s1.png
PartA_00102,/root/autodl-tmp/helmet_yolo_v10/images/train/PartA_00102.jpg,.jpg,pixelate,3,1390389338,PartA_00102__A1C__pixelate__s3.png
PartA_00105,/root/autodl-tmp/helmet_yolo_v10/images/train/PartA_00105.jpg,.jpg,jpeg_compression,3,2906863947,PartA_00105__A1C__jpeg_compression__s3.png
PartA_00106,/root/autodl-tmp/helmet_yolo_v10/images/train/PartA_00106.jpg,.jpg,brightness,3,617349001,PartA_00106__A1C__brightness__s3.png
PartA_00107,/root/autodl-tmp/helmet_yolo_v10/images/train/PartA_00107.jpg,.jpg,shot_noise,3,4074168938,PartA_00107__A1C__shot_noise__s3.png
PartA_00109,/root/autodl-tmp/helmet_yolo_v10/images/train/PartA_00109.jpg,.jpg,fog,2,2328864047,PartA_00109__A1C__fog__s2.png
PartA_00111,/root/autodl-tmp/helmet_yolo_v10/images/train/PartA_00111.jpg,.jpg,shot_noise,2,2083981446,PartA_00111__A1C__shot_noise__s2.png
PartA_00113,/root/autodl-tmp/helmet_yolo_v10/images/train/PartA_00113.jpg,.jpg,zoom_blur,2,1788437314,PartA_00113__A1C__zoom_blur__s2.png
PartA_00114,/root/autodl-tmp/helmet_yolo_v10/images/train/PartA_00114.jpg,.jpg,shot_noise,1,3649980608,PartA_00114__A1C__shot_noise__s1.png
PartA_00115,/root/autodl-tmp/helmet_yolo_v10/images/train/PartA_00115.jpg,.jpg,impulse_noise,3,2234739036,PartA_00115__A1C__impulse_noise__s3.png
PartA_00116,/root/autodl-tmp/helmet_yolo_v10/images/train/PartA_00116.jpg,.jpg,fog,2,3436917031,PartA_00116__A1C__fog__s2.png
PartA_00117,/root/autodl-tmp/helmet_yolo_v10/images/train/PartA_00117.jpg,.jpg,contrast,3,1984083420,PartA_00117__A1C__contrast__s3.png
PartA_00120,/root/autodl-tmp/helmet_yolo_v10/images/train/PartA_00120.jpg,.jpg,defocus_blur,1,2956479355,PartA_00120__A1C__defocus_blur__s1.png
PartA_00121,/root/autodl-tmp/helmet_yolo_v10/images/train/PartA_00121.jpg,.jpg,frost,1,1154511858,PartA_00121__A1C__frost__s1.png
PartA_00122,/root/autodl-tmp/helmet_yolo_v10/images/train/PartA_00122.jpg,.jpg,motion_blur,1,1138081710,PartA_00122__A1C__motion_blur__s1.png
PartA_00123,/root/autodl-tmp/helmet_yolo_v10/images/train/PartA_00123.jpg,.jpg,gaussian_noise,1,728319672,PartA_00123__A1C__gaussian_noise__s1.png
PartA_00125,/root/autodl-tmp/helmet_yolo_v10/images/train/PartA_00125.jpg,.jpg,contrast,2,159900703,PartA_00125__A1C__contrast__s2.png
PartA_00126,/root/autodl-tmp/helmet_yolo_v10/images/train/PartA_00126.jpg,.jpg,contrast,2,3473241721,PartA_00126__A1C__contrast__s2.png
PartA_00127,/root/autodl-tmp/helmet_yolo_v10/images/train/PartA_00127.jpg,.jpg,frost,1,2288536726,PartA_00127__A1C__frost__s1.png
PartA_00128,/root/autodl-tmp/helmet_yolo_v10/images/train/PartA_00128.jpg,.jpg,defocus_blur,1,1516605081,PartA_00128__A1C__defocus_blur__s1.png
PartA_00129,/root/autodl-tmp/helmet_yolo_v10/images/train/PartA_00129.jpg,.jpg,pixelate,1,4085709821,PartA_00129__A1C__pixelate__s1.png
PartA_00130,/root/autodl-tmp/helmet_yolo_v10/images/train/PartA_00130.jpg,.jpg,motion_blur,1,1107262195,PartA_00130__A1C__motion_blur__s1.png
PartA_00131,/root/autodl-tmp/helmet_yolo_v10/images/train/PartA_00131.jpg,.jpg,gaussian_noise,3,4199833382,PartA_00131__A1C__gaussian_noise__s3.png
PartA_00134,/root/autodl-tmp/helmet_yolo_v10/images/train/PartA_00134.jpg,.jpg,contrast,1,4006157329,PartA_00134__A1C__contrast__s1.png
PartA_00135,/root/autodl-tmp/helmet_yolo_v10/images/train/PartA_00135.jpg,.jpg,brightness,1,3398474210,PartA_00135__A1C__brightness__s1.png
PartA_00136,/root/autodl-tmp/helmet_yolo_v10/images/train/PartA_00136.jpg,.jpg,zoom_blur,1,4075247296,PartA_00136__A1C__zoom_blur__s1.png
PartA_00137,/root/autodl-tmp/helmet_yolo_v10/images/train/PartA_00137.jpg,.jpg,defocus_blur,2,4259625790,PartA_00137__A1C__defocus_blur__s2.png
PartA_00138,/root/autodl-tmp/helmet_yolo_v10/images/train/PartA_00138.jpg,.jpg,defocus_blur,3,4192788455,PartA_00138__A1C__defocus_blur__s3.png
PartA_00139,/root/autodl-tmp/helmet_yolo_v10/images/train/PartA_00139.jpg,.jpg,fog,1,510585741,PartA_00139__A1C__fog__s1.png
PartA_00140,/root/autodl-tmp/helmet_yolo_v10/images/train/PartA_00140.jpg,.jpg,fog,2,2571334090,PartA_00140__A1C__fog__s2.png
PartA_00142,/root/autodl-tmp/helmet_yolo_v10/images/train/PartA_00142.jpg,.jpg,contrast,1,244500227,PartA_00142__A1C__contrast__s1.png
PartA_00143,/root/autodl-tmp/helmet_yolo_v10/images/train/PartA_00143.jpg,.jpg,pixelate,1,2665030654,PartA_00143__A1C__pixelate__s1.png
PartA_00144,/root/autodl-tmp/helmet_yolo_v10/images/train/PartA_00144.jpg,.jpg,gaussian_noise,2,1791330083,PartA_00144__A1C__gaussian_noise__s2.png
PartA_00145,/root/autodl-tmp/helmet_yolo_v10/images/train/PartA_00145.jpg,.jpg,shot_noise,2,3789822760,PartA_00145__A1C__shot_noise__s2.png
PartA_00147,/root/autodl-tmp/helmet_yolo_v10/images/train/PartA_00147.jpg,.jpg,snow,2,1404276819,PartA_00147__A1C__snow__s2.png
PartA_00148,/root/autodl-tmp/helmet_yolo_v10/images/train/PartA_00148.jpg,.jpg,contrast,2,86444012,PartA_00148__A1C__contrast__s2.png
PartA_00150,/root/autodl-tmp/helmet_yolo_v10/images/train/PartA_00150.jpg,.jpg,motion_blur,3,2767396821,PartA_00150__A1C__motion_blur__s3.png
PartA_00151,/root/autodl-tmp/helmet_yolo_v10/images/train/PartA_00151.jpg,.jpg,fog,2,2262968802,PartA_00151__A1C__fog__s2.png
PartA_00152,/root/autodl-tmp/helmet_yolo_v10/images/train/PartA_00152.jpg,.jpg,shot_noise,2,807970901,PartA_00152__A1C__shot_noise__s2.png
PartA_00153,/root/autodl-tmp/helmet_yolo_v10/images/train/PartA_00153.jpg,.jpg,brightness,2,2726861804,PartA_00153__A1C__brightness__s2.png
PartA_00155,/root/autodl-tmp/helmet_yolo_v10/images/train/PartA_00155.jpg,.jpg,zoom_blur,3,2522272368,PartA_00155__A1C__zoom_blur__s3.png
PartA_00157,/root/autodl-tmp/helmet_yolo_v10/images/train/PartA_00157.jpg,.jpg,defocus_blur,1,2810796589,PartA_00157__A1C__defocus_blur__s1.png
PartA_00160,/root/autodl-tmp/helmet_yolo_v10/images/train/PartA_00160.jpg,.jpg,motion_blur,1,3457202108,PartA_00160__A1C__motion_blur__s1.png
PartA_00161,/root/autodl-tmp/helmet_yolo_v10/images/train/PartA_00161.jpg,.jpg,impulse_noise,2,554776734,PartA_00161__A1C__impulse_noise__s2.png
PartA_00162,/root/autodl-tmp/helmet_yolo_v10/images/train/PartA_00162.jpg,.jpg,gaussian_noise,3,3377267632,PartA_00162__A1C__gaussian_noise__s3.png
PartA_00163,/root/autodl-tmp/helmet_yolo_v10/images/train/PartA_00163.jpg,.jpg,gaussian_noise,2,1749387581,PartA_00163__A1C__gaussian_noise__s2.png
PartA_00165,/root/autodl-tmp/helmet_yolo_v10/images/train/PartA_00165.jpg,.jpg,fog,2,2692565267,PartA_00165__A1C__fog__s2.png
PartA_00166,/root/autodl-tmp/helmet_yolo_v10/images/train/PartA_00166.jpg,.jpg,contrast,2,1479603182,PartA_00166__A1C__contrast__s2.png
PartA_00167,/root/autodl-tmp/helmet_yolo_v10/images/train/PartA_00167.jpg,.jpg,contrast,1,988060221,PartA_00167__A1C__contrast__s1.png
PartA_00168,/root/autodl-tmp/helmet_yolo_v10/images/train/PartA_00168.jpg,.jpg,frost,3,3440575554,PartA_00168__A1C__frost__s3.png
PartA_00169,/root/autodl-tmp/helmet_yolo_v10/images/train/PartA_00169.jpg,.jpg,snow,3,539966486,PartA_00169__A1C__snow__s3.png
PartA_00170,/root/autodl-tmp/helmet_yolo_v10/images/train/PartA_00170.jpg,.jpg,motion_blur,1,2214575954,PartA_00170__A1C__motion_blur__s1.png
PartA_00171,/root/autodl-tmp/helmet_yolo_v10/images/train/PartA_00171.jpg,.jpg,zoom_blur,3,739418705,PartA_00171__A1C__zoom_blur__s3.png
PartA_00174,/root/autodl-tmp/helmet_yolo_v10/images/train/PartA_00174.jpg,.jpg,snow,3,2957204803,PartA_00174__A1C__snow__s3.png
PartA_00175,/root/autodl-tmp/helmet_yolo_v10/images/train/PartA_00175.jpg,.jpg,jpeg_compression,1,2652578352,PartA_00175__A1C__jpeg_compression__s1.png
PartA_00176,/root/autodl-tmp/helmet_yolo_v10/images/train/PartA_00176.jpg,.jpg,contrast,2,348834632,PartA_00176__A1C__contrast__s2.png
PartA_00178,/root/autodl-tmp/helmet_yolo_v10/images/train/PartA_00178.jpg,.jpg,zoom_blur,1,368537298,PartA_00178__A1C__zoom_blur__s1.png
PartA_00179,/root/autodl-tmp/helmet_yolo_v10/images/train/PartA_00179.jpg,.jpg,snow,3,3069711463,PartA_00179__A1C__snow__s3.png
PartA_00181,/root/autodl-tmp/helmet_yolo_v10/images/train/PartA_00181.jpg,.jpg,frost,2,923292758,PartA_00181__A1C__frost__s2.png
PartA_00183,/root/autodl-tmp/helmet_yolo_v10/images/train/PartA_00183.jpg,.jpg,gaussian_noise,1,3150831176,PartA_00183__A1C__gaussian_noise__s1.png
PartA_00184,/root/autodl-tmp/helmet_yolo_v10/images/train/PartA_00184.jpg,.jpg,gaussian_noise,1,448479102,PartA_00184__A1C__gaussian_noise__s1.png
PartA_00189,/root/autodl-tmp/helmet_yolo_v10/images/train/PartA_00189.jpg,.jpg,defocus_blur,1,2710597802,PartA_00189__A1C__defocus_blur__s1.png
PartA_00190,/root/autodl-tmp/helmet_yolo_v10/images/train/PartA_00190.jpg,.jpg,brightness,1,1937335333,PartA_00190__A1C__brightness__s1.png
PartA_00193,/root/autodl-tmp/helmet_yolo_v10/images/train/PartA_00193.jpg,.jpg,shot_noise,1,1932296768,PartA_00193__A1C__shot_noise__s1.png
PartA_00195,/root/autodl-tmp/helmet_yolo_v10/images/train/PartA_00195.jpg,.jpg,snow,1,1101955192,PartA_00195__A1C__snow__s1.png
PartA_00196,/root/autodl-tmp/helmet_yolo_v10/images/train/PartA_00196.jpg,.jpg,glass_blur,2,652470137,PartA_00196__A1C__glass_blur__s2.png
PartA_00197,/root/autodl-tmp/helmet_yolo_v10/images/train/PartA_00197.jpg,.jpg,glass_blur,2,2532225649,PartA_00197__A1C__glass_blur__s2.png
PartA_00198,/root/autodl-tmp/helmet_yolo_v10/images/train/PartA_00198.jpg,.jpg,contrast,2,2823990428,PartA_00198__A1C__contrast__s2.png
PartA_00202,/root/autodl-tmp/helmet_yolo_v10/images/train/PartA_00202.jpg,.jpg,pixelate,2,3031647547,PartA_00202__A1C__pixelate__s2.png
PartA_00204,/root/autodl-tmp/helmet_yolo_v10/images/train/PartA_00204.jpg,.jpg,motion_blur,2,2779354829,PartA_00204__A1C__motion_blur__s2.png
PartA_00205,/root/autodl-tmp/helmet_yolo_v10/images/train/PartA_00205.jpg,.jpg,zoom_blur,1,1958644986,PartA_00205__A1C__zoom_blur__s1.png
PartA_00206,/root/autodl-tmp/helmet_yolo_v10/images/train/PartA_00206.jpg,.jpg,impulse_noise,2,56057631,PartA_00206__A1C__impulse_noise__s2.png
PartA_00208,/root/autodl-tmp/helmet_yolo_v10/images/train/PartA_00208.jpg,.jpg,motion_blur,3,2446714520,PartA_00208__A1C__motion_blur__s3.png
PartA_00209,/root/autodl-tmp/helmet_yolo_v10/images/train/PartA_00209.jpg,.jpg,jpeg_compression,3,3852820362,PartA_00209__A1C__jpeg_compression__s3.png
PartA_00210,/root/autodl-tmp/helmet_yolo_v10/images/train/PartA_00210.jpg,.jpg,zoom_blur,2,2488383974,PartA_00210__A1C__zoom_blur__s2.png
PartA_00211,/root/autodl-tmp/helmet_yolo_v10/images/train/PartA_00211.jpg,.jpg,glass_blur,2,624965203,PartA_00211__A1C__glass_blur__s2.png
PartA_00212,/root/autodl-tmp/helmet_yolo_v10/images/train/PartA_00212.jpg,.jpg,gaussian_noise,2,2206594592,PartA_00212__A1C__gaussian_noise__s2.png
PartA_00213,/root/autodl-tmp/helmet_yolo_v10/images/train/PartA_00213.jpg,.jpg,glass_blur,3,6796848,PartA_00213__A1C__glass_blur__s3.png
PartA_00214,/root/autodl-tmp/helmet_yolo_v10/images/train/PartA_00214.jpg,.jpg,zoom_blur,2,420444585,PartA_00214__A1C__zoom_blur__s2.png
PartA_00215,/root/autodl-tmp/helmet_yolo_v10/images/train/PartA_00215.jpg,.jpg,impulse_noise,1,2344038579,PartA_00215__A1C__impulse_noise__s1.png
PartA_00216,/root/autodl-tmp/helmet_yolo_v10/images/train/PartA_00216.jpg,.jpg,motion_blur,2,674155542,PartA_00216__A1C__motion_blur__s2.png
PartA_00218,/root/autodl-tmp/helmet_yolo_v10/images/train/PartA_00218.jpg,.jpg,contrast,2,1552730499,PartA_00218__A1C__contrast__s2.png
PartA_00219,/root/autodl-tmp/helmet_yolo_v10/images/train/PartA_00219.jpg,.jpg,motion_blur,3,3585401732,PartA_00219__A1C__motion_blur__s3.png
PartA_00225,/root/autodl-tmp/helmet_yolo_v10/images/train/PartA_00225.jpg,.jpg,defocus_blur,2,3101764039,PartA_00225__A1C__defocus_blur__s2.png
PartA_00226,/root/autodl-tmp/helmet_yolo_v10/images/train/PartA_00226.jpg,.jpg,snow,3,335087742,PartA_00226__A1C__snow__s3.png
PartA_00227,/root/autodl-tmp/helmet_yolo_v10/images/train/PartA_00227.jpg,.jpg,contrast,2,1076362567,PartA_00227__A1C__contrast__s2.png
PartA_00228,/root/autodl-tmp/helmet_yolo_v10/images/train/PartA_00228.jpg,.jpg,fog,1,3781469539,PartA_00228__A1C__fog__s1.png
PartA_00229,/root/autodl-tmp/helmet_yolo_v10/images/train/PartA_00229.jpg,.jpg,jpeg_compression,2,1731559644,PartA_00229__A1C__jpeg_compression__s2.png
PartA_00230,/root/autodl-tmp/helmet_yolo_v10/images/train/PartA_00230.jpg,.jpg,defocus_blur,2,1693109835,PartA_00230__A1C__defocus_blur__s2.png
PartA_00231,/root/autodl-tmp/helmet_yolo_v10/images/train/PartA_00231.jpg,.jpg,contrast,1,4111460454,PartA_00231__A1C__contrast__s1.png
PartA_00232,/root/autodl-tmp/helmet_yolo_v10/images/train/PartA_00232.jpg,.jpg,zoom_blur,2,3470983376,PartA_00232__A1C__zoom_blur__s2.png
PartA_00233,/root/autodl-tmp/helmet_yolo_v10/images/train/PartA_00233.jpg,.jpg,brightness,1,358709640,PartA_00233__A1C__brightness__s1.png
PartA_00239,/root/autodl-tmp/helmet_yolo_v10/images/train/PartA_00239.jpg,.jpg,zoom_blur,1,4188963010,PartA_00239__A1C__zoom_blur__s1.png
PartA_00241,/root/autodl-tmp/helmet_yolo_v10/images/train/PartA_00241.jpg,.jpg,glass_blur,3,2107555285,PartA_00241__A1C__glass_blur__s3.png
PartA_00242,/root/autodl-tmp/helmet_yolo_v10/images/train/PartA_00242.jpg,.jpg,zoom_blur,1,3776942389,PartA_00242__A1C__zoom_blur__s1.png
PartA_00243,/root/autodl-tmp/helmet_yolo_v10/images/train/PartA_00243.jpg,.jpg,impulse_noise,1,1067130143,PartA_00243__A1C__impulse_noise__s1.png
PartA_00244,/root/autodl-tmp/helmet_yolo_v10/images/train/PartA_00244.jpg,.jpg,zoom_blur,2,919985579,PartA_00244__A1C__zoom_blur__s2.png
PartA_00245,/root/autodl-tmp/helmet_yolo_v10/images/train/PartA_00245.jpg,.jpg,snow,2,3213705481,PartA_00245__A1C__snow__s2.png
PartA_00246,/root/autodl-tmp/helmet_yolo_v10/images/train/PartA_00246.jpg,.jpg,zoom_blur,3,2088735078,PartA_00246__A1C__zoom_blur__s3.png
PartA_00247,/root/autodl-tmp/helmet_yolo_v10/images/train/PartA_00247.jpg,.jpg,defocus_blur,3,2561048126,PartA_00247__A1C__defocus_blur__s3.png
PartA_00248,/root/autodl-tmp/helmet_yolo_v10/images/train/PartA_00248.jpg,.jpg,shot_noise,3,2635729656,PartA_00248__A1C__shot_noise__s3.png
PartA_00249,/root/autodl-tmp/helmet_yolo_v10/images/train/PartA_00249.jpg,.jpg,pixelate,2,1597959488,PartA_00249__A1C__pixelate__s2.png
PartA_00250,/root/autodl-tmp/helmet_yolo_v10/images/train/PartA_00250.jpg,.jpg,jpeg_compression,2,3527121883,PartA_00250__A1C__jpeg_compression__s2.png
PartA_00252,/root/autodl-tmp/helmet_yolo_v10/images/train/PartA_00252.jpg,.jpg,fog,3,567607846,PartA_00252__A1C__fog__s3.png
PartA_00254,/root/autodl-tmp/helmet_yolo_v10/images/train/PartA_00254.jpg,.jpg,motion_blur,3,290213483,PartA_00254__A1C__motion_blur__s3.png
PartA_00256,/root/autodl-tmp/helmet_yolo_v10/images/train/PartA_00256.jpg,.jpg,motion_blur,3,3954079107,PartA_00256__A1C__motion_blur__s3.png
PartA_00257,/root/autodl-tmp/helmet_yolo_v10/images/train/PartA_00257.jpg,.jpg,jpeg_compression,3,2981129145,PartA_00257__A1C__jpeg_compression__s3.png
PartA_00258,/root/autodl-tmp/helmet_yolo_v10/images/train/PartA_00258.jpg,.jpg,brightness,2,1537931248,PartA_00258__A1C__brightness__s2.png
PartA_00259,/root/autodl-tmp/helmet_yolo_v10/images/train/PartA_00259.jpg,.jpg,defocus_blur,1,1559819532,PartA_00259__A1C__defocus_blur__s1.png
PartA_00261,/root/autodl-tmp/helmet_yolo_v10/images/train/PartA_00261.jpg,.jpg,jpeg_compression,3,2427514921,PartA_00261__A1C__jpeg_compression__s3.png
PartA_00262,/root/autodl-tmp/helmet_yolo_v10/images/train/PartA_00262.jpg,.jpg,pixelate,1,2196856437,PartA_00262__A1C__pixelate__s1.png
PartA_00263,/root/autodl-tmp/helmet_yolo_v10/images/train/PartA_00263.jpg,.jpg,pixelate,1,625581465,PartA_00263__A1C__pixelate__s1.png
PartA_00264,/root/autodl-tmp/helmet_yolo_v10/images/train/PartA_00264.jpg,.jpg,glass_blur,3,3101723935,PartA_00264__A1C__glass_blur__s3.png
PartA_00265,/root/autodl-tmp/helmet_yolo_v10/images/train/PartA_00265.jpg,.jpg,glass_blur,3,4245418860,PartA_00265__A1C__glass_blur__s3.png
PartA_00267,/root/autodl-tmp/helmet_yolo_v10/images/train/PartA_00267.jpg,.jpg,snow,1,1651318182,PartA_00267__A1C__snow__s1.png
PartA_00269,/root/autodl-tmp/helmet_yolo_v10/images/train/PartA_00269.jpg,.jpg,frost,2,1887047268,PartA_00269__A1C__frost__s2.png
PartA_00271,/root/autodl-tmp/helmet_yolo_v10/images/train/PartA_00271.jpg,.jpg,zoom_blur,2,1807715290,PartA_00271__A1C__zoom_blur__s2.png
PartA_00272,/root/autodl-tmp/helmet_yolo_v10/images/train/PartA_00272.jpg,.jpg,pixelate,1,1522907157,PartA_00272__A1C__pixelate__s1.png
PartA_00274,/root/autodl-tmp/helmet_yolo_v10/images/train/PartA_00274.jpg,.jpg,zoom_blur,3,2340465745,PartA_00274__A1C__zoom_blur__s3.png
PartA_00275,/root/autodl-tmp/helmet_yolo_v10/images/train/PartA_00275.jpg,.jpg,shot_noise,1,962699909,PartA_00275__A1C__shot_noise__s1.png
PartA_00276,/root/autodl-tmp/helmet_yolo_v10/images/train/PartA_00276.jpg,.jpg,gaussian_noise,2,3476756131,PartA_00276__A1C__gaussian_noise__s2.png
PartA_00277,/root/autodl-tmp/helmet_yolo_v10/images/train/PartA_00277.jpg,.jpg,jpeg_compression,1,1972888031,PartA_00277__A1C__jpeg_compression__s1.png
PartA_00279,/root/autodl-tmp/helmet_yolo_v10/images/train/PartA_00279.jpg,.jpg,jpeg_compression,1,1834313272,PartA_00279__A1C__jpeg_compression__s1.png
PartA_00280,/root/autodl-tmp/helmet_yolo_v10/images/train/PartA_00280.jpg,.jpg,gaussian_noise,1,2644621676,PartA_00280__A1C__gaussian_noise__s1.png
PartA_00281,/root/autodl-tmp/helmet_yolo_v10/images/train/PartA_00281.jpg,.jpg,frost,1,651296014,PartA_00281__A1C__frost__s1.png
PartA_00284,/root/autodl-tmp/helmet_yolo_v10/images/train/PartA_00284.jpg,.jpg,shot_noise,3,685701186,PartA_00284__A1C__shot_noise__s3.png
PartA_00287,/root/autodl-tmp/helmet_yolo_v10/images/train/PartA_00287.jpg,.jpg,defocus_blur,2,3644936832,PartA_00287__A1C__defocus_blur__s2.png
PartA_00288,/root/autodl-tmp/helmet_yolo_v10/images/train/PartA_00288.jpg,.jpg,jpeg_compression,1,2300545596,PartA_00288__A1C__jpeg_compression__s1.png
PartA_00289,/root/autodl-tmp/helmet_yolo_v10/images/train/PartA_00289.jpg,.jpg,jpeg_compression,3,965127926,PartA_00289__A1C__jpeg_compression__s3.png
PartA_00290,/root/autodl-tmp/helmet_yolo_v10/images/train/PartA_00290.jpg,.jpg,impulse_noise,1,811361590,PartA_00290__A1C__impulse_noise__s1.png
PartA_00294,/root/autodl-tmp/helmet_yolo_v10/images/train/PartA_00294.jpg,.jpg,frost,1,911453509,PartA_00294__A1C__frost__s1.png
PartA_00295,/root/autodl-tmp/helmet_yolo_v10/images/train/PartA_00295.jpg,.jpg,fog,2,1783606389,PartA_00295__A1C__fog__s2.png
PartA_00296,/root/autodl-tmp/helmet_yolo_v10/images/train/PartA_00296.jpg,.jpg,motion_blur,3,1935690104,PartA_00296__A1C__motion_blur__s3.png
PartA_00297,/root/autodl-tmp/helmet_yolo_v10/images/train/PartA_00297.jpg,.jpg,zoom_blur,3,732681376,PartA_00297__A1C__zoom_blur__s3.png
PartA_00298,/root/autodl-tmp/helmet_yolo_v10/images/train/PartA_00298.jpg,.jpg,jpeg_compression,3,2806200957,PartA_00298__A1C__jpeg_compression__s3.png
PartA_00299,/root/autodl-tmp/helmet_yolo_v10/images/train/PartA_00299.jpg,.jpg,motion_blur,3,2487778328,PartA_00299__A1C__motion_blur__s3.png
PartA_00301,/root/autodl-tmp/helmet_yolo_v10/images/train/PartA_00301.jpg,.jpg,frost,1,3989888877,PartA_00301__A1C__frost__s1.png
PartA_00302,/root/autodl-tmp/helmet_yolo_v10/images/train/PartA_00302.jpg,.jpg,zoom_blur,3,1941623851,PartA_00302__A1C__zoom_blur__s3.png
PartA_00303,/root/autodl-tmp/helmet_yolo_v10/images/train/PartA_00303.jpg,.jpg,zoom_blur,3,3456787142,PartA_00303__A1C__zoom_blur__s3.png
PartA_00304,/root/autodl-tmp/helmet_yolo_v10/images/train/PartA_00304.jpg,.jpg,defocus_blur,3,1698349305,PartA_00304__A1C__defocus_blur__s3.png
PartA_00305,/root/autodl-tmp/helmet_yolo_v10/images/train/PartA_00305.jpg,.jpg,fog,1,216850989,PartA_00305__A1C__fog__s1.png
PartA_00306,/root/autodl-tmp/helmet_yolo_v10/images/train/PartA_00306.jpg,.jpg,fog,3,2771618848,PartA_00306__A1C__fog__s3.png
PartA_00307,/root/autodl-tmp/helmet_yolo_v10/images/train/PartA_00307.jpg,.jpg,impulse_noise,3,3791372643,PartA_00307__A1C__impulse_noise__s3.png
PartA_00308,/root/autodl-tmp/helmet_yolo_v10/images/train/PartA_00308.jpg,.jpg,zoom_blur,3,1035796270,PartA_00308__A1C__zoom_blur__s3.png
PartA_00309,/root/autodl-tmp/helmet_yolo_v10/images/train/PartA_00309.jpg,.jpg,glass_blur,3,3366888528,PartA_00309__A1C__glass_blur__s3.png
PartA_00311,/root/autodl-tmp/helmet_yolo_v10/images/train/PartA_00311.jpg,.jpg,glass_blur,2,1250134398,PartA_00311__A1C__glass_blur__s2.png
PartA_00312,/root/autodl-tmp/helmet_yolo_v10/images/train/PartA_00312.jpg,.jpg,impulse_noise,3,1264807876,PartA_00312__A1C__impulse_noise__s3.png
PartA_00313,/root/autodl-tmp/helmet_yolo_v10/images/train/PartA_00313.jpg,.jpg,motion_blur,2,2685219300,PartA_00313__A1C__motion_blur__s2.png
PartA_00314,/root/autodl-tmp/helmet_yolo_v10/images/train/PartA_00314.jpg,.jpg,zoom_blur,2,3649382002,PartA_00314__A1C__zoom_blur__s2.png
PartA_00315,/root/autodl-tmp/helmet_yolo_v10/images/train/PartA_00315.jpg,.jpg,zoom_blur,2,887205613,PartA_00315__A1C__zoom_blur__s2.png
PartA_00317,/root/autodl-tmp/helmet_yolo_v10/images/train/PartA_00317.jpg,.jpg,snow,2,1610188425,PartA_00317__A1C__snow__s2.png
PartA_00319,/root/autodl-tmp/helmet_yolo_v10/images/train/PartA_00319.jpg,.jpg,fog,1,4275862467,PartA_00319__A1C__fog__s1.png
PartA_00322,/root/autodl-tmp/helmet_yolo_v10/images/train/PartA_00322.jpg,.jpg,motion_blur,3,417422208,PartA_00322__A1C__motion_blur__s3.png
PartA_00323,/root/autodl-tmp/helmet_yolo_v10/images/train/PartA_00323.jpg,.jpg,impulse_noise,2,1653813225,PartA_00323__A1C__impulse_noise__s2.png
PartA_00324,/root/autodl-tmp/helmet_yolo_v10/images/train/PartA_00324.jpg,.jpg,zoom_blur,1,3665448559,PartA_00324__A1C__zoom_blur__s1.png
PartA_00325,/root/autodl-tmp/helmet_yolo_v10/images/train/PartA_00325.jpg,.jpg,pixelate,3,1435175357,PartA_00325__A1C__pixelate__s3.png
PartA_00326,/root/autodl-tmp/helmet_yolo_v10/images/train/PartA_00326.jpg,.jpg,glass_blur,1,1247809893,PartA_00326__A1C__glass_blur__s1.png
PartA_00329,/root/autodl-tmp/helmet_yolo_v10/images/train/PartA_00329.jpg,.jpg,jpeg_compression,1,4181983161,PartA_00329__A1C__jpeg_compression__s1.png
PartA_00330,/root/autodl-tmp/helmet_yolo_v10/images/train/PartA_00330.jpg,.jpg,frost,2,2540556158,PartA_00330__A1C__frost__s2.png
PartA_00331,/root/autodl-tmp/helmet_yolo_v10/images/train/PartA_00331.jpg,.jpg,frost,3,2253142344,PartA_00331__A1C__frost__s3.png
PartA_00332,/root/autodl-tmp/helmet_yolo_v10/images/train/PartA_00332.jpg,.jpg,glass_blur,2,3968800706,PartA_00332__A1C__glass_blur__s2.png
PartA_00333,/root/autodl-tmp/helmet_yolo_v10/images/train/PartA_00333.jpg,.jpg,snow,2,3081039775,PartA_00333__A1C__snow__s2.png
PartA_00334,/root/autodl-tmp/helmet_yolo_v10/images/train/PartA_00334.jpg,.jpg,impulse_noise,3,1810708421,PartA_00334__A1C__impulse_noise__s3.png
PartA_00335,/root/autodl-tmp/helmet_yolo_v10/images/train/PartA_00335.jpg,.jpg,fog,1,617412538,PartA_00335__A1C__fog__s1.png
PartA_00336,/root/autodl-tmp/helmet_yolo_v10/images/train/PartA_00336.jpg,.jpg,brightness,2,3621340985,PartA_00336__A1C__brightness__s2.png
PartA_00337,/root/autodl-tmp/helmet_yolo_v10/images/train/PartA_00337.jpg,.jpg,jpeg_compression,3,3678625533,PartA_00337__A1C__jpeg_compression__s3.png
PartA_00340,/root/autodl-tmp/helmet_yolo_v10/images/train/PartA_00340.jpg,.jpg,frost,1,38321047,PartA_00340__A1C__frost__s1.png
PartA_00341,/root/autodl-tmp/helmet_yolo_v10/images/train/PartA_00341.jpg,.jpg,snow,1,537179217,PartA_00341__A1C__snow__s1.png
PartA_00342,/root/autodl-tmp/helmet_yolo_v10/images/train/PartA_00342.jpg,.jpg,zoom_blur,1,2204408174,PartA_00342__A1C__zoom_blur__s1.png
PartA_00343,/root/autodl-tmp/helmet_yolo_v10/images/train/PartA_00343.jpg,.jpg,zoom_blur,1,1782505884,PartA_00343__A1C__zoom_blur__s1.png
PartA_00344,/root/autodl-tmp/helmet_yolo_v10/images/train/PartA_00344.jpg,.jpg,gaussian_noise,3,1626804931,PartA_00344__A1C__gaussian_noise__s3.png
PartA_00345,/root/autodl-tmp/helmet_yolo_v10/images/train/PartA_00345.jpg,.jpg,gaussian_noise,2,2478565073,PartA_00345__A1C__gaussian_noise__s2.png
PartA_00347,/root/autodl-tmp/helmet_yolo_v10/images/train/PartA_00347.jpg,.jpg,fog,1,4267368719,PartA_00347__A1C__fog__s1.png
PartA_00348,/root/autodl-tmp/helmet_yolo_v10/images/train/PartA_00348.jpg,.jpg,snow,2,1482016212,PartA_00348__A1C__snow__s2.png
PartA_00349,/root/autodl-tmp/helmet_yolo_v10/images/train/PartA_00349.jpg,.jpg,motion_blur,1,2496958369,PartA_00349__A1C__motion_blur__s1.png
PartA_00350,/root/autodl-tmp/helmet_yolo_v10/images/train/PartA_00350.jpg,.jpg,pixelate,3,1010206038,PartA_00350__A1C__pixelate__s3.png
PartA_00351,/root/autodl-tmp/helmet_yolo_v10/images/train/PartA_00351.jpg,.jpg,contrast,3,4270478471,PartA_00351__A1C__contrast__s3.png
PartA_00352,/root/autodl-tmp/helmet_yolo_v10/images/train/PartA_00352.jpg,.jpg,shot_noise,1,1207670138,PartA_00352__A1C__shot_noise__s1.png
PartA_00353,/root/autodl-tmp/helmet_yolo_v10/images/train/PartA_00353.jpg,.jpg,shot_noise,3,245132786,PartA_00353__A1C__shot_noise__s3.png
PartA_00355,/root/autodl-tmp/helmet_yolo_v10/images/train/PartA_00355.jpg,.jpg,defocus_blur,1,123649252,PartA_00355__A1C__defocus_blur__s1.png
PartA_00356,/root/autodl-tmp/helmet_yolo_v10/images/train/PartA_00356.jpg,.jpg,glass_blur,3,2698480343,PartA_00356__A1C__glass_blur__s3.png
PartA_00358,/root/autodl-tmp/helmet_yolo_v10/images/train/PartA_00358.jpg,.jpg,impulse_noise,2,3890059668,PartA_00358__A1C__impulse_noise__s2.png
PartA_00359,/root/autodl-tmp/helmet_yolo_v10/images/train/PartA_00359.jpg,.jpg,fog,2,3833530353,PartA_00359__A1C__fog__s2.png
PartA_00360,/root/autodl-tmp/helmet_yolo_v10/images/train/PartA_00360.jpg,.jpg,gaussian_noise,2,1255531105,PartA_00360__A1C__gaussian_noise__s2.png
PartA_00361,/root/autodl-tmp/helmet_yolo_v10/images/train/PartA_00361.jpg,.jpg,zoom_blur,2,3030896712,PartA_00361__A1C__zoom_blur__s2.png
PartA_00362,/root/autodl-tmp/helmet_yolo_v10/images/train/PartA_00362.jpg,.jpg,motion_blur,3,1176632656,PartA_00362__A1C__motion_blur__s3.png
PartA_00363,/root/autodl-tmp/helmet_yolo_v10/images/train/PartA_00363.jpg,.jpg,gaussian_noise,3,1967590037,PartA_00363__A1C__gaussian_noise__s3.png
PartA_00364,/root/autodl-tmp/helmet_yolo_v10/images/train/PartA_00364.jpg,.jpg,fog,1,946323928,PartA_00364__A1C__fog__s1.png
PartA_00365,/root/autodl-tmp/helmet_yolo_v10/images/train/PartA_00365.jpg,.jpg,pixelate,1,755343057,PartA_00365__A1C__pixelate__s1.png
PartA_00366,/root/autodl-tmp/helmet_yolo_v10/images/train/PartA_00366.jpg,.jpg,shot_noise,3,739691327,PartA_00366__A1C__shot_noise__s3.png
PartA_00367,/root/autodl-tmp/helmet_yolo_v10/images/train/PartA_00367.jpg,.jpg,fog,2,1191671613,PartA_00367__A1C__fog__s2.png
PartA_00368,/root/autodl-tmp/helmet_yolo_v10/images/train/PartA_00368.jpg,.jpg,glass_blur,3,1579759578,PartA_00368__A1C__glass_blur__s3.png
PartA_00370,/root/autodl-tmp/helmet_yolo_v10/images/train/PartA_00370.jpg,.jpg,shot_noise,3,3469846298,PartA_00370__A1C__shot_noise__s3.png
PartA_00373,/root/autodl-tmp/helmet_yolo_v10/images/train/PartA_00373.jpg,.jpg,contrast,3,2711849040,PartA_00373__A1C__contrast__s3.png
PartA_00374,/root/autodl-tmp/helmet_yolo_v10/images/train/PartA_00374.jpg,.jpg,fog,2,928870037,PartA_00374__A1C__fog__s2.png
PartA_00375,/root/autodl-tmp/helmet_yolo_v10/images/train/PartA_00375.jpg,.jpg,shot_noise,1,3767033617,PartA_00375__A1C__shot_noise__s1.png
PartA_00376,/root/autodl-tmp/helmet_yolo_v10/images/train/PartA_00376.jpg,.jpg,pixelate,1,93715211,PartA_00376__A1C__pixelate__s1.png
PartA_00377,/root/autodl-tmp/helmet_yolo_v10/images/train/PartA_00377.jpg,.jpg,snow,2,322648704,PartA_00377__A1C__snow__s2.png
PartA_00378,/root/autodl-tmp/helmet_yolo_v10/images/train/PartA_00378.jpg,.jpg,zoom_blur,1,564568439,PartA_00378__A1C__zoom_blur__s1.png
PartA_00380,/root/autodl-tmp/helmet_yolo_v10/images/train/PartA_00380.jpg,.jpg,brightness,3,572187900,PartA_00380__A1C__brightness__s3.png
PartA_00381,/root/autodl-tmp/helmet_yolo_v10/images/train/PartA_00381.jpg,.jpg,frost,2,3076535423,PartA_00381__A1C__frost__s2.png
PartA_00382,/root/autodl-tmp/helmet_yolo_v10/images/train/PartA_00382.jpg,.jpg,brightness,3,3812547177,PartA_00382__A1C__brightness__s3.png
PartA_00384,/root/autodl-tmp/helmet_yolo_v10/images/train/PartA_00384.jpg,.jpg,fog,1,292078870,PartA_00384__A1C__fog__s1.png
PartA_00386,/root/autodl-tmp/helmet_yolo_v10/images/train/PartA_00386.jpg,.jpg,motion_blur,1,1258036362,PartA_00386__A1C__motion_blur__s1.png
PartA_00387,/root/autodl-tmp/helmet_yolo_v10/images/train/PartA_00387.jpg,.jpg,brightness,1,857994856,PartA_00387__A1C__brightness__s1.png
PartA_00389,/root/autodl-tmp/helmet_yolo_v10/images/train/PartA_00389.jpg,.jpg,shot_noise,3,1773772727,PartA_00389__A1C__shot_noise__s3.png
PartA_00390,/root/autodl-tmp/helmet_yolo_v10/images/train/PartA_00390.jpg,.jpg,glass_blur,1,3947886671,PartA_00390__A1C__glass_blur__s1.png
PartA_00391,/root/autodl-tmp/helmet_yolo_v10/images/train/PartA_00391.jpg,.jpg,frost,1,504193224,PartA_00391__A1C__frost__s1.png
PartA_00392,/root/autodl-tmp/helmet_yolo_v10/images/train/PartA_00392.jpg,.jpg,shot_noise,2,3020500962,PartA_00392__A1C__shot_noise__s2.png
PartA_00393,/root/autodl-tmp/helmet_yolo_v10/images/train/PartA_00393.jpg,.jpg,snow,3,2948665695,PartA_00393__A1C__snow__s3.png
PartA_00395,/root/autodl-tmp/helmet_yolo_v10/images/train/PartA_00395.jpg,.jpg,contrast,1,806656263,PartA_00395__A1C__contrast__s1.png
PartA_00396,/root/autodl-tmp/helmet_yolo_v10/images/train/PartA_00396.jpg,.jpg,brightness,3,538620157,PartA_00396__A1C__brightness__s3.png
PartA_00398,/root/autodl-tmp/helmet_yolo_v10/images/train/PartA_00398.jpg,.jpg,contrast,3,1450286149,PartA_00398__A1C__contrast__s3.png
PartA_00399,/root/autodl-tmp/helmet_yolo_v10/images/train/PartA_00399.jpg,.jpg,contrast,3,2214319301,PartA_00399__A1C__contrast__s3.png
PartA_00401,/root/autodl-tmp/helmet_yolo_v10/images/train/PartA_00401.jpg,.jpg,brightness,3,644239264,PartA_00401__A1C__brightness__s3.png
PartA_00402,/root/autodl-tmp/helmet_yolo_v10/images/train/PartA_00402.jpg,.jpg,jpeg_compression,2,805890613,PartA_00402__A1C__jpeg_compression__s2.png
PartA_00403,/root/autodl-tmp/helmet_yolo_v10/images/train/PartA_00403.jpg,.jpg,gaussian_noise,2,662122083,PartA_00403__A1C__gaussian_noise__s2.png
PartA_00404,/root/autodl-tmp/helmet_yolo_v10/images/train/PartA_00404.jpg,.jpg,pixelate,3,2526961709,PartA_00404__A1C__pixelate__s3.png
PartA_00406,/root/autodl-tmp/helmet_yolo_v10/images/train/PartA_00406.jpg,.jpg,jpeg_compression,2,658634350,PartA_00406__A1C__jpeg_compression__s2.png
PartA_00408,/root/autodl-tmp/helmet_yolo_v10/images/train/PartA_00408.jpg,.jpg,jpeg_compression,1,2928764763,PartA_00408__A1C__jpeg_compression__s1.png
PartA_00409,/root/autodl-tmp/helmet_yolo_v10/images/train/PartA_00409.jpg,.jpg,motion_blur,2,3288391471,PartA_00409__A1C__motion_blur__s2.png
PartA_00411,/root/autodl-tmp/helmet_yolo_v10/images/train/PartA_00411.jpg,.jpg,shot_noise,1,1778739330,PartA_00411__A1C__shot_noise__s1.png
PartA_00412,/root/autodl-tmp/helmet_yolo_v10/images/train/PartA_00412.jpg,.jpg,shot_noise,1,3458994513,PartA_00412__A1C__shot_noise__s1.png
PartA_00413,/root/autodl-tmp/helmet_yolo_v10/images/train/PartA_00413.jpg,.jpg,frost,2,817257815,PartA_00413__A1C__frost__s2.png
PartA_00414,/root/autodl-tmp/helmet_yolo_v10/images/train/PartA_00414.jpg,.jpg,defocus_blur,3,755002752,PartA_00414__A1C__defocus_blur__s3.png
PartA_00415,/root/autodl-tmp/helmet_yolo_v10/images/train/PartA_00415.jpg,.jpg,pixelate,2,2925742198,PartA_00415__A1C__pixelate__s2.png
PartA_00416,/root/autodl-tmp/helmet_yolo_v10/images/train/PartA_00416.jpg,.jpg,jpeg_compression,2,2304876927,PartA_00416__A1C__jpeg_compression__s2.png
PartA_00418,/root/autodl-tmp/helmet_yolo_v10/images/train/PartA_00418.jpg,.jpg,contrast,3,2444166746,PartA_00418__A1C__contrast__s3.png
PartA_00424,/root/autodl-tmp/helmet_yolo_v10/images/train/PartA_00424.jpg,.jpg,fog,3,2311367342,PartA_00424__A1C__fog__s3.png
PartA_00425,/root/autodl-tmp/helmet_yolo_v10/images/train/PartA_00425.jpg,.jpg,defocus_blur,2,1070253455,PartA_00425__A1C__defocus_blur__s2.png
PartA_00426,/root/autodl-tmp/helmet_yolo_v10/images/train/PartA_00426.jpg,.jpg,pixelate,1,2358253742,PartA_00426__A1C__pixelate__s1.png
PartA_00430,/root/autodl-tmp/helmet_yolo_v10/images/train/PartA_00430.jpg,.jpg,shot_noise,3,4207087119,PartA_00430__A1C__shot_noise__s3.png
PartA_00431,/root/autodl-tmp/helmet_yolo_v10/images/train/PartA_00431.jpg,.jpg,contrast,2,3516777958,PartA_00431__A1C__contrast__s2.png
PartA_00432,/root/autodl-tmp/helmet_yolo_v10/images/train/PartA_00432.jpg,.jpg,jpeg_compression,1,1894004441,PartA_00432__A1C__jpeg_compression__s1.png
PartA_00433,/root/autodl-tmp/helmet_yolo_v10/images/train/PartA_00433.jpg,.jpg,frost,2,1434747540,PartA_00433__A1C__frost__s2.png
PartA_00434,/root/autodl-tmp/helmet_yolo_v10/images/train/PartA_00434.jpg,.jpg,frost,3,2918095684,PartA_00434__A1C__frost__s3.png
PartA_00435,/root/autodl-tmp/helmet_yolo_v10/images/train/PartA_00435.jpg,.jpg,impulse_noise,1,3364087498,PartA_00435__A1C__impulse_noise__s1.png
PartA_00436,/root/autodl-tmp/helmet_yolo_v10/images/train/PartA_00436.jpg,.jpg,defocus_blur,3,3048441262,PartA_00436__A1C__defocus_blur__s3.png
PartA_00438,/root/autodl-tmp/helmet_yolo_v10/images/train/PartA_00438.jpg,.jpg,brightness,2,2069572405,PartA_00438__A1C__brightness__s2.png
PartA_00440,/root/autodl-tmp/helmet_yolo_v10/images/train/PartA_00440.jpg,.jpg,jpeg_compression,3,4009989692,PartA_00440__A1C__jpeg_compression__s3.png
PartA_00441,/root/autodl-tmp/helmet_yolo_v10/images/train/PartA_00441.jpg,.jpg,jpeg_compression,2,607191335,PartA_00441__A1C__jpeg_compression__s2.png
PartA_00442,/root/autodl-tmp/helmet_yolo_v10/images/train/PartA_00442.jpg,.jpg,glass_blur,2,2801750824,PartA_00442__A1C__glass_blur__s2.png
PartA_00443,/root/autodl-tmp/helmet_yolo_v10/images/train/PartA_00443.jpg,.jpg,zoom_blur,3,246851040,PartA_00443__A1C__zoom_blur__s3.png
PartA_00445,/root/autodl-tmp/helmet_yolo_v10/images/train/PartA_00445.jpg,.jpg,motion_blur,2,3654783279,PartA_00445__A1C__motion_blur__s2.png
PartA_00446,/root/autodl-tmp/helmet_yolo_v10/images/train/PartA_00446.jpg,.jpg,frost,1,838721564,PartA_00446__A1C__frost__s1.png
PartA_00447,/root/autodl-tmp/helmet_yolo_v10/images/train/PartA_00447.jpg,.jpg,pixelate,1,594078579,PartA_00447__A1C__pixelate__s1.png
PartA_00449,/root/autodl-tmp/helmet_yolo_v10/images/train/PartA_00449.jpg,.jpg,motion_blur,3,782651702,PartA_00449__A1C__motion_blur__s3.png
PartA_00450,/root/autodl-tmp/helmet_yolo_v10/images/train/PartA_00450.jpg,.jpg,zoom_blur,1,83755698,PartA_00450__A1C__zoom_blur__s1.png
PartA_00451,/root/autodl-tmp/helmet_yolo_v10/images/train/PartA_00451.jpg,.jpg,glass_blur,3,2153325490,PartA_00451__A1C__glass_blur__s3.png
PartA_00452,/root/autodl-tmp/helmet_yolo_v10/images/train/PartA_00452.jpg,.jpg,frost,2,3344516770,PartA_00452__A1C__frost__s2.png
PartA_00453,/root/autodl-tmp/helmet_yolo_v10/images/train/PartA_00453.jpg,.jpg,gaussian_noise,2,918492555,PartA_00453__A1C__gaussian_noise__s2.png
PartA_00457,/root/autodl-tmp/helmet_yolo_v10/images/train/PartA_00457.jpg,.jpg,contrast,3,1054518259,PartA_00457__A1C__contrast__s3.png
PartA_00458,/root/autodl-tmp/helmet_yolo_v10/images/train/PartA_00458.jpg,.jpg,snow,3,3284600102,PartA_00458__A1C__snow__s3.png
PartA_00459,/root/autodl-tmp/helmet_yolo_v10/images/train/PartA_00459.jpg,.jpg,fog,3,2655285867,PartA_00459__A1C__fog__s3.png
PartA_00460,/root/autodl-tmp/helmet_yolo_v10/images/train/PartA_00460.jpg,.jpg,snow,2,3036288032,PartA_00460__A1C__snow__s2.png
PartA_00461,/root/autodl-tmp/helmet_yolo_v10/images/train/PartA_00461.jpg,.jpg,jpeg_compression,2,3447191545,PartA_00461__A1C__jpeg_compression__s2.png
PartA_00462,/root/autodl-tmp/helmet_yolo_v10/images/train/PartA_00462.jpg,.jpg,jpeg_compression,2,540146489,PartA_00462__A1C__jpeg_compression__s2.png
PartA_00463,/root/autodl-tmp/helmet_yolo_v10/images/train/PartA_00463.jpg,.jpg,contrast,3,1529663146,PartA_00463__A1C__contrast__s3.png
PartA_00464,/root/autodl-tmp/helmet_yolo_v10/images/train/PartA_00464.jpg,.jpg,brightness,3,3765861261,PartA_00464__A1C__brightness__s3.png
PartA_00466,/root/autodl-tmp/helmet_yolo_v10/images/train/PartA_00466.jpg,.jpg,jpeg_compression,1,1494153999,PartA_00466__A1C__jpeg_compression__s1.png
PartA_00467,/root/autodl-tmp/helmet_yolo_v10/images/train/PartA_00467.jpg,.jpg,defocus_blur,2,1032384064,PartA_00467__A1C__defocus_blur__s2.png
PartA_00468,/root/autodl-tmp/helmet_yolo_v10/images/train/PartA_00468.jpg,.jpg,jpeg_compression,3,3725968574,PartA_00468__A1C__jpeg_compression__s3.png
PartA_00469,/root/autodl-tmp/helmet_yolo_v10/images/train/PartA_00469.jpg,.jpg,impulse_noise,1,2558881529,PartA_00469__A1C__impulse_noise__s1.png
PartA_00471,/root/autodl-tmp/helmet_yolo_v10/images/train/PartA_00471.jpg,.jpg,pixelate,1,992723750,PartA_00471__A1C__pixelate__s1.png
PartA_00472,/root/autodl-tmp/helmet_yolo_v10/images/train/PartA_00472.jpg,.jpg,zoom_blur,1,2379412352,PartA_00472__A1C__zoom_blur__s1.png
PartA_00473,/root/autodl-tmp/helmet_yolo_v10/images/train/PartA_00473.jpg,.jpg,defocus_blur,1,3263447692,PartA_00473__A1C__defocus_blur__s1.png
PartA_00474,/root/autodl-tmp/helmet_yolo_v10/images/train/PartA_00474.jpg,.jpg,brightness,1,2211182117,PartA_00474__A1C__brightness__s1.png
PartA_00477,/root/autodl-tmp/helmet_yolo_v10/images/train/PartA_00477.jpg,.jpg,contrast,3,2898466391,PartA_00477__A1C__contrast__s3.png
PartA_00478,/root/autodl-tmp/helmet_yolo_v10/images/train/PartA_00478.jpg,.jpg,fog,1,2616877745,PartA_00478__A1C__fog__s1.png
PartA_00481,/root/autodl-tmp/helmet_yolo_v10/images/train/PartA_00481.jpg,.jpg,snow,2,1899652900,PartA_00481__A1C__snow__s2.png
PartA_00482,/root/autodl-tmp/helmet_yolo_v10/images/train/PartA_00482.jpg,.jpg,jpeg_compression,1,570490592,PartA_00482__A1C__jpeg_compression__s1.png
PartA_00483,/root/autodl-tmp/helmet_yolo_v10/images/train/PartA_00483.jpg,.jpg,impulse_noise,1,1057590923,PartA_00483__A1C__impulse_noise__s1.png
PartA_00485,/root/autodl-tmp/helmet_yolo_v10/images/train/PartA_00485.jpg,.jpg,brightness,1,1156564987,PartA_00485__A1C__brightness__s1.png
PartA_00486,/root/autodl-tmp/helmet_yolo_v10/images/train/PartA_00486.jpg,.jpg,fog,2,937662938,PartA_00486__A1C__fog__s2.png
PartA_00487,/root/autodl-tmp/helmet_yolo_v10/images/train/PartA_00487.jpg,.jpg,shot_noise,1,3462540604,PartA_00487__A1C__shot_noise__s1.png
PartA_00488,/root/autodl-tmp/helmet_yolo_v10/images/train/PartA_00488.jpg,.jpg,fog,1,639332741,PartA_00488__A1C__fog__s1.png
PartA_00489,/root/autodl-tmp/helmet_yolo_v10/images/train/PartA_00489.jpg,.jpg,gaussian_noise,1,1746641282,PartA_00489__A1C__gaussian_noise__s1.png
PartA_00491,/root/autodl-tmp/helmet_yolo_v10/images/train/PartA_00491.jpg,.jpg,frost,2,2455186005,PartA_00491__A1C__frost__s2.png
PartA_00492,/root/autodl-tmp/helmet_yolo_v10/images/train/PartA_00492.jpg,.jpg,snow,2,764113278,PartA_00492__A1C__snow__s2.png
PartA_00493,/root/autodl-tmp/helmet_yolo_v10/images/train/PartA_00493.jpg,.jpg,zoom_blur,2,3546702988,PartA_00493__A1C__zoom_blur__s2.png
PartA_00494,/root/autodl-tmp/helmet_yolo_v10/images/train/PartA_00494.jpg,.jpg,snow,2,1248322153,PartA_00494__A1C__snow__s2.png
PartA_00495,/root/autodl-tmp/helmet_yolo_v10/images/train/PartA_00495.jpg,.jpg,pixelate,2,30278436,PartA_00495__A1C__pixelate__s2.png
PartA_00496,/root/autodl-tmp/helmet_yolo_v10/images/train/PartA_00496.jpg,.jpg,frost,1,4118867956,PartA_00496__A1C__frost__s1.png
PartA_00498,/root/autodl-tmp/helmet_yolo_v10/images/train/PartA_00498.jpg,.jpg,snow,1,917922305,PartA_00498__A1C__snow__s1.png
PartA_00499,/root/autodl-tmp/helmet_yolo_v10/images/train/PartA_00499.jpg,.jpg,frost,1,247087250,PartA_00499__A1C__frost__s1.png
PartA_00500,/root/autodl-tmp/helmet_yolo_v10/images/train/PartA_00500.jpg,.jpg,snow,1,1258970490,PartA_00500__A1C__snow__s1.png
PartA_00502,/root/autodl-tmp/helmet_yolo_v10/images/train/PartA_00502.jpg,.jpg,jpeg_compression,1,1877638412,PartA_00502__A1C__jpeg_compression__s1.png
PartA_00503,/root/autodl-tmp/helmet_yolo_v10/images/train/PartA_00503.jpg,.jpg,shot_noise,2,2539730679,PartA_00503__A1C__shot_noise__s2.png
PartA_00505,/root/autodl-tmp/helmet_yolo_v10/images/train/PartA_00505.jpg,.jpg,contrast,2,3857808052,PartA_00505__A1C__contrast__s2.png
PartA_00506,/root/autodl-tmp/helmet_yolo_v10/images/train/PartA_00506.jpg,.jpg,pixelate,1,1300667499,PartA_00506__A1C__pixelate__s1.png
PartA_00507,/root/autodl-tmp/helmet_yolo_v10/images/train/PartA_00507.jpg,.jpg,fog,3,2524995829,PartA_00507__A1C__fog__s3.png
PartA_00508,/root/autodl-tmp/helmet_yolo_v10/images/train/PartA_00508.jpg,.jpg,zoom_blur,3,2209608974,PartA_00508__A1C__zoom_blur__s3.png
PartA_00509,/root/autodl-tmp/helmet_yolo_v10/images/train/PartA_00509.jpg,.jpg,motion_blur,3,649837584,PartA_00509__A1C__motion_blur__s3.png
PartA_00513,/root/autodl-tmp/helmet_yolo_v10/images/train/PartA_00513.jpg,.jpg,brightness,2,3540538859,PartA_00513__A1C__brightness__s2.png
PartA_00514,/root/autodl-tmp/helmet_yolo_v10/images/train/PartA_00514.jpg,.jpg,defocus_blur,2,188993800,PartA_00514__A1C__defocus_blur__s2.png
PartA_00515,/root/autodl-tmp/helmet_yolo_v10/images/train/PartA_00515.jpg,.jpg,frost,1,1174043178,PartA_00515__A1C__frost__s1.png
PartA_00516,/root/autodl-tmp/helmet_yolo_v10/images/train/PartA_00516.jpg,.jpg,shot_noise,1,3989108530,PartA_00516__A1C__shot_noise__s1.png
PartA_00517,/root/autodl-tmp/helmet_yolo_v10/images/train/PartA_00517.jpg,.jpg,zoom_blur,2,2840454040,PartA_00517__A1C__zoom_blur__s2.png
PartA_00518,/root/autodl-tmp/helmet_yolo_v10/images/train/PartA_00518.jpg,.jpg,glass_blur,1,2120655275,PartA_00518__A1C__glass_blur__s1.png
PartA_00520,/root/autodl-tmp/helmet_yolo_v10/images/train/PartA_00520.jpg,.jpg,glass_blur,1,589675997,PartA_00520__A1C__glass_blur__s1.png
PartA_00521,/root/autodl-tmp/helmet_yolo_v10/images/train/PartA_00521.jpg,.jpg,frost,2,3021214828,PartA_00521__A1C__frost__s2.png
PartA_00522,/root/autodl-tmp/helmet_yolo_v10/images/train/PartA_00522.jpg,.jpg,snow,1,3688634388,PartA_00522__A1C__snow__s1.png
PartA_00523,/root/autodl-tmp/helmet_yolo_v10/images/train/PartA_00523.jpg,.jpg,frost,3,3405732711,PartA_00523__A1C__frost__s3.png
PartA_00524,/root/autodl-tmp/helmet_yolo_v10/images/train/PartA_00524.jpg,.jpg,shot_noise,1,772645589,PartA_00524__A1C__shot_noise__s1.png
PartA_00525,/root/autodl-tmp/helmet_yolo_v10/images/train/PartA_00525.jpg,.jpg,brightness,2,1222443988,PartA_00525__A1C__brightness__s2.png
PartA_00526,/root/autodl-tmp/helmet_yolo_v10/images/train/PartA_00526.jpg,.jpg,impulse_noise,3,690413844,PartA_00526__A1C__impulse_noise__s3.png
PartA_00527,/root/autodl-tmp/helmet_yolo_v10/images/train/PartA_00527.jpg,.jpg,pixelate,1,257948931,PartA_00527__A1C__pixelate__s1.png
PartA_00530,/root/autodl-tmp/helmet_yolo_v10/images/train/PartA_00530.jpg,.jpg,zoom_blur,2,80027590,PartA_00530__A1C__zoom_blur__s2.png
PartA_00531,/root/autodl-tmp/helmet_yolo_v10/images/train/PartA_00531.jpg,.jpg,impulse_noise,3,834234617,PartA_00531__A1C__impulse_noise__s3.png
PartA_00532,/root/autodl-tmp/helmet_yolo_v10/images/train/PartA_00532.jpg,.jpg,jpeg_compression,1,1917363593,PartA_00532__A1C__jpeg_compression__s1.png
PartA_00534,/root/autodl-tmp/helmet_yolo_v10/images/train/PartA_00534.jpg,.jpg,motion_blur,3,1349487661,PartA_00534__A1C__motion_blur__s3.png
PartA_00535,/root/autodl-tmp/helmet_yolo_v10/images/train/PartA_00535.jpg,.jpg,glass_blur,3,2121465778,PartA_00535__A1C__glass_blur__s3.png
PartA_00536,/root/autodl-tmp/helmet_yolo_v10/images/train/PartA_00536.jpg,.jpg,snow,2,1228601250,PartA_00536__A1C__snow__s2.png
PartA_00538,/root/autodl-tmp/helmet_yolo_v10/images/train/PartA_00538.jpg,.jpg,snow,3,1363691006,PartA_00538__A1C__snow__s3.png
PartA_00539,/root/autodl-tmp/helmet_yolo_v10/images/train/PartA_00539.jpg,.jpg,gaussian_noise,1,1275075667,PartA_00539__A1C__gaussian_noise__s1.png
PartA_00540,/root/autodl-tmp/helmet_yolo_v10/images/train/PartA_00540.jpg,.jpg,defocus_blur,3,2981349108,PartA_00540__A1C__defocus_blur__s3.png
PartA_00541,/root/autodl-tmp/helmet_yolo_v10/images/train/PartA_00541.jpg,.jpg,contrast,2,3002673896,PartA_00541__A1C__contrast__s2.png
PartA_00543,/root/autodl-tmp/helmet_yolo_v10/images/train/PartA_00543.jpg,.jpg,gaussian_noise,2,2849608082,PartA_00543__A1C__gaussian_noise__s2.png
PartA_00544,/root/autodl-tmp/helmet_yolo_v10/images/train/PartA_00544.jpg,.jpg,zoom_blur,2,1051612901,PartA_00544__A1C__zoom_blur__s2.png
PartA_00545,/root/autodl-tmp/helmet_yolo_v10/images/train/PartA_00545.jpg,.jpg,fog,1,603120149,PartA_00545__A1C__fog__s1.png
PartA_00546,/root/autodl-tmp/helmet_yolo_v10/images/train/PartA_00546.jpg,.jpg,defocus_blur,3,3488792978,PartA_00546__A1C__defocus_blur__s3.png
PartA_00547,/root/autodl-tmp/helmet_yolo_v10/images/train/PartA_00547.jpg,.jpg,gaussian_noise,1,3271958413,PartA_00547__A1C__gaussian_noise__s1.png
PartA_00548,/root/autodl-tmp/helmet_yolo_v10/images/train/PartA_00548.jpg,.jpg,jpeg_compression,1,993310362,PartA_00548__A1C__jpeg_compression__s1.png
PartA_00549,/root/autodl-tmp/helmet_yolo_v10/images/train/PartA_00549.jpg,.jpg,motion_blur,1,2351334791,PartA_00549__A1C__motion_blur__s1.png
PartA_00550,/root/autodl-tmp/helmet_yolo_v10/images/train/PartA_00550.jpg,.jpg,fog,1,1787893358,PartA_00550__A1C__fog__s1.png
PartA_00551,/root/autodl-tmp/helmet_yolo_v10/images/train/PartA_00551.jpg,.jpg,pixelate,1,1505749796,PartA_00551__A1C__pixelate__s1.png
PartA_00553,/root/autodl-tmp/helmet_yolo_v10/images/train/PartA_00553.jpg,.jpg,zoom_blur,2,3243599285,PartA_00553__A1C__zoom_blur__s2.png
PartA_00554,/root/autodl-tmp/helmet_yolo_v10/images/train/PartA_00554.jpg,.jpg,motion_blur,2,1536475270,PartA_00554__A1C__motion_blur__s2.png
PartA_00555,/root/autodl-tmp/helmet_yolo_v10/images/train/PartA_00555.jpg,.jpg,pixelate,1,2182059627,PartA_00555__A1C__pixelate__s1.png
PartA_00556,/root/autodl-tmp/helmet_yolo_v10/images/train/PartA_00556.jpg,.jpg,jpeg_compression,3,1076477351,PartA_00556__A1C__jpeg_compression__s3.png
PartA_00559,/root/autodl-tmp/helmet_yolo_v10/images/train/PartA_00559.jpg,.jpg,shot_noise,3,338693051,PartA_00559__A1C__shot_noise__s3.png
PartA_00561,/root/autodl-tmp/helmet_yolo_v10/images/train/PartA_00561.jpg,.jpg,glass_blur,2,986113498,PartA_00561__A1C__glass_blur__s2.png
PartA_00562,/root/autodl-tmp/helmet_yolo_v10/images/train/PartA_00562.jpg,.jpg,glass_blur,1,354651948,PartA_00562__A1C__glass_blur__s1.png
PartA_00563,/root/autodl-tmp/helmet_yolo_v10/images/train/PartA_00563.jpg,.jpg,zoom_blur,1,200916981,PartA_00563__A1C__zoom_blur__s1.png
PartA_00564,/root/autodl-tmp/helmet_yolo_v10/images/train/PartA_00564.jpg,.jpg,defocus_blur,1,265522983,PartA_00564__A1C__defocus_blur__s1.png
PartA_00565,/root/autodl-tmp/helmet_yolo_v10/images/train/PartA_00565.jpg,.jpg,gaussian_noise,3,3759048593,PartA_00565__A1C__gaussian_noise__s3.png
PartA_00566,/root/autodl-tmp/helmet_yolo_v10/images/train/PartA_00566.jpg,.jpg,jpeg_compression,3,3029125623,PartA_00566__A1C__jpeg_compression__s3.png
PartA_00568,/root/autodl-tmp/helmet_yolo_v10/images/train/PartA_00568.jpg,.jpg,pixelate,3,1745939957,PartA_00568__A1C__pixelate__s3.png
PartA_00569,/root/autodl-tmp/helmet_yolo_v10/images/train/PartA_00569.jpg,.jpg,gaussian_noise,1,82330680,PartA_00569__A1C__gaussian_noise__s1.png
PartA_00570,/root/autodl-tmp/helmet_yolo_v10/images/train/PartA_00570.jpg,.jpg,jpeg_compression,2,3270385449,PartA_00570__A1C__jpeg_compression__s2.png
PartA_00571,/root/autodl-tmp/helmet_yolo_v10/images/train/PartA_00571.jpg,.jpg,contrast,3,3425497669,PartA_00571__A1C__contrast__s3.png
PartA_00572,/root/autodl-tmp/helmet_yolo_v10/images/train/PartA_00572.jpg,.jpg,shot_noise,1,1733353259,PartA_00572__A1C__shot_noise__s1.png
PartA_00573,/root/autodl-tmp/helmet_yolo_v10/images/train/PartA_00573.jpg,.jpg,pixelate,2,3261424143,PartA_00573__A1C__pixelate__s2.png
PartA_00575,/root/autodl-tmp/helmet_yolo_v10/images/train/PartA_00575.jpg,.jpg,impulse_noise,2,33181705,PartA_00575__A1C__impulse_noise__s2.png
PartA_00576,/root/autodl-tmp/helmet_yolo_v10/images/train/PartA_00576.jpg,.jpg,snow,2,2132618217,PartA_00576__A1C__snow__s2.png
PartA_00577,/root/autodl-tmp/helmet_yolo_v10/images/train/PartA_00577.jpg,.jpg,contrast,2,3170351380,PartA_00577__A1C__contrast__s2.png
PartA_00579,/root/autodl-tmp/helmet_yolo_v10/images/train/PartA_00579.jpg,.jpg,pixelate,1,3703073621,PartA_00579__A1C__pixelate__s1.png
PartA_00580,/root/autodl-tmp/helmet_yolo_v10/images/train/PartA_00580.jpg,.jpg,brightness,2,623780113,PartA_00580__A1C__brightness__s2.png
PartA_00582,/root/autodl-tmp/helmet_yolo_v10/images/train/PartA_00582.jpg,.jpg,zoom_blur,3,207332505,PartA_00582__A1C__zoom_blur__s3.png
PartA_00583,/root/autodl-tmp/helmet_yolo_v10/images/train/PartA_00583.jpg,.jpg,gaussian_noise,2,882508435,PartA_00583__A1C__gaussian_noise__s2.png
PartA_00586,/root/autodl-tmp/helmet_yolo_v10/images/train/PartA_00586.jpg,.jpg,defocus_blur,3,1857671441,PartA_00586__A1C__defocus_blur__s3.png
PartA_00588,/root/autodl-tmp/helmet_yolo_v10/images/train/PartA_00588.jpg,.jpg,zoom_blur,3,45295257,PartA_00588__A1C__zoom_blur__s3.png
PartA_00589,/root/autodl-tmp/helmet_yolo_v10/images/train/PartA_00589.jpg,.jpg,defocus_blur,3,3788331946,PartA_00589__A1C__defocus_blur__s3.png
PartA_00590,/root/autodl-tmp/helmet_yolo_v10/images/train/PartA_00590.jpg,.jpg,snow,1,2744303257,PartA_00590__A1C__snow__s1.png
PartA_00591,/root/autodl-tmp/helmet_yolo_v10/images/train/PartA_00591.jpg,.jpg,gaussian_noise,3,872066052,PartA_00591__A1C__gaussian_noise__s3.png
PartA_00592,/root/autodl-tmp/helmet_yolo_v10/images/train/PartA_00592.jpg,.jpg,shot_noise,2,2113320441,PartA_00592__A1C__shot_noise__s2.png
PartA_00593,/root/autodl-tmp/helmet_yolo_v10/images/train/PartA_00593.jpg,.jpg,contrast,2,3116290714,PartA_00593__A1C__contrast__s2.png
PartA_00596,/root/autodl-tmp/helmet_yolo_v10/images/train/PartA_00596.jpg,.jpg,frost,3,615543768,PartA_00596__A1C__frost__s3.png
PartA_00597,/root/autodl-tmp/helmet_yolo_v10/images/train/PartA_00597.jpg,.jpg,shot_noise,1,3135519435,PartA_00597__A1C__shot_noise__s1.png
PartA_00598,/root/autodl-tmp/helmet_yolo_v10/images/train/PartA_00598.jpg,.jpg,motion_blur,2,345183043,PartA_00598__A1C__motion_blur__s2.png
PartA_00599,/root/autodl-tmp/helmet_yolo_v10/images/train/PartA_00599.jpg,.jpg,gaussian_noise,2,3114533959,PartA_00599__A1C__gaussian_noise__s2.png
PartA_00601,/root/autodl-tmp/helmet_yolo_v10/images/train/PartA_00601.jpg,.jpg,gaussian_noise,2,1891293343,PartA_00601__A1C__gaussian_noise__s2.png
PartA_00603,/root/autodl-tmp/helmet_yolo_v10/images/train/PartA_00603.jpg,.jpg,glass_blur,1,1105229382,PartA_00603__A1C__glass_blur__s1.png
PartA_00605,/root/autodl-tmp/helmet_yolo_v10/images/train/PartA_00605.jpg,.jpg,brightness,2,4272988093,PartA_00605__A1C__brightness__s2.png
PartA_00606,/root/autodl-tmp/helmet_yolo_v10/images/train/PartA_00606.jpg,.jpg,snow,2,3930233621,PartA_00606__A1C__snow__s2.png
PartA_00607,/root/autodl-tmp/helmet_yolo_v10/images/train/PartA_00607.jpg,.jpg,impulse_noise,2,2132411029,PartA_00607__A1C__impulse_noise__s2.png
PartA_00608,/root/autodl-tmp/helmet_yolo_v10/images/train/PartA_00608.jpg,.jpg,frost,3,4134061797,PartA_00608__A1C__frost__s3.png
PartA_00609,/root/autodl-tmp/helmet_yolo_v10/images/train/PartA_00609.jpg,.jpg,brightness,2,1630560870,PartA_00609__A1C__brightness__s2.png
PartA_00610,/root/autodl-tmp/helmet_yolo_v10/images/train/PartA_00610.jpg,.jpg,snow,2,2436219261,PartA_00610__A1C__snow__s2.png
PartA_00611,/root/autodl-tmp/helmet_yolo_v10/images/train/PartA_00611.jpg,.jpg,contrast,3,2522312810,PartA_00611__A1C__contrast__s3.png
PartA_00612,/root/autodl-tmp/helmet_yolo_v10/images/train/PartA_00612.jpg,.jpg,gaussian_noise,2,4217714675,PartA_00612__A1C__gaussian_noise__s2.png
PartA_00613,/root/autodl-tmp/helmet_yolo_v10/images/train/PartA_00613.jpg,.jpg,zoom_blur,1,963894304,PartA_00613__A1C__zoom_blur__s1.png
PartA_00614,/root/autodl-tmp/helmet_yolo_v10/images/train/PartA_00614.jpg,.jpg,snow,3,10401401,PartA_00614__A1C__snow__s3.png
PartA_00615,/root/autodl-tmp/helmet_yolo_v10/images/train/PartA_00615.jpg,.jpg,motion_blur,3,2925049582,PartA_00615__A1C__motion_blur__s3.png
PartA_00617,/root/autodl-tmp/helmet_yolo_v10/images/train/PartA_00617.jpg,.jpg,pixelate,3,3225786332,PartA_00617__A1C__pixelate__s3.png
PartA_00619,/root/autodl-tmp/helmet_yolo_v10/images/train/PartA_00619.jpg,.jpg,pixelate,2,4152628456,PartA_00619__A1C__pixelate__s2.png
PartA_00620,/root/autodl-tmp/helmet_yolo_v10/images/train/PartA_00620.jpg,.jpg,motion_blur,1,3087716734,PartA_00620__A1C__motion_blur__s1.png
PartA_00621,/root/autodl-tmp/helmet_yolo_v10/images/train/PartA_00621.jpg,.jpg,impulse_noise,3,1422967210,PartA_00621__A1C__impulse_noise__s3.png
PartA_00622,/root/autodl-tmp/helmet_yolo_v10/images/train/PartA_00622.jpg,.jpg,contrast,1,3384449643,PartA_00622__A1C__contrast__s1.png
PartA_00623,/root/autodl-tmp/helmet_yolo_v10/images/train/PartA_00623.jpg,.jpg,zoom_blur,3,737488651,PartA_00623__A1C__zoom_blur__s3.png
PartA_00624,/root/autodl-tmp/helmet_yolo_v10/images/train/PartA_00624.jpg,.jpg,pixelate,3,2200167801,PartA_00624__A1C__pixelate__s3.png
PartA_00628,/root/autodl-tmp/helmet_yolo_v10/images/train/PartA_00628.jpg,.jpg,contrast,3,3956367949,PartA_00628__A1C__contrast__s3.png
PartA_00629,/root/autodl-tmp/helmet_yolo_v10/images/train/PartA_00629.jpg,.jpg,motion_blur,3,2411774600,PartA_00629__A1C__motion_blur__s3.png
PartA_00630,/root/autodl-tmp/helmet_yolo_v10/images/train/PartA_00630.jpg,.jpg,zoom_blur,3,424376786,PartA_00630__A1C__zoom_blur__s3.png
PartA_00633,/root/autodl-tmp/helmet_yolo_v10/images/train/PartA_00633.jpg,.jpg,shot_noise,1,3916097653,PartA_00633__A1C__shot_noise__s1.png
PartA_00634,/root/autodl-tmp/helmet_yolo_v10/images/train/PartA_00634.jpg,.jpg,jpeg_compression,1,2793259236,PartA_00634__A1C__jpeg_compression__s1.png
PartA_00636,/root/autodl-tmp/helmet_yolo_v10/images/train/PartA_00636.jpg,.jpg,contrast,1,2782371156,PartA_00636__A1C__contrast__s1.png
PartA_00638,/root/autodl-tmp/helmet_yolo_v10/images/train/PartA_00638.jpg,.jpg,fog,3,1422510989,PartA_00638__A1C__fog__s3.png
PartA_00639,/root/autodl-tmp/helmet_yolo_v10/images/train/PartA_00639.jpg,.jpg,frost,3,1878235835,PartA_00639__A1C__frost__s3.png
PartA_00640,/root/autodl-tmp/helmet_yolo_v10/images/train/PartA_00640.jpg,.jpg,impulse_noise,1,3725651063,PartA_00640__A1C__impulse_noise__s1.png
PartA_00643,/root/autodl-tmp/helmet_yolo_v10/images/train/PartA_00643.jpg,.jpg,pixelate,2,332398012,PartA_00643__A1C__pixelate__s2.png
PartA_00644,/root/autodl-tmp/helmet_yolo_v10/images/train/PartA_00644.jpg,.jpg,fog,1,2041026896,PartA_00644__A1C__fog__s1.png
PartA_00647,/root/autodl-tmp/helmet_yolo_v10/images/train/PartA_00647.jpg,.jpg,brightness,1,2058709767,PartA_00647__A1C__brightness__s1.png
PartA_00648,/root/autodl-tmp/helmet_yolo_v10/images/train/PartA_00648.jpg,.jpg,motion_blur,2,519130450,PartA_00648__A1C__motion_blur__s2.png
PartA_00649,/root/autodl-tmp/helmet_yolo_v10/images/train/PartA_00649.jpg,.jpg,jpeg_compression,2,1564775694,PartA_00649__A1C__jpeg_compression__s2.png
PartA_00650,/root/autodl-tmp/helmet_yolo_v10/images/train/PartA_00650.jpg,.jpg,brightness,3,1362302681,PartA_00650__A1C__brightness__s3.png
PartA_00651,/root/autodl-tmp/helmet_yolo_v10/images/train/PartA_00651.jpg,.jpg,frost,2,1644259567,PartA_00651__A1C__frost__s2.png
PartA_00652,/root/autodl-tmp/helmet_yolo_v10/images/train/PartA_00652.jpg,.jpg,frost,3,4166658134,PartA_00652__A1C__frost__s3.png
PartA_00654,/root/autodl-tmp/helmet_yolo_v10/images/train/PartA_00654.jpg,.jpg,snow,1,1691252945,PartA_00654__A1C__snow__s1.png
PartA_00656,/root/autodl-tmp/helmet_yolo_v10/images/train/PartA_00656.jpg,.jpg,motion_blur,2,2775778163,PartA_00656__A1C__motion_blur__s2.png
PartA_00657,/root/autodl-tmp/helmet_yolo_v10/images/train/PartA_00657.jpg,.jpg,contrast,3,1511137772,PartA_00657__A1C__contrast__s3.png
PartA_00658,/root/autodl-tmp/helmet_yolo_v10/images/train/PartA_00658.jpg,.jpg,impulse_noise,3,1411297286,PartA_00658__A1C__impulse_noise__s3.png
PartA_00659,/root/autodl-tmp/helmet_yolo_v10/images/train/PartA_00659.jpg,.jpg,glass_blur,2,639596176,PartA_00659__A1C__glass_blur__s2.png
PartA_00661,/root/autodl-tmp/helmet_yolo_v10/images/train/PartA_00661.jpg,.jpg,contrast,2,4155944467,PartA_00661__A1C__contrast__s2.png
PartA_00662,/root/autodl-tmp/helmet_yolo_v10/images/train/PartA_00662.jpg,.jpg,fog,3,1035773703,PartA_00662__A1C__fog__s3.png
PartA_00664,/root/autodl-tmp/helmet_yolo_v10/images/train/PartA_00664.jpg,.jpg,defocus_blur,2,871052299,PartA_00664__A1C__defocus_blur__s2.png
PartA_00665,/root/autodl-tmp/helmet_yolo_v10/images/train/PartA_00665.jpg,.jpg,motion_blur,3,3957483902,PartA_00665__A1C__motion_blur__s3.png
PartA_00666,/root/autodl-tmp/helmet_yolo_v10/images/train/PartA_00666.jpg,.jpg,motion_blur,1,363686906,PartA_00666__A1C__motion_blur__s1.png
PartA_00667,/root/autodl-tmp/helmet_yolo_v10/images/train/PartA_00667.jpg,.jpg,pixelate,1,3185554152,PartA_00667__A1C__pixelate__s1.png
PartA_00669,/root/autodl-tmp/helmet_yolo_v10/images/train/PartA_00669.jpg,.jpg,snow,1,975587451,PartA_00669__A1C__snow__s1.png
PartA_00670,/root/autodl-tmp/helmet_yolo_v10/images/train/PartA_00670.jpg,.jpg,jpeg_compression,2,74889815,PartA_00670__A1C__jpeg_compression__s2.png
PartA_00671,/root/autodl-tmp/helmet_yolo_v10/images/train/PartA_00671.jpg,.jpg,pixelate,1,4220126,PartA_00671__A1C__pixelate__s1.png
PartA_00674,/root/autodl-tmp/helmet_yolo_v10/images/train/PartA_00674.jpg,.jpg,pixelate,2,728974311,PartA_00674__A1C__pixelate__s2.png
PartA_00676,/root/autodl-tmp/helmet_yolo_v10/images/train/PartA_00676.jpg,.jpg,zoom_blur,2,4033388071,PartA_00676__A1C__zoom_blur__s2.png
PartA_00677,/root/autodl-tmp/helmet_yolo_v10/images/train/PartA_00677.jpg,.jpg,snow,2,1261230239,PartA_00677__A1C__snow__s2.png
PartA_00678,/root/autodl-tmp/helmet_yolo_v10/images/train/PartA_00678.jpg,.jpg,snow,1,1837564111,PartA_00678__A1C__snow__s1.png
PartA_00679,/root/autodl-tmp/helmet_yolo_v10/images/train/PartA_00679.jpg,.jpg,glass_blur,2,3223061363,PartA_00679__A1C__glass_blur__s2.png
PartA_00681,/root/autodl-tmp/helmet_yolo_v10/images/train/PartA_00681.jpg,.jpg,defocus_blur,3,2897328618,PartA_00681__A1C__defocus_blur__s3.png
PartA_00682,/root/autodl-tmp/helmet_yolo_v10/images/train/PartA_00682.jpg,.jpg,zoom_blur,2,1328405507,PartA_00682__A1C__zoom_blur__s2.png
PartA_00683,/root/autodl-tmp/helmet_yolo_v10/images/train/PartA_00683.jpg,.jpg,frost,3,3270076593,PartA_00683__A1C__frost__s3.png
PartA_00685,/root/autodl-tmp/helmet_yolo_v10/images/train/PartA_00685.jpg,.jpg,frost,2,2597582972,PartA_00685__A1C__frost__s2.png
PartA_00686,/root/autodl-tmp/helmet_yolo_v10/images/train/PartA_00686.jpg,.jpg,shot_noise,3,402765258,PartA_00686__A1C__shot_noise__s3.png
PartA_00688,/root/autodl-tmp/helmet_yolo_v10/images/train/PartA_00688.jpg,.jpg,snow,1,4254182747,PartA_00688__A1C__snow__s1.png
PartA_00689,/root/autodl-tmp/helmet_yolo_v10/images/train/PartA_00689.jpg,.jpg,frost,3,1548990563,PartA_00689__A1C__frost__s3.png
PartA_00690,/root/autodl-tmp/helmet_yolo_v10/images/train/PartA_00690.jpg,.jpg,defocus_blur,3,110601595,PartA_00690__A1C__defocus_blur__s3.png
PartA_00692,/root/autodl-tmp/helmet_yolo_v10/images/train/PartA_00692.jpg,.jpg,fog,1,24668907,PartA_00692__A1C__fog__s1.png
PartA_00693,/root/autodl-tmp/helmet_yolo_v10/images/train/PartA_00693.jpg,.jpg,zoom_blur,2,828058763,PartA_00693__A1C__zoom_blur__s2.png
PartA_00694,/root/autodl-tmp/helmet_yolo_v10/images/train/PartA_00694.jpg,.jpg,contrast,2,3957461818,PartA_00694__A1C__contrast__s2.png
PartA_00695,/root/autodl-tmp/helmet_yolo_v10/images/train/PartA_00695.jpg,.jpg,frost,3,504271011,PartA_00695__A1C__frost__s3.png
PartA_00696,/root/autodl-tmp/helmet_yolo_v10/images/train/PartA_00696.jpg,.jpg,impulse_noise,3,1351490599,PartA_00696__A1C__impulse_noise__s3.png
PartA_00697,/root/autodl-tmp/helmet_yolo_v10/images/train/PartA_00697.jpg,.jpg,zoom_blur,2,619788449,PartA_00697__A1C__zoom_blur__s2.png
PartA_00698,/root/autodl-tmp/helmet_yolo_v10/images/train/PartA_00698.jpg,.jpg,motion_blur,1,1752088962,PartA_00698__A1C__motion_blur__s1.png
PartA_00699,/root/autodl-tmp/helmet_yolo_v10/images/train/PartA_00699.jpg,.jpg,contrast,3,2673003569,PartA_00699__A1C__contrast__s3.png
PartA_00704,/root/autodl-tmp/helmet_yolo_v10/images/train/PartA_00704.jpg,.jpg,brightness,3,2854224793,PartA_00704__A1C__brightness__s3.png
PartA_00705,/root/autodl-tmp/helmet_yolo_v10/images/train/PartA_00705.jpg,.jpg,contrast,3,1995152746,PartA_00705__A1C__contrast__s3.png
PartA_00707,/root/autodl-tmp/helmet_yolo_v10/images/train/PartA_00707.jpg,.jpg,frost,2,3327436011,PartA_00707__A1C__frost__s2.png
PartA_00710,/root/autodl-tmp/helmet_yolo_v10/images/train/PartA_00710.jpg,.jpg,contrast,3,1129415593,PartA_00710__A1C__contrast__s3.png
PartA_00711,/root/autodl-tmp/helmet_yolo_v10/images/train/PartA_00711.jpg,.jpg,glass_blur,1,1393587188,PartA_00711__A1C__glass_blur__s1.png
PartA_00713,/root/autodl-tmp/helmet_yolo_v10/images/train/PartA_00713.jpg,.jpg,impulse_noise,2,3176564789,PartA_00713__A1C__impulse_noise__s2.png
PartA_00714,/root/autodl-tmp/helmet_yolo_v10/images/train/PartA_00714.jpg,.jpg,fog,3,4060976550,PartA_00714__A1C__fog__s3.png
PartA_00715,/root/autodl-tmp/helmet_yolo_v10/images/train/PartA_00715.jpg,.jpg,zoom_blur,1,2318782505,PartA_00715__A1C__zoom_blur__s1.png
PartA_00717,/root/autodl-tmp/helmet_yolo_v10/images/train/PartA_00717.jpg,.jpg,pixelate,3,687455088,PartA_00717__A1C__pixelate__s3.png
PartA_00718,/root/autodl-tmp/helmet_yolo_v10/images/train/PartA_00718.jpg,.jpg,fog,3,2008792248,PartA_00718__A1C__fog__s3.png
PartA_00719,/root/autodl-tmp/helmet_yolo_v10/images/train/PartA_00719.jpg,.jpg,impulse_noise,2,4077707013,PartA_00719__A1C__impulse_noise__s2.png
PartA_00722,/root/autodl-tmp/helmet_yolo_v10/images/train/PartA_00722.jpg,.jpg,frost,3,2897561993,PartA_00722__A1C__frost__s3.png
PartA_00723,/root/autodl-tmp/helmet_yolo_v10/images/train/PartA_00723.jpg,.jpg,defocus_blur,1,1352152722,PartA_00723__A1C__defocus_blur__s1.png
PartA_00724,/root/autodl-tmp/helmet_yolo_v10/images/train/PartA_00724.jpg,.jpg,fog,1,2614244039,PartA_00724__A1C__fog__s1.png
PartA_00725,/root/autodl-tmp/helmet_yolo_v10/images/train/PartA_00725.jpg,.jpg,motion_blur,3,1970073201,PartA_00725__A1C__motion_blur__s3.png
PartA_00726,/root/autodl-tmp/helmet_yolo_v10/images/train/PartA_00726.jpg,.jpg,shot_noise,1,3139327,PartA_00726__A1C__shot_noise__s1.png
PartA_00728,/root/autodl-tmp/helmet_yolo_v10/images/train/PartA_00728.jpg,.jpg,gaussian_noise,2,3066789381,PartA_00728__A1C__gaussian_noise__s2.png
PartA_00730,/root/autodl-tmp/helmet_yolo_v10/images/train/PartA_00730.jpg,.jpg,shot_noise,1,2452295209,PartA_00730__A1C__shot_noise__s1.png
PartA_00732,/root/autodl-tmp/helmet_yolo_v10/images/train/PartA_00732.jpg,.jpg,defocus_blur,3,3816696895,PartA_00732__A1C__defocus_blur__s3.png
PartA_00734,/root/autodl-tmp/helmet_yolo_v10/images/train/PartA_00734.jpg,.jpg,contrast,3,3472218080,PartA_00734__A1C__contrast__s3.png
PartA_00735,/root/autodl-tmp/helmet_yolo_v10/images/train/PartA_00735.jpg,.jpg,snow,1,1006918409,PartA_00735__A1C__snow__s1.png
PartA_00736,/root/autodl-tmp/helmet_yolo_v10/images/train/PartA_00736.jpg,.jpg,motion_blur,3,2357051328,PartA_00736__A1C__motion_blur__s3.png
PartA_00737,/root/autodl-tmp/helmet_yolo_v10/images/train/PartA_00737.jpg,.jpg,gaussian_noise,2,3265874695,PartA_00737__A1C__gaussian_noise__s2.png
PartA_00738,/root/autodl-tmp/helmet_yolo_v10/images/train/PartA_00738.jpg,.jpg,contrast,3,680911849,PartA_00738__A1C__contrast__s3.png
PartA_00739,/root/autodl-tmp/helmet_yolo_v10/images/train/PartA_00739.jpg,.jpg,contrast,2,1572125628,PartA_00739__A1C__contrast__s2.png
PartA_00740,/root/autodl-tmp/helmet_yolo_v10/images/train/PartA_00740.jpg,.jpg,jpeg_compression,3,4261209233,PartA_00740__A1C__jpeg_compression__s3.png
PartA_00741,/root/autodl-tmp/helmet_yolo_v10/images/train/PartA_00741.jpg,.jpg,fog,3,1960126168,PartA_00741__A1C__fog__s3.png
PartA_00742,/root/autodl-tmp/helmet_yolo_v10/images/train/PartA_00742.jpg,.jpg,gaussian_noise,2,858878031,PartA_00742__A1C__gaussian_noise__s2.png
PartA_00743,/root/autodl-tmp/helmet_yolo_v10/images/train/PartA_00743.jpg,.jpg,glass_blur,1,1500620849,PartA_00743__A1C__glass_blur__s1.png
PartA_00744,/root/autodl-tmp/helmet_yolo_v10/images/train/PartA_00744.jpg,.jpg,jpeg_compression,2,2100569703,PartA_00744__A1C__jpeg_compression__s2.png
PartA_00745,/root/autodl-tmp/helmet_yolo_v10/images/train/PartA_00745.jpg,.jpg,contrast,1,837180723,PartA_00745__A1C__contrast__s1.png
PartA_00747,/root/autodl-tmp/helmet_yolo_v10/images/train/PartA_00747.jpg,.jpg,defocus_blur,1,3405254287,PartA_00747__A1C__defocus_blur__s1.png
PartA_00748,/root/autodl-tmp/helmet_yolo_v10/images/train/PartA_00748.jpg,.jpg,snow,1,205010620,PartA_00748__A1C__snow__s1.png
PartA_00751,/root/autodl-tmp/helmet_yolo_v10/images/train/PartA_00751.jpg,.jpg,contrast,1,3250781836,PartA_00751__A1C__contrast__s1.png
PartA_00752,/root/autodl-tmp/helmet_yolo_v10/images/train/PartA_00752.jpg,.jpg,contrast,3,2342513203,PartA_00752__A1C__contrast__s3.png
PartA_00753,/root/autodl-tmp/helmet_yolo_v10/images/train/PartA_00753.jpg,.jpg,defocus_blur,2,2457294445,PartA_00753__A1C__defocus_blur__s2.png
PartA_00754,/root/autodl-tmp/helmet_yolo_v10/images/train/PartA_00754.jpg,.jpg,fog,1,529206876,PartA_00754__A1C__fog__s1.png
PartA_00756,/root/autodl-tmp/helmet_yolo_v10/images/train/PartA_00756.jpg,.jpg,frost,3,458979290,PartA_00756__A1C__frost__s3.png
PartA_00757,/root/autodl-tmp/helmet_yolo_v10/images/train/PartA_00757.jpg,.jpg,defocus_blur,1,4166933639,PartA_00757__A1C__defocus_blur__s1.png
PartA_00759,/root/autodl-tmp/helmet_yolo_v10/images/train/PartA_00759.jpg,.jpg,defocus_blur,2,3530432216,PartA_00759__A1C__defocus_blur__s2.png
PartA_00763,/root/autodl-tmp/helmet_yolo_v10/images/train/PartA_00763.jpg,.jpg,contrast,3,1708497883,PartA_00763__A1C__contrast__s3.png
PartA_00764,/root/autodl-tmp/helmet_yolo_v10/images/train/PartA_00764.jpg,.jpg,zoom_blur,3,1412911887,PartA_00764__A1C__zoom_blur__s3.png
PartA_00765,/root/autodl-tmp/helmet_yolo_v10/images/train/PartA_00765.jpg,.jpg,gaussian_noise,1,4154260723,PartA_00765__A1C__gaussian_noise__s1.png
PartA_00766,/root/autodl-tmp/helmet_yolo_v10/images/train/PartA_00766.jpg,.jpg,defocus_blur,2,666816581,PartA_00766__A1C__defocus_blur__s2.png
PartA_00767,/root/autodl-tmp/helmet_yolo_v10/images/train/PartA_00767.jpg,.jpg,defocus_blur,2,1458003226,PartA_00767__A1C__defocus_blur__s2.png
PartA_00768,/root/autodl-tmp/helmet_yolo_v10/images/train/PartA_00768.jpg,.jpg,gaussian_noise,1,3712644840,PartA_00768__A1C__gaussian_noise__s1.png
PartA_00769,/root/autodl-tmp/helmet_yolo_v10/images/train/PartA_00769.jpg,.jpg,jpeg_compression,3,3186114237,PartA_00769__A1C__jpeg_compression__s3.png
PartA_00770,/root/autodl-tmp/helmet_yolo_v10/images/train/PartA_00770.jpg,.jpg,fog,3,1428130929,PartA_00770__A1C__fog__s3.png
PartA_00771,/root/autodl-tmp/helmet_yolo_v10/images/train/PartA_00771.jpg,.jpg,jpeg_compression,1,1074429719,PartA_00771__A1C__jpeg_compression__s1.png
PartA_00772,/root/autodl-tmp/helmet_yolo_v10/images/train/PartA_00772.jpg,.jpg,pixelate,3,3388101339,PartA_00772__A1C__pixelate__s3.png
PartA_00774,/root/autodl-tmp/helmet_yolo_v10/images/train/PartA_00774.jpg,.jpg,snow,2,2794172242,PartA_00774__A1C__snow__s2.png
PartA_00775,/root/autodl-tmp/helmet_yolo_v10/images/train/PartA_00775.jpg,.jpg,jpeg_compression,3,1354882112,PartA_00775__A1C__jpeg_compression__s3.png
PartA_00776,/root/autodl-tmp/helmet_yolo_v10/images/train/PartA_00776.jpg,.jpg,defocus_blur,2,755313098,PartA_00776__A1C__defocus_blur__s2.png
PartA_00778,/root/autodl-tmp/helmet_yolo_v10/images/train/PartA_00778.jpg,.jpg,fog,2,1359768531,PartA_00778__A1C__fog__s2.png
PartA_00779,/root/autodl-tmp/helmet_yolo_v10/images/train/PartA_00779.jpg,.jpg,shot_noise,2,3430473330,PartA_00779__A1C__shot_noise__s2.png
PartA_00780,/root/autodl-tmp/helmet_yolo_v10/images/train/PartA_00780.jpg,.jpg,frost,1,1099385516,PartA_00780__A1C__frost__s1.png
PartA_00782,/root/autodl-tmp/helmet_yolo_v10/images/train/PartA_00782.jpg,.jpg,gaussian_noise,3,9238431,PartA_00782__A1C__gaussian_noise__s3.png
PartA_00784,/root/autodl-tmp/helmet_yolo_v10/images/train/PartA_00784.jpg,.jpg,defocus_blur,2,4153861835,PartA_00784__A1C__defocus_blur__s2.png
PartA_00788,/root/autodl-tmp/helmet_yolo_v10/images/train/PartA_00788.jpg,.jpg,defocus_blur,2,21684029,PartA_00788__A1C__defocus_blur__s2.png
PartA_00789,/root/autodl-tmp/helmet_yolo_v10/images/train/PartA_00789.jpg,.jpg,brightness,3,199600033,PartA_00789__A1C__brightness__s3.png
PartA_00791,/root/autodl-tmp/helmet_yolo_v10/images/train/PartA_00791.jpg,.jpg,fog,3,2296513415,PartA_00791__A1C__fog__s3.png
PartA_00792,/root/autodl-tmp/helmet_yolo_v10/images/train/PartA_00792.jpg,.jpg,pixelate,3,4058902324,PartA_00792__A1C__pixelate__s3.png
PartA_00794,/root/autodl-tmp/helmet_yolo_v10/images/train/PartA_00794.jpg,.jpg,jpeg_compression,2,3926368471,PartA_00794__A1C__jpeg_compression__s2.png
PartA_00795,/root/autodl-tmp/helmet_yolo_v10/images/train/PartA_00795.jpg,.jpg,glass_blur,2,4236625908,PartA_00795__A1C__glass_blur__s2.png
PartA_00796,/root/autodl-tmp/helmet_yolo_v10/images/train/PartA_00796.jpg,.jpg,glass_blur,1,1076352145,PartA_00796__A1C__glass_blur__s1.png
PartA_00797,/root/autodl-tmp/helmet_yolo_v10/images/train/PartA_00797.jpg,.jpg,jpeg_compression,2,3676920827,PartA_00797__A1C__jpeg_compression__s2.png
PartA_00800,/root/autodl-tmp/helmet_yolo_v10/images/train/PartA_00800.jpg,.jpg,motion_blur,2,3007760797,PartA_00800__A1C__motion_blur__s2.png
PartA_00801,/root/autodl-tmp/helmet_yolo_v10/images/train/PartA_00801.jpg,.jpg,gaussian_noise,3,3894870756,PartA_00801__A1C__gaussian_noise__s3.png
PartA_00803,/root/autodl-tmp/helmet_yolo_v10/images/train/PartA_00803.jpg,.jpg,frost,2,1582857468,PartA_00803__A1C__frost__s2.png
PartA_00805,/root/autodl-tmp/helmet_yolo_v10/images/train/PartA_00805.jpg,.jpg,snow,3,1449670562,PartA_00805__A1C__snow__s3.png
PartA_00806,/root/autodl-tmp/helmet_yolo_v10/images/train/PartA_00806.jpg,.jpg,glass_blur,2,2462225147,PartA_00806__A1C__glass_blur__s2.png
PartA_00807,/root/autodl-tmp/helmet_yolo_v10/images/train/PartA_00807.jpg,.jpg,pixelate,3,2869015396,PartA_00807__A1C__pixelate__s3.png
PartA_00809,/root/autodl-tmp/helmet_yolo_v10/images/train/PartA_00809.jpg,.jpg,impulse_noise,2,636113763,PartA_00809__A1C__impulse_noise__s2.png
PartA_00810,/root/autodl-tmp/helmet_yolo_v10/images/train/PartA_00810.jpg,.jpg,impulse_noise,1,737632202,PartA_00810__A1C__impulse_noise__s1.png
PartA_00811,/root/autodl-tmp/helmet_yolo_v10/images/train/PartA_00811.jpg,.jpg,impulse_noise,1,4265714267,PartA_00811__A1C__impulse_noise__s1.png
PartA_00812,/root/autodl-tmp/helmet_yolo_v10/images/train/PartA_00812.jpg,.jpg,gaussian_noise,3,2784813535,PartA_00812__A1C__gaussian_noise__s3.png
PartA_00814,/root/autodl-tmp/helmet_yolo_v10/images/train/PartA_00814.jpg,.jpg,shot_noise,1,3264737061,PartA_00814__A1C__shot_noise__s1.png
PartA_00815,/root/autodl-tmp/helmet_yolo_v10/images/train/PartA_00815.jpg,.jpg,motion_blur,1,3401459717,PartA_00815__A1C__motion_blur__s1.png
PartA_00817,/root/autodl-tmp/helmet_yolo_v10/images/train/PartA_00817.jpg,.jpg,shot_noise,1,1942810608,PartA_00817__A1C__shot_noise__s1.png
PartA_00819,/root/autodl-tmp/helmet_yolo_v10/images/train/PartA_00819.jpg,.jpg,pixelate,1,560984438,PartA_00819__A1C__pixelate__s1.png
PartA_00820,/root/autodl-tmp/helmet_yolo_v10/images/train/PartA_00820.jpg,.jpg,gaussian_noise,3,873376400,PartA_00820__A1C__gaussian_noise__s3.png
PartA_00821,/root/autodl-tmp/helmet_yolo_v10/images/train/PartA_00821.jpg,.jpg,contrast,3,157085467,PartA_00821__A1C__contrast__s3.png
PartA_00822,/root/autodl-tmp/helmet_yolo_v10/images/train/PartA_00822.jpg,.jpg,brightness,1,67816540,PartA_00822__A1C__brightness__s1.png
PartA_00823,/root/autodl-tmp/helmet_yolo_v10/images/train/PartA_00823.jpg,.jpg,jpeg_compression,1,3379609619,PartA_00823__A1C__jpeg_compression__s1.png
PartA_00824,/root/autodl-tmp/helmet_yolo_v10/images/train/PartA_00824.jpg,.jpg,defocus_blur,1,884790387,PartA_00824__A1C__defocus_blur__s1.png
PartA_00825,/root/autodl-tmp/helmet_yolo_v10/images/train/PartA_00825.jpg,.jpg,brightness,1,4228513635,PartA_00825__A1C__brightness__s1.png
PartA_00826,/root/autodl-tmp/helmet_yolo_v10/images/train/PartA_00826.jpg,.jpg,shot_noise,1,833594243,PartA_00826__A1C__shot_noise__s1.png
PartA_00827,/root/autodl-tmp/helmet_yolo_v10/images/train/PartA_00827.jpg,.jpg,jpeg_compression,3,326316230,PartA_00827__A1C__jpeg_compression__s3.png
PartA_00828,/root/autodl-tmp/helmet_yolo_v10/images/train/PartA_00828.jpg,.jpg,frost,2,1957551848,PartA_00828__A1C__frost__s2.png
PartA_00830,/root/autodl-tmp/helmet_yolo_v10/images/train/PartA_00830.jpg,.jpg,fog,1,4229481758,PartA_00830__A1C__fog__s1.png
PartA_00832,/root/autodl-tmp/helmet_yolo_v10/images/train/PartA_00832.jpg,.jpg,jpeg_compression,1,139503451,PartA_00832__A1C__jpeg_compression__s1.png
PartA_00833,/root/autodl-tmp/helmet_yolo_v10/images/train/PartA_00833.jpg,.jpg,shot_noise,1,1537432282,PartA_00833__A1C__shot_noise__s1.png
PartA_00834,/root/autodl-tmp/helmet_yolo_v10/images/train/PartA_00834.jpg,.jpg,pixelate,3,1765305707,PartA_00834__A1C__pixelate__s3.png
PartA_00835,/root/autodl-tmp/helmet_yolo_v10/images/train/PartA_00835.jpg,.jpg,jpeg_compression,1,1315331951,PartA_00835__A1C__jpeg_compression__s1.png
PartA_00836,/root/autodl-tmp/helmet_yolo_v10/images/train/PartA_00836.jpg,.jpg,zoom_blur,1,2512514258,PartA_00836__A1C__zoom_blur__s1.png
PartA_00838,/root/autodl-tmp/helmet_yolo_v10/images/train/PartA_00838.jpg,.jpg,fog,2,1716283348,PartA_00838__A1C__fog__s2.png
PartA_00839,/root/autodl-tmp/helmet_yolo_v10/images/train/PartA_00839.jpg,.jpg,contrast,2,1167697076,PartA_00839__A1C__contrast__s2.png
PartA_00840,/root/autodl-tmp/helmet_yolo_v10/images/train/PartA_00840.jpg,.jpg,brightness,1,2447651542,PartA_00840__A1C__brightness__s1.png
PartA_00841,/root/autodl-tmp/helmet_yolo_v10/images/train/PartA_00841.jpg,.jpg,pixelate,3,2109843591,PartA_00841__A1C__pixelate__s3.png
PartA_00842,/root/autodl-tmp/helmet_yolo_v10/images/train/PartA_00842.jpg,.jpg,fog,2,553684085,PartA_00842__A1C__fog__s2.png
PartA_00843,/root/autodl-tmp/helmet_yolo_v10/images/train/PartA_00843.jpg,.jpg,brightness,1,642714036,PartA_00843__A1C__brightness__s1.png
PartA_00845,/root/autodl-tmp/helmet_yolo_v10/images/train/PartA_00845.jpg,.jpg,contrast,2,1437234329,PartA_00845__A1C__contrast__s2.png
PartA_00848,/root/autodl-tmp/helmet_yolo_v10/images/train/PartA_00848.jpg,.jpg,pixelate,1,1535840101,PartA_00848__A1C__pixelate__s1.png
PartA_00849,/root/autodl-tmp/helmet_yolo_v10/images/train/PartA_00849.jpg,.jpg,snow,2,4035012751,PartA_00849__A1C__snow__s2.png
PartA_00850,/root/autodl-tmp/helmet_yolo_v10/images/train/PartA_00850.jpg,.jpg,zoom_blur,1,597603379,PartA_00850__A1C__zoom_blur__s1.png
PartA_00853,/root/autodl-tmp/helmet_yolo_v10/images/train/PartA_00853.jpg,.jpg,gaussian_noise,3,3714156663,PartA_00853__A1C__gaussian_noise__s3.png
PartA_00856,/root/autodl-tmp/helmet_yolo_v10/images/train/PartA_00856.jpg,.jpg,gaussian_noise,2,2275384599,PartA_00856__A1C__gaussian_noise__s2.png
PartA_00858,/root/autodl-tmp/helmet_yolo_v10/images/train/PartA_00858.jpg,.jpg,frost,2,1939331398,PartA_00858__A1C__frost__s2.png
PartA_00860,/root/autodl-tmp/helmet_yolo_v10/images/train/PartA_00860.jpg,.jpg,frost,3,2151005915,PartA_00860__A1C__frost__s3.png
PartA_00861,/root/autodl-tmp/helmet_yolo_v10/images/train/PartA_00861.jpg,.jpg,gaussian_noise,2,831744311,PartA_00861__A1C__gaussian_noise__s2.png
PartA_00862,/root/autodl-tmp/helmet_yolo_v10/images/train/PartA_00862.jpg,.jpg,glass_blur,2,4128976207,PartA_00862__A1C__glass_blur__s2.png
PartA_00864,/root/autodl-tmp/helmet_yolo_v10/images/train/PartA_00864.jpg,.jpg,glass_blur,2,203379467,PartA_00864__A1C__glass_blur__s2.png
PartA_00866,/root/autodl-tmp/helmet_yolo_v10/images/train/PartA_00866.jpg,.jpg,fog,2,1769139707,PartA_00866__A1C__fog__s2.png
PartA_00867,/root/autodl-tmp/helmet_yolo_v10/images/train/PartA_00867.jpg,.jpg,gaussian_noise,3,3133329984,PartA_00867__A1C__gaussian_noise__s3.png
PartA_00868,/root/autodl-tmp/helmet_yolo_v10/images/train/PartA_00868.jpg,.jpg,defocus_blur,3,3960784117,PartA_00868__A1C__defocus_blur__s3.png
PartA_00870,/root/autodl-tmp/helmet_yolo_v10/images/train/PartA_00870.jpg,.jpg,impulse_noise,3,2240409650,PartA_00870__A1C__impulse_noise__s3.png
PartA_00871,/root/autodl-tmp/helmet_yolo_v10/images/train/PartA_00871.jpg,.jpg,glass_blur,1,4089507383,PartA_00871__A1C__glass_blur__s1.png
PartA_00873,/root/autodl-tmp/helmet_yolo_v10/images/train/PartA_00873.jpg,.jpg,brightness,1,361394263,PartA_00873__A1C__brightness__s1.png
PartA_00874,/root/autodl-tmp/helmet_yolo_v10/images/train/PartA_00874.jpg,.jpg,glass_blur,1,310988437,PartA_00874__A1C__glass_blur__s1.png
PartA_00875,/root/autodl-tmp/helmet_yolo_v10/images/train/PartA_00875.jpg,.jpg,frost,3,1968354805,PartA_00875__A1C__frost__s3.png
PartA_00876,/root/autodl-tmp/helmet_yolo_v10/images/train/PartA_00876.jpg,.jpg,snow,3,1106527671,PartA_00876__A1C__snow__s3.png
PartA_00878,/root/autodl-tmp/helmet_yolo_v10/images/train/PartA_00878.jpg,.jpg,impulse_noise,1,622965359,PartA_00878__A1C__impulse_noise__s1.png
PartA_00879,/root/autodl-tmp/helmet_yolo_v10/images/train/PartA_00879.jpg,.jpg,pixelate,1,145106418,PartA_00879__A1C__pixelate__s1.png
PartA_00882,/root/autodl-tmp/helmet_yolo_v10/images/train/PartA_00882.jpg,.jpg,frost,2,3796839893,PartA_00882__A1C__frost__s2.png
PartA_00883,/root/autodl-tmp/helmet_yolo_v10/images/train/PartA_00883.jpg,.jpg,motion_blur,1,3154837087,PartA_00883__A1C__motion_blur__s1.png
PartA_00884,/root/autodl-tmp/helmet_yolo_v10/images/train/PartA_00884.jpg,.jpg,contrast,2,3740910575,PartA_00884__A1C__contrast__s2.png
PartA_00885,/root/autodl-tmp/helmet_yolo_v10/images/train/PartA_00885.jpg,.jpg,frost,3,2377537047,PartA_00885__A1C__frost__s3.png
PartA_00887,/root/autodl-tmp/helmet_yolo_v10/images/train/PartA_00887.jpg,.jpg,motion_blur,2,3954820194,PartA_00887__A1C__motion_blur__s2.png
PartA_00889,/root/autodl-tmp/helmet_yolo_v10/images/train/PartA_00889.jpg,.jpg,gaussian_noise,3,53646181,PartA_00889__A1C__gaussian_noise__s3.png
PartA_00890,/root/autodl-tmp/helmet_yolo_v10/images/train/PartA_00890.jpg,.jpg,glass_blur,2,370814835,PartA_00890__A1C__glass_blur__s2.png
PartA_00891,/root/autodl-tmp/helmet_yolo_v10/images/train/PartA_00891.jpg,.jpg,glass_blur,2,2850757623,PartA_00891__A1C__glass_blur__s2.png
PartA_00892,/root/autodl-tmp/helmet_yolo_v10/images/train/PartA_00892.jpg,.jpg,brightness,1,4043562688,PartA_00892__A1C__brightness__s1.png
PartA_00893,/root/autodl-tmp/helmet_yolo_v10/images/train/PartA_00893.jpg,.jpg,brightness,3,3634837054,PartA_00893__A1C__brightness__s3.png
PartA_00894,/root/autodl-tmp/helmet_yolo_v10/images/train/PartA_00894.jpg,.jpg,glass_blur,1,1727443936,PartA_00894__A1C__glass_blur__s1.png
PartA_00895,/root/autodl-tmp/helmet_yolo_v10/images/train/PartA_00895.jpg,.jpg,gaussian_noise,2,2782137936,PartA_00895__A1C__gaussian_noise__s2.png
PartA_00896,/root/autodl-tmp/helmet_yolo_v10/images/train/PartA_00896.jpg,.jpg,frost,1,755776825,PartA_00896__A1C__frost__s1.png
PartA_00897,/root/autodl-tmp/helmet_yolo_v10/images/train/PartA_00897.jpg,.jpg,impulse_noise,3,4083092573,PartA_00897__A1C__impulse_noise__s3.png
PartA_00898,/root/autodl-tmp/helmet_yolo_v10/images/train/PartA_00898.jpg,.jpg,brightness,3,3096905873,PartA_00898__A1C__brightness__s3.png
PartA_00899,/root/autodl-tmp/helmet_yolo_v10/images/train/PartA_00899.jpg,.jpg,gaussian_noise,3,2950437468,PartA_00899__A1C__gaussian_noise__s3.png
PartA_00900,/root/autodl-tmp/helmet_yolo_v10/images/train/PartA_00900.jpg,.jpg,defocus_blur,2,2442535138,PartA_00900__A1C__defocus_blur__s2.png
PartA_00902,/root/autodl-tmp/helmet_yolo_v10/images/train/PartA_00902.jpg,.jpg,fog,1,2767775662,PartA_00902__A1C__fog__s1.png
PartA_00905,/root/autodl-tmp/helmet_yolo_v10/images/train/PartA_00905.jpg,.jpg,frost,2,691641989,PartA_00905__A1C__frost__s2.png
PartA_00906,/root/autodl-tmp/helmet_yolo_v10/images/train/PartA_00906.jpg,.jpg,shot_noise,2,431067622,PartA_00906__A1C__shot_noise__s2.png
PartA_00908,/root/autodl-tmp/helmet_yolo_v10/images/train/PartA_00908.jpg,.jpg,motion_blur,2,1486727015,PartA_00908__A1C__motion_blur__s2.png
PartA_00909,/root/autodl-tmp/helmet_yolo_v10/images/train/PartA_00909.jpg,.jpg,pixelate,1,618565177,PartA_00909__A1C__pixelate__s1.png
PartA_00910,/root/autodl-tmp/helmet_yolo_v10/images/train/PartA_00910.jpg,.jpg,pixelate,3,700105295,PartA_00910__A1C__pixelate__s3.png
PartA_00911,/root/autodl-tmp/helmet_yolo_v10/images/train/PartA_00911.jpg,.jpg,brightness,2,3312242410,PartA_00911__A1C__brightness__s2.png
PartA_00912,/root/autodl-tmp/helmet_yolo_v10/images/train/PartA_00912.jpg,.jpg,shot_noise,3,1318634811,PartA_00912__A1C__shot_noise__s3.png
PartA_00913,/root/autodl-tmp/helmet_yolo_v10/images/train/PartA_00913.jpg,.jpg,defocus_blur,1,3665020715,PartA_00913__A1C__defocus_blur__s1.png
PartA_00916,/root/autodl-tmp/helmet_yolo_v10/images/train/PartA_00916.jpg,.jpg,snow,3,416382268,PartA_00916__A1C__snow__s3.png
PartA_00917,/root/autodl-tmp/helmet_yolo_v10/images/train/PartA_00917.jpg,.jpg,frost,2,2912536696,PartA_00917__A1C__frost__s2.png
PartA_00918,/root/autodl-tmp/helmet_yolo_v10/images/train/PartA_00918.jpg,.jpg,shot_noise,3,176375809,PartA_00918__A1C__shot_noise__s3.png
PartA_00920,/root/autodl-tmp/helmet_yolo_v10/images/train/PartA_00920.jpg,.jpg,fog,3,1090661029,PartA_00920__A1C__fog__s3.png
PartA_00921,/root/autodl-tmp/helmet_yolo_v10/images/train/PartA_00921.jpg,.jpg,jpeg_compression,1,902880717,PartA_00921__A1C__jpeg_compression__s1.png
PartA_00926,/root/autodl-tmp/helmet_yolo_v10/images/train/PartA_00926.jpg,.jpg,snow,2,1169137287,PartA_00926__A1C__snow__s2.png
PartA_00928,/root/autodl-tmp/helmet_yolo_v10/images/train/PartA_00928.jpg,.jpg,shot_noise,2,4001749791,PartA_00928__A1C__shot_noise__s2.png
PartA_00930,/root/autodl-tmp/helmet_yolo_v10/images/train/PartA_00930.jpg,.jpg,frost,2,3258423601,PartA_00930__A1C__frost__s2.png
PartA_00931,/root/autodl-tmp/helmet_yolo_v10/images/train/PartA_00931.jpg,.jpg,defocus_blur,1,1929188894,PartA_00931__A1C__defocus_blur__s1.png
PartA_00932,/root/autodl-tmp/helmet_yolo_v10/images/train/PartA_00932.jpg,.jpg,frost,2,3502572337,PartA_00932__A1C__frost__s2.png
PartA_00933,/root/autodl-tmp/helmet_yolo_v10/images/train/PartA_00933.jpg,.jpg,impulse_noise,2,3598452683,PartA_00933__A1C__impulse_noise__s2.png
PartA_00934,/root/autodl-tmp/helmet_yolo_v10/images/train/PartA_00934.jpg,.jpg,motion_blur,2,1550781067,PartA_00934__A1C__motion_blur__s2.png
PartA_00935,/root/autodl-tmp/helmet_yolo_v10/images/train/PartA_00935.jpg,.jpg,frost,1,1376415209,PartA_00935__A1C__frost__s1.png
PartA_00937,/root/autodl-tmp/helmet_yolo_v10/images/train/PartA_00937.jpg,.jpg,glass_blur,2,1996725940,PartA_00937__A1C__glass_blur__s2.png
PartA_00938,/root/autodl-tmp/helmet_yolo_v10/images/train/PartA_00938.jpg,.jpg,glass_blur,2,402715588,PartA_00938__A1C__glass_blur__s2.png
PartA_00939,/root/autodl-tmp/helmet_yolo_v10/images/train/PartA_00939.jpg,.jpg,frost,1,899372739,PartA_00939__A1C__frost__s1.png
PartA_00940,/root/autodl-tmp/helmet_yolo_v10/images/train/PartA_00940.jpg,.jpg,glass_blur,2,3543727091,PartA_00940__A1C__glass_blur__s2.png
PartA_00943,/root/autodl-tmp/helmet_yolo_v10/images/train/PartA_00943.jpg,.jpg,motion_blur,1,1460168715,PartA_00943__A1C__motion_blur__s1.png
PartA_00947,/root/autodl-tmp/helmet_yolo_v10/images/train/PartA_00947.jpg,.jpg,snow,3,3898146237,PartA_00947__A1C__snow__s3.png
PartA_00948,/root/autodl-tmp/helmet_yolo_v10/images/train/PartA_00948.jpg,.jpg,brightness,1,3967801232,PartA_00948__A1C__brightness__s1.png
PartA_00949,/root/autodl-tmp/helmet_yolo_v10/images/train/PartA_00949.jpg,.jpg,snow,1,2537403239,PartA_00949__A1C__snow__s1.png
PartA_00950,/root/autodl-tmp/helmet_yolo_v10/images/train/PartA_00950.jpg,.jpg,frost,3,1233077805,PartA_00950__A1C__frost__s3.png
PartA_00952,/root/autodl-tmp/helmet_yolo_v10/images/train/PartA_00952.jpg,.jpg,fog,3,1508848122,PartA_00952__A1C__fog__s3.png
PartA_00953,/root/autodl-tmp/helmet_yolo_v10/images/train/PartA_00953.jpg,.jpg,brightness,1,2203875350,PartA_00953__A1C__brightness__s1.png
PartA_00954,/root/autodl-tmp/helmet_yolo_v10/images/train/PartA_00954.jpg,.jpg,glass_blur,2,1960950388,PartA_00954__A1C__glass_blur__s2.png
PartA_00955,/root/autodl-tmp/helmet_yolo_v10/images/train/PartA_00955.jpg,.jpg,motion_blur,3,3300279963,PartA_00955__A1C__motion_blur__s3.png
PartA_00956,/root/autodl-tmp/helmet_yolo_v10/images/train/PartA_00956.jpg,.jpg,frost,3,130661661,PartA_00956__A1C__frost__s3.png
PartA_00957,/root/autodl-tmp/helmet_yolo_v10/images/train/PartA_00957.jpg,.jpg,glass_blur,3,1048292842,PartA_00957__A1C__glass_blur__s3.png
PartA_00959,/root/autodl-tmp/helmet_yolo_v10/images/train/PartA_00959.jpg,.jpg,shot_noise,1,3823710726,PartA_00959__A1C__shot_noise__s1.png
PartA_00960,/root/autodl-tmp/helmet_yolo_v10/images/train/PartA_00960.jpg,.jpg,gaussian_noise,3,283714789,PartA_00960__A1C__gaussian_noise__s3.png
PartA_00961,/root/autodl-tmp/helmet_yolo_v10/images/train/PartA_00961.jpg,.jpg,defocus_blur,3,2159464375,PartA_00961__A1C__defocus_blur__s3.png
PartA_00962,/root/autodl-tmp/helmet_yolo_v10/images/train/PartA_00962.jpg,.jpg,contrast,3,3209523915,PartA_00962__A1C__contrast__s3.png
PartA_00963,/root/autodl-tmp/helmet_yolo_v10/images/train/PartA_00963.jpg,.jpg,fog,1,4104411401,PartA_00963__A1C__fog__s1.png
PartA_00964,/root/autodl-tmp/helmet_yolo_v10/images/train/PartA_00964.jpg,.jpg,fog,2,1869927404,PartA_00964__A1C__fog__s2.png
PartA_00965,/root/autodl-tmp/helmet_yolo_v10/images/train/PartA_00965.jpg,.jpg,jpeg_compression,2,937039806,PartA_00965__A1C__jpeg_compression__s2.png
PartA_00966,/root/autodl-tmp/helmet_yolo_v10/images/train/PartA_00966.jpg,.jpg,shot_noise,2,85836834,PartA_00966__A1C__shot_noise__s2.png
PartA_00967,/root/autodl-tmp/helmet_yolo_v10/images/train/PartA_00967.jpg,.jpg,brightness,3,2627554091,PartA_00967__A1C__brightness__s3.png
PartA_00968,/root/autodl-tmp/helmet_yolo_v10/images/train/PartA_00968.jpg,.jpg,glass_blur,3,1469578027,PartA_00968__A1C__glass_blur__s3.png
PartA_00969,/root/autodl-tmp/helmet_yolo_v10/images/train/PartA_00969.jpg,.jpg,jpeg_compression,1,1177307738,PartA_00969__A1C__jpeg_compression__s1.png
PartA_00970,/root/autodl-tmp/helmet_yolo_v10/images/train/PartA_00970.jpg,.jpg,fog,2,1185744047,PartA_00970__A1C__fog__s2.png
PartA_00972,/root/autodl-tmp/helmet_yolo_v10/images/train/PartA_00972.jpg,.jpg,glass_blur,2,1374833502,PartA_00972__A1C__glass_blur__s2.png
PartA_00974,/root/autodl-tmp/helmet_yolo_v10/images/train/PartA_00974.jpg,.jpg,glass_blur,2,3190848572,PartA_00974__A1C__glass_blur__s2.png
PartA_00975,/root/autodl-tmp/helmet_yolo_v10/images/train/PartA_00975.jpg,.jpg,contrast,2,1241166250,PartA_00975__A1C__contrast__s2.png
PartA_00976,/root/autodl-tmp/helmet_yolo_v10/images/train/PartA_00976.jpg,.jpg,contrast,2,1869428269,PartA_00976__A1C__contrast__s2.png
PartA_00978,/root/autodl-tmp/helmet_yolo_v10/images/train/PartA_00978.jpg,.jpg,contrast,2,3181732261,PartA_00978__A1C__contrast__s2.png
PartA_00979,/root/autodl-tmp/helmet_yolo_v10/images/train/PartA_00979.jpg,.jpg,pixelate,2,3039761122,PartA_00979__A1C__pixelate__s2.png
PartA_00980,/root/autodl-tmp/helmet_yolo_v10/images/train/PartA_00980.jpg,.jpg,defocus_blur,3,977543465,PartA_00980__A1C__defocus_blur__s3.png
PartA_00981,/root/autodl-tmp/helmet_yolo_v10/images/train/PartA_00981.jpg,.jpg,impulse_noise,2,834530646,PartA_00981__A1C__impulse_noise__s2.png
PartA_00983,/root/autodl-tmp/helmet_yolo_v10/images/train/PartA_00983.jpg,.jpg,fog,2,3180006396,PartA_00983__A1C__fog__s2.png
PartA_00984,/root/autodl-tmp/helmet_yolo_v10/images/train/PartA_00984.jpg,.jpg,pixelate,2,177665079,PartA_00984__A1C__pixelate__s2.png
PartA_00986,/root/autodl-tmp/helmet_yolo_v10/images/train/PartA_00986.jpg,.jpg,gaussian_noise,1,1994343199,PartA_00986__A1C__gaussian_noise__s1.png
PartA_00987,/root/autodl-tmp/helmet_yolo_v10/images/train/PartA_00987.jpg,.jpg,contrast,2,4009430593,PartA_00987__A1C__contrast__s2.png
PartA_00988,/root/autodl-tmp/helmet_yolo_v10/images/train/PartA_00988.jpg,.jpg,defocus_blur,1,2835459122,PartA_00988__A1C__defocus_blur__s1.png
PartA_00992,/root/autodl-tmp/helmet_yolo_v10/images/train/PartA_00992.jpg,.jpg,snow,1,4011129892,PartA_00992__A1C__snow__s1.png
PartA_00994,/root/autodl-tmp/helmet_yolo_v10/images/train/PartA_00994.jpg,.jpg,frost,3,3144326160,PartA_00994__A1C__frost__s3.png
PartA_00995,/root/autodl-tmp/helmet_yolo_v10/images/train/PartA_00995.jpg,.jpg,shot_noise,1,3538070866,PartA_00995__A1C__shot_noise__s1.png
PartA_00996,/root/autodl-tmp/helmet_yolo_v10/images/train/PartA_00996.jpg,.jpg,defocus_blur,2,1378714139,PartA_00996__A1C__defocus_blur__s2.png
PartA_00998,/root/autodl-tmp/helmet_yolo_v10/images/train/PartA_00998.jpg,.jpg,frost,1,3776086665,PartA_00998__A1C__frost__s1.png
PartA_00999,/root/autodl-tmp/helmet_yolo_v10/images/train/PartA_00999.jpg,.jpg,jpeg_compression,1,2779486651,PartA_00999__A1C__jpeg_compression__s1.png
PartA_01000,/root/autodl-tmp/helmet_yolo_v10/images/train/PartA_01000.jpg,.jpg,defocus_blur,1,1528605294,PartA_01000__A1C__defocus_blur__s1.png
PartA_01001,/root/autodl-tmp/helmet_yolo_v10/images/train/PartA_01001.jpg,.jpg,frost,1,3431438703,PartA_01001__A1C__frost__s1.png
PartA_01002,/root/autodl-tmp/helmet_yolo_v10/images/train/PartA_01002.jpg,.jpg,glass_blur,1,1921398722,PartA_01002__A1C__glass_blur__s1.png
PartA_01004,/root/autodl-tmp/helmet_yolo_v10/images/train/PartA_01004.jpg,.jpg,shot_noise,2,1034703227,PartA_01004__A1C__shot_noise__s2.png
PartA_01005,/root/autodl-tmp/helmet_yolo_v10/images/train/PartA_01005.jpg,.jpg,contrast,3,2762951909,PartA_01005__A1C__contrast__s3.png
PartA_01007,/root/autodl-tmp/helmet_yolo_v10/images/train/PartA_01007.jpg,.jpg,frost,1,3581242661,PartA_01007__A1C__frost__s1.png
PartA_01009,/root/autodl-tmp/helmet_yolo_v10/images/train/PartA_01009.jpg,.jpg,frost,3,3484566705,PartA_01009__A1C__frost__s3.png
PartA_01010,/root/autodl-tmp/helmet_yolo_v10/images/train/PartA_01010.jpg,.jpg,contrast,1,1251407403,PartA_01010__A1C__contrast__s1.png
PartA_01011,/root/autodl-tmp/helmet_yolo_v10/images/train/PartA_01011.jpg,.jpg,glass_blur,1,1059724913,PartA_01011__A1C__glass_blur__s1.png
PartA_01012,/root/autodl-tmp/helmet_yolo_v10/images/train/PartA_01012.jpg,.jpg,shot_noise,3,1211864446,PartA_01012__A1C__shot_noise__s3.png
PartA_01013,/root/autodl-tmp/helmet_yolo_v10/images/train/PartA_01013.jpg,.jpg,zoom_blur,3,3624171516,PartA_01013__A1C__zoom_blur__s3.png
PartA_01014,/root/autodl-tmp/helmet_yolo_v10/images/train/PartA_01014.jpg,.jpg,frost,1,464697585,PartA_01014__A1C__frost__s1.png
PartA_01015,/root/autodl-tmp/helmet_yolo_v10/images/train/PartA_01015.jpg,.jpg,fog,3,929731860,PartA_01015__A1C__fog__s3.png
PartA_01016,/root/autodl-tmp/helmet_yolo_v10/images/train/PartA_01016.jpg,.jpg,impulse_noise,3,574499327,PartA_01016__A1C__impulse_noise__s3.png
PartA_01017,/root/autodl-tmp/helmet_yolo_v10/images/train/PartA_01017.jpg,.jpg,snow,3,2276087790,PartA_01017__A1C__snow__s3.png
PartA_01022,/root/autodl-tmp/helmet_yolo_v10/images/train/PartA_01022.jpg,.jpg,pixelate,1,1415197513,PartA_01022__A1C__pixelate__s1.png
PartA_01023,/root/autodl-tmp/helmet_yolo_v10/images/train/PartA_01023.jpg,.jpg,motion_blur,1,2920320199,PartA_01023__A1C__motion_blur__s1.png
PartA_01025,/root/autodl-tmp/helmet_yolo_v10/images/train/PartA_01025.jpg,.jpg,shot_noise,1,3818686961,PartA_01025__A1C__shot_noise__s1.png
PartA_01026,/root/autodl-tmp/helmet_yolo_v10/images/train/PartA_01026.jpg,.jpg,shot_noise,3,3678987050,PartA_01026__A1C__shot_noise__s3.png
PartA_01027,/root/autodl-tmp/helmet_yolo_v10/images/train/PartA_01027.jpg,.jpg,impulse_noise,3,7262999,PartA_01027__A1C__impulse_noise__s3.png
PartA_01028,/root/autodl-tmp/helmet_yolo_v10/images/train/PartA_01028.jpg,.jpg,impulse_noise,3,1156321264,PartA_01028__A1C__impulse_noise__s3.png
PartA_01029,/root/autodl-tmp/helmet_yolo_v10/images/train/PartA_01029.jpg,.jpg,shot_noise,3,86150518,PartA_01029__A1C__shot_noise__s3.png
PartA_01032,/root/autodl-tmp/helmet_yolo_v10/images/train/PartA_01032.jpg,.jpg,impulse_noise,3,3799308154,PartA_01032__A1C__impulse_noise__s3.png
PartA_01033,/root/autodl-tmp/helmet_yolo_v10/images/train/PartA_01033.jpg,.jpg,jpeg_compression,1,3270548242,PartA_01033__A1C__jpeg_compression__s1.png
PartA_01034,/root/autodl-tmp/helmet_yolo_v10/images/train/PartA_01034.jpg,.jpg,contrast,3,2520502772,PartA_01034__A1C__contrast__s3.png
PartA_01035,/root/autodl-tmp/helmet_yolo_v10/images/train/PartA_01035.jpg,.jpg,gaussian_noise,2,842746496,PartA_01035__A1C__gaussian_noise__s2.png
PartA_01036,/root/autodl-tmp/helmet_yolo_v10/images/train/PartA_01036.jpg,.jpg,zoom_blur,3,4197210265,PartA_01036__A1C__zoom_blur__s3.png
PartA_01037,/root/autodl-tmp/helmet_yolo_v10/images/train/PartA_01037.jpg,.jpg,glass_blur,3,820464717,PartA_01037__A1C__glass_blur__s3.png
PartA_01039,/root/autodl-tmp/helmet_yolo_v10/images/train/PartA_01039.jpg,.jpg,brightness,1,2827578903,PartA_01039__A1C__brightness__s1.png
PartA_01040,/root/autodl-tmp/helmet_yolo_v10/images/train/PartA_01040.jpg,.jpg,defocus_blur,2,2048661423,PartA_01040__A1C__defocus_blur__s2.png
PartA_01041,/root/autodl-tmp/helmet_yolo_v10/images/train/PartA_01041.jpg,.jpg,zoom_blur,1,2176870326,PartA_01041__A1C__zoom_blur__s1.png
PartA_01043,/root/autodl-tmp/helmet_yolo_v10/images/train/PartA_01043.jpg,.jpg,snow,3,386509257,PartA_01043__A1C__snow__s3.png
PartA_01045,/root/autodl-tmp/helmet_yolo_v10/images/train/PartA_01045.jpg,.jpg,fog,3,3757252123,PartA_01045__A1C__fog__s3.png
PartA_01047,/root/autodl-tmp/helmet_yolo_v10/images/train/PartA_01047.jpg,.jpg,fog,3,2444134996,PartA_01047__A1C__fog__s3.png
PartA_01048,/root/autodl-tmp/helmet_yolo_v10/images/train/PartA_01048.jpg,.jpg,shot_noise,2,1262910689,PartA_01048__A1C__shot_noise__s2.png
PartA_01049,/root/autodl-tmp/helmet_yolo_v10/images/train/PartA_01049.jpg,.jpg,shot_noise,3,2204521510,PartA_01049__A1C__shot_noise__s3.png
PartA_01051,/root/autodl-tmp/helmet_yolo_v10/images/train/PartA_01051.jpg,.jpg,jpeg_compression,3,3055320473,PartA_01051__A1C__jpeg_compression__s3.png
PartA_01052,/root/autodl-tmp/helmet_yolo_v10/images/train/PartA_01052.jpg,.jpg,brightness,2,698818380,PartA_01052__A1C__brightness__s2.png
PartA_01053,/root/autodl-tmp/helmet_yolo_v10/images/train/PartA_01053.jpg,.jpg,pixelate,2,1103574676,PartA_01053__A1C__pixelate__s2.png
PartA_01054,/root/autodl-tmp/helmet_yolo_v10/images/train/PartA_01054.jpg,.jpg,jpeg_compression,1,1031766297,PartA_01054__A1C__jpeg_compression__s1.png
PartA_01055,/root/autodl-tmp/helmet_yolo_v10/images/train/PartA_01055.jpg,.jpg,zoom_blur,1,4195589189,PartA_01055__A1C__zoom_blur__s1.png
PartA_01057,/root/autodl-tmp/helmet_yolo_v10/images/train/PartA_01057.jpg,.jpg,gaussian_noise,2,2893183643,PartA_01057__A1C__gaussian_noise__s2.png
PartA_01058,/root/autodl-tmp/helmet_yolo_v10/images/train/PartA_01058.jpg,.jpg,frost,1,3828213443,PartA_01058__A1C__frost__s1.png
PartA_01059,/root/autodl-tmp/helmet_yolo_v10/images/train/PartA_01059.jpg,.jpg,glass_blur,3,1504316964,PartA_01059__A1C__glass_blur__s3.png
PartA_01061,/root/autodl-tmp/helmet_yolo_v10/images/train/PartA_01061.jpg,.jpg,snow,1,256286212,PartA_01061__A1C__snow__s1.png
PartA_01062,/root/autodl-tmp/helmet_yolo_v10/images/train/PartA_01062.jpg,.jpg,jpeg_compression,3,3736078290,PartA_01062__A1C__jpeg_compression__s3.png
PartA_01063,/root/autodl-tmp/helmet_yolo_v10/images/train/PartA_01063.jpg,.jpg,shot_noise,1,1773845963,PartA_01063__A1C__shot_noise__s1.png
PartA_01064,/root/autodl-tmp/helmet_yolo_v10/images/train/PartA_01064.jpg,.jpg,pixelate,3,1313183191,PartA_01064__A1C__pixelate__s3.png
PartA_01065,/root/autodl-tmp/helmet_yolo_v10/images/train/PartA_01065.jpg,.jpg,snow,2,3913049990,PartA_01065__A1C__snow__s2.png
PartA_01066,/root/autodl-tmp/helmet_yolo_v10/images/train/PartA_01066.jpg,.jpg,pixelate,1,3380668803,PartA_01066__A1C__pixelate__s1.png
PartA_01067,/root/autodl-tmp/helmet_yolo_v10/images/train/PartA_01067.jpg,.jpg,snow,2,2853003937,PartA_01067__A1C__snow__s2.png
PartA_01068,/root/autodl-tmp/helmet_yolo_v10/images/train/PartA_01068.jpg,.jpg,brightness,1,189192986,PartA_01068__A1C__brightness__s1.png
PartA_01069,/root/autodl-tmp/helmet_yolo_v10/images/train/PartA_01069.jpg,.jpg,zoom_blur,3,663427068,PartA_01069__A1C__zoom_blur__s3.png
PartA_01070,/root/autodl-tmp/helmet_yolo_v10/images/train/PartA_01070.jpg,.jpg,defocus_blur,1,2643750988,PartA_01070__A1C__defocus_blur__s1.png
PartA_01071,/root/autodl-tmp/helmet_yolo_v10/images/train/PartA_01071.jpg,.jpg,motion_blur,2,3240708673,PartA_01071__A1C__motion_blur__s2.png
PartA_01072,/root/autodl-tmp/helmet_yolo_v10/images/train/PartA_01072.jpg,.jpg,contrast,2,3443486476,PartA_01072__A1C__contrast__s2.png
PartA_01073,/root/autodl-tmp/helmet_yolo_v10/images/train/PartA_01073.jpg,.jpg,defocus_blur,2,4254135226,PartA_01073__A1C__defocus_blur__s2.png
PartA_01074,/root/autodl-tmp/helmet_yolo_v10/images/train/PartA_01074.jpg,.jpg,jpeg_compression,1,3576317840,PartA_01074__A1C__jpeg_compression__s1.png
PartA_01075,/root/autodl-tmp/helmet_yolo_v10/images/train/PartA_01075.jpg,.jpg,glass_blur,3,2406545465,PartA_01075__A1C__glass_blur__s3.png
PartA_01076,/root/autodl-tmp/helmet_yolo_v10/images/train/PartA_01076.jpg,.jpg,frost,1,4001183998,PartA_01076__A1C__frost__s1.png
PartA_01078,/root/autodl-tmp/helmet_yolo_v10/images/train/PartA_01078.jpg,.jpg,snow,3,1681179358,PartA_01078__A1C__snow__s3.png
PartA_01079,/root/autodl-tmp/helmet_yolo_v10/images/train/PartA_01079.jpg,.jpg,impulse_noise,1,1826909988,PartA_01079__A1C__impulse_noise__s1.png
PartA_01080,/root/autodl-tmp/helmet_yolo_v10/images/train/PartA_01080.jpg,.jpg,jpeg_compression,2,3968652132,PartA_01080__A1C__jpeg_compression__s2.png
PartA_01081,/root/autodl-tmp/helmet_yolo_v10/images/train/PartA_01081.jpg,.jpg,glass_blur,2,1845256346,PartA_01081__A1C__glass_blur__s2.png
PartA_01082,/root/autodl-tmp/helmet_yolo_v10/images/train/PartA_01082.jpg,.jpg,zoom_blur,1,1236838407,PartA_01082__A1C__zoom_blur__s1.png
PartA_01083,/root/autodl-tmp/helmet_yolo_v10/images/train/PartA_01083.jpg,.jpg,zoom_blur,3,511876109,PartA_01083__A1C__zoom_blur__s3.png
PartA_01084,/root/autodl-tmp/helmet_yolo_v10/images/train/PartA_01084.jpg,.jpg,brightness,1,126766412,PartA_01084__A1C__brightness__s1.png
PartA_01085,/root/autodl-tmp/helmet_yolo_v10/images/train/PartA_01085.jpg,.jpg,zoom_blur,1,42359083,PartA_01085__A1C__zoom_blur__s1.png
PartA_01086,/root/autodl-tmp/helmet_yolo_v10/images/train/PartA_01086.jpg,.jpg,jpeg_compression,1,1321454340,PartA_01086__A1C__jpeg_compression__s1.png
PartA_01091,/root/autodl-tmp/helmet_yolo_v10/images/train/PartA_01091.jpg,.jpg,glass_blur,1,4235921660,PartA_01091__A1C__glass_blur__s1.png
PartA_01092,/root/autodl-tmp/helmet_yolo_v10/images/train/PartA_01092.jpg,.jpg,gaussian_noise,3,1863445311,PartA_01092__A1C__gaussian_noise__s3.png
PartA_01093,/root/autodl-tmp/helmet_yolo_v10/images/train/PartA_01093.jpg,.jpg,motion_blur,3,3662184833,PartA_01093__A1C__motion_blur__s3.png
PartA_01094,/root/autodl-tmp/helmet_yolo_v10/images/train/PartA_01094.jpg,.jpg,pixelate,2,3921051952,PartA_01094__A1C__pixelate__s2.png
PartA_01095,/root/autodl-tmp/helmet_yolo_v10/images/train/PartA_01095.jpg,.jpg,impulse_noise,2,4252636962,PartA_01095__A1C__impulse_noise__s2.png
PartA_01096,/root/autodl-tmp/helmet_yolo_v10/images/train/PartA_01096.jpg,.jpg,shot_noise,1,3019347699,PartA_01096__A1C__shot_noise__s1.png
PartA_01098,/root/autodl-tmp/helmet_yolo_v10/images/train/PartA_01098.jpg,.jpg,frost,1,3298305464,PartA_01098__A1C__frost__s1.png
PartA_01099,/root/autodl-tmp/helmet_yolo_v10/images/train/PartA_01099.jpg,.jpg,shot_noise,3,1451650363,PartA_01099__A1C__shot_noise__s3.png
PartA_01100,/root/autodl-tmp/helmet_yolo_v10/images/train/PartA_01100.jpg,.jpg,glass_blur,2,2450136176,PartA_01100__A1C__glass_blur__s2.png
PartA_01101,/root/autodl-tmp/helmet_yolo_v10/images/train/PartA_01101.jpg,.jpg,contrast,2,3547153887,PartA_01101__A1C__contrast__s2.png
PartA_01102,/root/autodl-tmp/helmet_yolo_v10/images/train/PartA_01102.jpg,.jpg,snow,1,2155425801,PartA_01102__A1C__snow__s1.png
PartA_01103,/root/autodl-tmp/helmet_yolo_v10/images/train/PartA_01103.jpg,.jpg,snow,2,1934948625,PartA_01103__A1C__snow__s2.png
PartA_01104,/root/autodl-tmp/helmet_yolo_v10/images/train/PartA_01104.jpg,.jpg,gaussian_noise,3,57822073,PartA_01104__A1C__gaussian_noise__s3.png
PartA_01106,/root/autodl-tmp/helmet_yolo_v10/images/train/PartA_01106.jpg,.jpg,defocus_blur,3,3899870431,PartA_01106__A1C__defocus_blur__s3.png
PartA_01107,/root/autodl-tmp/helmet_yolo_v10/images/train/PartA_01107.jpg,.jpg,jpeg_compression,2,3976380223,PartA_01107__A1C__jpeg_compression__s2.png
PartA_01109,/root/autodl-tmp/helmet_yolo_v10/images/train/PartA_01109.jpg,.jpg,impulse_noise,1,2380796919,PartA_01109__A1C__impulse_noise__s1.png
PartA_01110,/root/autodl-tmp/helmet_yolo_v10/images/train/PartA_01110.jpg,.jpg,frost,1,3208653890,PartA_01110__A1C__frost__s1.png
PartA_01111,/root/autodl-tmp/helmet_yolo_v10/images/train/PartA_01111.jpg,.jpg,frost,3,113616965,PartA_01111__A1C__frost__s3.png
PartA_01112,/root/autodl-tmp/helmet_yolo_v10/images/train/PartA_01112.jpg,.jpg,brightness,3,1522584048,PartA_01112__A1C__brightness__s3.png
PartA_01113,/root/autodl-tmp/helmet_yolo_v10/images/train/PartA_01113.jpg,.jpg,snow,2,1291533774,PartA_01113__A1C__snow__s2.png
PartA_01114,/root/autodl-tmp/helmet_yolo_v10/images/train/PartA_01114.jpg,.jpg,gaussian_noise,3,950444848,PartA_01114__A1C__gaussian_noise__s3.png
PartA_01115,/root/autodl-tmp/helmet_yolo_v10/images/train/PartA_01115.jpg,.jpg,motion_blur,1,840613102,PartA_01115__A1C__motion_blur__s1.png
PartA_01117,/root/autodl-tmp/helmet_yolo_v10/images/train/PartA_01117.jpg,.jpg,pixelate,3,2532566366,PartA_01117__A1C__pixelate__s3.png
PartA_01118,/root/autodl-tmp/helmet_yolo_v10/images/train/PartA_01118.jpg,.jpg,jpeg_compression,1,971281861,PartA_01118__A1C__jpeg_compression__s1.png
PartA_01119,/root/autodl-tmp/helmet_yolo_v10/images/train/PartA_01119.jpg,.jpg,gaussian_noise,3,760937552,PartA_01119__A1C__gaussian_noise__s3.png
PartA_01120,/root/autodl-tmp/helmet_yolo_v10/images/train/PartA_01120.jpg,.jpg,snow,1,2572479225,PartA_01120__A1C__snow__s1.png
PartA_01121,/root/autodl-tmp/helmet_yolo_v10/images/train/PartA_01121.jpg,.jpg,impulse_noise,3,2542350334,PartA_01121__A1C__impulse_noise__s3.png
PartA_01122,/root/autodl-tmp/helmet_yolo_v10/images/train/PartA_01122.jpg,.jpg,pixelate,3,2486722362,PartA_01122__A1C__pixelate__s3.png
PartA_01123,/root/autodl-tmp/helmet_yolo_v10/images/train/PartA_01123.jpg,.jpg,glass_blur,1,475955098,PartA_01123__A1C__glass_blur__s1.png
PartA_01124,/root/autodl-tmp/helmet_yolo_v10/images/train/PartA_01124.jpg,.jpg,impulse_noise,2,547512696,PartA_01124__A1C__impulse_noise__s2.png
PartA_01126,/root/autodl-tmp/helmet_yolo_v10/images/train/PartA_01126.jpg,.jpg,impulse_noise,1,3358800243,PartA_01126__A1C__impulse_noise__s1.png
PartA_01127,/root/autodl-tmp/helmet_yolo_v10/images/train/PartA_01127.jpg,.jpg,jpeg_compression,3,1297566238,PartA_01127__A1C__jpeg_compression__s3.png
PartA_01128,/root/autodl-tmp/helmet_yolo_v10/images/train/PartA_01128.jpg,.jpg,snow,2,962208235,PartA_01128__A1C__snow__s2.png
PartA_01130,/root/autodl-tmp/helmet_yolo_v10/images/train/PartA_01130.jpg,.jpg,snow,2,4076027520,PartA_01130__A1C__snow__s2.png
PartA_01131,/root/autodl-tmp/helmet_yolo_v10/images/train/PartA_01131.jpg,.jpg,frost,3,2001257821,PartA_01131__A1C__frost__s3.png
PartA_01132,/root/autodl-tmp/helmet_yolo_v10/images/train/PartA_01132.jpg,.jpg,impulse_noise,1,3643479054,PartA_01132__A1C__impulse_noise__s1.png
PartA_01133,/root/autodl-tmp/helmet_yolo_v10/images/train/PartA_01133.jpg,.jpg,pixelate,1,1501251306,PartA_01133__A1C__pixelate__s1.png
PartA_01134,/root/autodl-tmp/helmet_yolo_v10/images/train/PartA_01134.jpg,.jpg,fog,3,4016847190,PartA_01134__A1C__fog__s3.png
PartA_01137,/root/autodl-tmp/helmet_yolo_v10/images/train/PartA_01137.jpg,.jpg,motion_blur,1,663184902,PartA_01137__A1C__motion_blur__s1.png
PartA_01138,/root/autodl-tmp/helmet_yolo_v10/images/train/PartA_01138.jpg,.jpg,glass_blur,3,4291752210,PartA_01138__A1C__glass_blur__s3.png
PartA_01139,/root/autodl-tmp/helmet_yolo_v10/images/train/PartA_01139.jpg,.jpg,impulse_noise,2,767336737,PartA_01139__A1C__impulse_noise__s2.png
PartA_01140,/root/autodl-tmp/helmet_yolo_v10/images/train/PartA_01140.jpg,.jpg,contrast,2,4238599496,PartA_01140__A1C__contrast__s2.png
PartA_01141,/root/autodl-tmp/helmet_yolo_v10/images/train/PartA_01141.jpg,.jpg,fog,1,822863329,PartA_01141__A1C__fog__s1.png
PartA_01142,/root/autodl-tmp/helmet_yolo_v10/images/train/PartA_01142.jpg,.jpg,motion_blur,1,1113100701,PartA_01142__A1C__motion_blur__s1.png
PartA_01146,/root/autodl-tmp/helmet_yolo_v10/images/train/PartA_01146.jpg,.jpg,contrast,2,4259324456,PartA_01146__A1C__contrast__s2.png
PartA_01147,/root/autodl-tmp/helmet_yolo_v10/images/train/PartA_01147.jpg,.jpg,zoom_blur,3,2637813510,PartA_01147__A1C__zoom_blur__s3.png
PartA_01148,/root/autodl-tmp/helmet_yolo_v10/images/train/PartA_01148.jpg,.jpg,glass_blur,2,961844243,PartA_01148__A1C__glass_blur__s2.png
PartA_01150,/root/autodl-tmp/helmet_yolo_v10/images/train/PartA_01150.jpg,.jpg,brightness,1,3279593860,PartA_01150__A1C__brightness__s1.png
PartA_01151,/root/autodl-tmp/helmet_yolo_v10/images/train/PartA_01151.jpg,.jpg,jpeg_compression,2,1611067064,PartA_01151__A1C__jpeg_compression__s2.png
PartA_01152,/root/autodl-tmp/helmet_yolo_v10/images/train/PartA_01152.jpg,.jpg,frost,1,2090597643,PartA_01152__A1C__frost__s1.png
PartA_01153,/root/autodl-tmp/helmet_yolo_v10/images/train/PartA_01153.jpg,.jpg,defocus_blur,3,904833181,PartA_01153__A1C__defocus_blur__s3.png
PartA_01155,/root/autodl-tmp/helmet_yolo_v10/images/train/PartA_01155.jpg,.jpg,fog,3,2830081533,PartA_01155__A1C__fog__s3.png
PartA_01156,/root/autodl-tmp/helmet_yolo_v10/images/train/PartA_01156.jpg,.jpg,motion_blur,2,730826910,PartA_01156__A1C__motion_blur__s2.png
PartA_01158,/root/autodl-tmp/helmet_yolo_v10/images/train/PartA_01158.jpg,.jpg,frost,1,2792104492,PartA_01158__A1C__frost__s1.png
PartA_01159,/root/autodl-tmp/helmet_yolo_v10/images/train/PartA_01159.jpg,.jpg,jpeg_compression,2,963004080,PartA_01159__A1C__jpeg_compression__s2.png
PartA_01160,/root/autodl-tmp/helmet_yolo_v10/images/train/PartA_01160.jpg,.jpg,frost,3,4229712580,PartA_01160__A1C__frost__s3.png
PartA_01161,/root/autodl-tmp/helmet_yolo_v10/images/train/PartA_01161.jpg,.jpg,frost,3,4113786728,PartA_01161__A1C__frost__s3.png
PartA_01162,/root/autodl-tmp/helmet_yolo_v10/images/train/PartA_01162.jpg,.jpg,shot_noise,3,1862711985,PartA_01162__A1C__shot_noise__s3.png
PartA_01163,/root/autodl-tmp/helmet_yolo_v10/images/train/PartA_01163.jpg,.jpg,gaussian_noise,2,1337350432,PartA_01163__A1C__gaussian_noise__s2.png
PartA_01165,/root/autodl-tmp/helmet_yolo_v10/images/train/PartA_01165.jpg,.jpg,defocus_blur,2,3265132446,PartA_01165__A1C__defocus_blur__s2.png
PartA_01168,/root/autodl-tmp/helmet_yolo_v10/images/train/PartA_01168.jpg,.jpg,shot_noise,2,642626026,PartA_01168__A1C__shot_noise__s2.png
PartA_01170,/root/autodl-tmp/helmet_yolo_v10/images/train/PartA_01170.jpg,.jpg,shot_noise,2,2341010604,PartA_01170__A1C__shot_noise__s2.png
PartA_01172,/root/autodl-tmp/helmet_yolo_v10/images/train/PartA_01172.jpg,.jpg,glass_blur,1,1079494875,PartA_01172__A1C__glass_blur__s1.png
PartA_01173,/root/autodl-tmp/helmet_yolo_v10/images/train/PartA_01173.jpg,.jpg,motion_blur,3,17007960,PartA_01173__A1C__motion_blur__s3.png
PartA_01174,/root/autodl-tmp/helmet_yolo_v10/images/train/PartA_01174.jpg,.jpg,frost,2,4237819019,PartA_01174__A1C__frost__s2.png
PartA_01175,/root/autodl-tmp/helmet_yolo_v10/images/train/PartA_01175.jpg,.jpg,fog,3,2270092338,PartA_01175__A1C__fog__s3.png
PartA_01177,/root/autodl-tmp/helmet_yolo_v10/images/train/PartA_01177.jpg,.jpg,frost,3,2295171688,PartA_01177__A1C__frost__s3.png
PartA_01178,/root/autodl-tmp/helmet_yolo_v10/images/train/PartA_01178.jpg,.jpg,motion_blur,1,3371627244,PartA_01178__A1C__motion_blur__s1.png
PartA_01179,/root/autodl-tmp/helmet_yolo_v10/images/train/PartA_01179.jpg,.jpg,defocus_blur,2,583417877,PartA_01179__A1C__defocus_blur__s2.png
PartA_01181,/root/autodl-tmp/helmet_yolo_v10/images/train/PartA_01181.jpg,.jpg,fog,2,183515278,PartA_01181__A1C__fog__s2.png
PartA_01182,/root/autodl-tmp/helmet_yolo_v10/images/train/PartA_01182.jpg,.jpg,impulse_noise,1,3722158616,PartA_01182__A1C__impulse_noise__s1.png
PartA_01183,/root/autodl-tmp/helmet_yolo_v10/images/train/PartA_01183.jpg,.jpg,gaussian_noise,3,1205121228,PartA_01183__A1C__gaussian_noise__s3.png
PartA_01185,/root/autodl-tmp/helmet_yolo_v10/images/train/PartA_01185.jpg,.jpg,fog,1,1681701642,PartA_01185__A1C__fog__s1.png
PartA_01186,/root/autodl-tmp/helmet_yolo_v10/images/train/PartA_01186.jpg,.jpg,pixelate,2,2222237229,PartA_01186__A1C__pixelate__s2.png
PartA_01187,/root/autodl-tmp/helmet_yolo_v10/images/train/PartA_01187.jpg,.jpg,gaussian_noise,1,228710320,PartA_01187__A1C__gaussian_noise__s1.png
PartA_01188,/root/autodl-tmp/helmet_yolo_v10/images/train/PartA_01188.jpg,.jpg,contrast,3,567114389,PartA_01188__A1C__contrast__s3.png
PartA_01189,/root/autodl-tmp/helmet_yolo_v10/images/train/PartA_01189.jpg,.jpg,fog,3,2689424021,PartA_01189__A1C__fog__s3.png
PartA_01190,/root/autodl-tmp/helmet_yolo_v10/images/train/PartA_01190.jpg,.jpg,contrast,3,3230084937,PartA_01190__A1C__contrast__s3.png
PartA_01191,/root/autodl-tmp/helmet_yolo_v10/images/train/PartA_01191.jpg,.jpg,fog,3,346619374,PartA_01191__A1C__fog__s3.png
PartA_01193,/root/autodl-tmp/helmet_yolo_v10/images/train/PartA_01193.jpg,.jpg,shot_noise,2,798231904,PartA_01193__A1C__shot_noise__s2.png
PartA_01194,/root/autodl-tmp/helmet_yolo_v10/images/train/PartA_01194.jpg,.jpg,frost,2,1870537160,PartA_01194__A1C__frost__s2.png
PartA_01196,/root/autodl-tmp/helmet_yolo_v10/images/train/PartA_01196.jpg,.jpg,zoom_blur,1,530999200,PartA_01196__A1C__zoom_blur__s1.png
PartA_01197,/root/autodl-tmp/helmet_yolo_v10/images/train/PartA_01197.jpg,.jpg,snow,2,2500298636,PartA_01197__A1C__snow__s2.png
PartA_01198,/root/autodl-tmp/helmet_yolo_v10/images/train/PartA_01198.jpg,.jpg,contrast,3,3609862497,PartA_01198__A1C__contrast__s3.png
PartA_01199,/root/autodl-tmp/helmet_yolo_v10/images/train/PartA_01199.jpg,.jpg,frost,3,1247856690,PartA_01199__A1C__frost__s3.png
PartA_01202,/root/autodl-tmp/helmet_yolo_v10/images/train/PartA_01202.jpg,.jpg,snow,1,4174573648,PartA_01202__A1C__snow__s1.png
PartA_01203,/root/autodl-tmp/helmet_yolo_v10/images/train/PartA_01203.jpg,.jpg,pixelate,3,2756220929,PartA_01203__A1C__pixelate__s3.png
PartA_01204,/root/autodl-tmp/helmet_yolo_v10/images/train/PartA_01204.jpg,.jpg,snow,1,3908904237,PartA_01204__A1C__snow__s1.png
PartA_01206,/root/autodl-tmp/helmet_yolo_v10/images/train/PartA_01206.jpg,.jpg,pixelate,3,368663832,PartA_01206__A1C__pixelate__s3.png
PartA_01207,/root/autodl-tmp/helmet_yolo_v10/images/train/PartA_01207.jpg,.jpg,frost,1,951027189,PartA_01207__A1C__frost__s1.png
PartA_01209,/root/autodl-tmp/helmet_yolo_v10/images/train/PartA_01209.jpg,.jpg,frost,2,3532244550,PartA_01209__A1C__frost__s2.png
PartA_01210,/root/autodl-tmp/helmet_yolo_v10/images/train/PartA_01210.jpg,.jpg,snow,2,2781943623,PartA_01210__A1C__snow__s2.png
PartA_01211,/root/autodl-tmp/helmet_yolo_v10/images/train/PartA_01211.jpg,.jpg,defocus_blur,2,227395566,PartA_01211__A1C__defocus_blur__s2.png
PartA_01212,/root/autodl-tmp/helmet_yolo_v10/images/train/PartA_01212.jpg,.jpg,jpeg_compression,1,67192404,PartA_01212__A1C__jpeg_compression__s1.png
PartA_01213,/root/autodl-tmp/helmet_yolo_v10/images/train/PartA_01213.jpg,.jpg,pixelate,3,1522320853,PartA_01213__A1C__pixelate__s3.png
PartA_01215,/root/autodl-tmp/helmet_yolo_v10/images/train/PartA_01215.jpg,.jpg,shot_noise,3,2816470210,PartA_01215__A1C__shot_noise__s3.png
PartA_01217,/root/autodl-tmp/helmet_yolo_v10/images/train/PartA_01217.jpg,.jpg,brightness,2,1889084935,PartA_01217__A1C__brightness__s2.png
PartA_01219,/root/autodl-tmp/helmet_yolo_v10/images/train/PartA_01219.jpg,.jpg,shot_noise,3,1778931021,PartA_01219__A1C__shot_noise__s3.png
PartA_01220,/root/autodl-tmp/helmet_yolo_v10/images/train/PartA_01220.jpg,.jpg,defocus_blur,1,2014576108,PartA_01220__A1C__defocus_blur__s1.png
PartA_01221,/root/autodl-tmp/helmet_yolo_v10/images/train/PartA_01221.jpg,.jpg,motion_blur,2,3082080061,PartA_01221__A1C__motion_blur__s2.png
PartA_01223,/root/autodl-tmp/helmet_yolo_v10/images/train/PartA_01223.jpg,.jpg,jpeg_compression,2,3663951407,PartA_01223__A1C__jpeg_compression__s2.png
PartA_01224,/root/autodl-tmp/helmet_yolo_v10/images/train/PartA_01224.jpg,.jpg,motion_blur,1,1455400618,PartA_01224__A1C__motion_blur__s1.png
PartA_01226,/root/autodl-tmp/helmet_yolo_v10/images/train/PartA_01226.jpg,.jpg,motion_blur,3,1572184162,PartA_01226__A1C__motion_blur__s3.png
PartA_01227,/root/autodl-tmp/helmet_yolo_v10/images/train/PartA_01227.jpg,.jpg,glass_blur,2,2932929405,PartA_01227__A1C__glass_blur__s2.png
PartA_01228,/root/autodl-tmp/helmet_yolo_v10/images/train/PartA_01228.jpg,.jpg,defocus_blur,3,1714815995,PartA_01228__A1C__defocus_blur__s3.png
PartA_01229,/root/autodl-tmp/helmet_yolo_v10/images/train/PartA_01229.jpg,.jpg,pixelate,1,3291358789,PartA_01229__A1C__pixelate__s1.png
PartA_01230,/root/autodl-tmp/helmet_yolo_v10/images/train/PartA_01230.jpg,.jpg,impulse_noise,1,510830218,PartA_01230__A1C__impulse_noise__s1.png
PartA_01232,/root/autodl-tmp/helmet_yolo_v10/images/train/PartA_01232.jpg,.jpg,zoom_blur,2,4284846429,PartA_01232__A1C__zoom_blur__s2.png
PartA_01233,/root/autodl-tmp/helmet_yolo_v10/images/train/PartA_01233.jpg,.jpg,fog,1,3447835384,PartA_01233__A1C__fog__s1.png
PartA_01236,/root/autodl-tmp/helmet_yolo_v10/images/train/PartA_01236.jpg,.jpg,gaussian_noise,3,335956998,PartA_01236__A1C__gaussian_noise__s3.png
PartA_01238,/root/autodl-tmp/helmet_yolo_v10/images/train/PartA_01238.jpg,.jpg,gaussian_noise,2,331798006,PartA_01238__A1C__gaussian_noise__s2.png
PartA_01239,/root/autodl-tmp/helmet_yolo_v10/images/train/PartA_01239.jpg,.jpg,zoom_blur,3,3671421523,PartA_01239__A1C__zoom_blur__s3.png
PartA_01240,/root/autodl-tmp/helmet_yolo_v10/images/train/PartA_01240.jpg,.jpg,frost,3,1716403633,PartA_01240__A1C__frost__s3.png
PartA_01241,/root/autodl-tmp/helmet_yolo_v10/images/train/PartA_01241.jpg,.jpg,glass_blur,1,3041198779,PartA_01241__A1C__glass_blur__s1.png
PartA_01242,/root/autodl-tmp/helmet_yolo_v10/images/train/PartA_01242.jpg,.jpg,zoom_blur,3,685725056,PartA_01242__A1C__zoom_blur__s3.png
PartA_01243,/root/autodl-tmp/helmet_yolo_v10/images/train/PartA_01243.jpg,.jpg,motion_blur,3,1718209580,PartA_01243__A1C__motion_blur__s3.png
PartA_01248,/root/autodl-tmp/helmet_yolo_v10/images/train/PartA_01248.jpg,.jpg,brightness,2,2944043664,PartA_01248__A1C__brightness__s2.png
PartA_01249,/root/autodl-tmp/helmet_yolo_v10/images/train/PartA_01249.jpg,.jpg,contrast,1,1381161089,PartA_01249__A1C__contrast__s1.png
PartA_01251,/root/autodl-tmp/helmet_yolo_v10/images/train/PartA_01251.jpg,.jpg,brightness,1,1445564720,PartA_01251__A1C__brightness__s1.png
PartA_01252,/root/autodl-tmp/helmet_yolo_v10/images/train/PartA_01252.jpg,.jpg,frost,3,3255474847,PartA_01252__A1C__frost__s3.png
PartA_01255,/root/autodl-tmp/helmet_yolo_v10/images/train/PartA_01255.jpg,.jpg,glass_blur,3,1740032863,PartA_01255__A1C__glass_blur__s3.png
PartA_01256,/root/autodl-tmp/helmet_yolo_v10/images/train/PartA_01256.jpg,.jpg,glass_blur,1,3734985560,PartA_01256__A1C__glass_blur__s1.png
PartA_01258,/root/autodl-tmp/helmet_yolo_v10/images/train/PartA_01258.jpg,.jpg,frost,1,3885396437,PartA_01258__A1C__frost__s1.png
PartA_01259,/root/autodl-tmp/helmet_yolo_v10/images/train/PartA_01259.jpg,.jpg,glass_blur,1,1168708940,PartA_01259__A1C__glass_blur__s1.png
PartA_01260,/root/autodl-tmp/helmet_yolo_v10/images/train/PartA_01260.jpg,.jpg,pixelate,2,409988094,PartA_01260__A1C__pixelate__s2.png
PartA_01261,/root/autodl-tmp/helmet_yolo_v10/images/train/PartA_01261.jpg,.jpg,frost,1,2864228882,PartA_01261__A1C__frost__s1.png
PartA_01263,/root/autodl-tmp/helmet_yolo_v10/images/train/PartA_01263.jpg,.jpg,impulse_noise,1,1930550551,PartA_01263__A1C__impulse_noise__s1.png
PartA_01264,/root/autodl-tmp/helmet_yolo_v10/images/train/PartA_01264.jpg,.jpg,contrast,2,3270819326,PartA_01264__A1C__contrast__s2.png
PartA_01266,/root/autodl-tmp/helmet_yolo_v10/images/train/PartA_01266.jpg,.jpg,pixelate,1,4076462366,PartA_01266__A1C__pixelate__s1.png
PartA_01267,/root/autodl-tmp/helmet_yolo_v10/images/train/PartA_01267.jpg,.jpg,pixelate,3,1311391419,PartA_01267__A1C__pixelate__s3.png
PartA_01268,/root/autodl-tmp/helmet_yolo_v10/images/train/PartA_01268.jpg,.jpg,snow,1,1508000526,PartA_01268__A1C__snow__s1.png
PartA_01272,/root/autodl-tmp/helmet_yolo_v10/images/train/PartA_01272.jpg,.jpg,defocus_blur,1,497465789,PartA_01272__A1C__defocus_blur__s1.png
PartA_01275,/root/autodl-tmp/helmet_yolo_v10/images/train/PartA_01275.jpg,.jpg,frost,3,1109638848,PartA_01275__A1C__frost__s3.png
PartA_01276,/root/autodl-tmp/helmet_yolo_v10/images/train/PartA_01276.jpg,.jpg,jpeg_compression,1,2500754482,PartA_01276__A1C__jpeg_compression__s1.png
PartA_01277,/root/autodl-tmp/helmet_yolo_v10/images/train/PartA_01277.jpg,.jpg,zoom_blur,1,572500592,PartA_01277__A1C__zoom_blur__s1.png
PartA_01279,/root/autodl-tmp/helmet_yolo_v10/images/train/PartA_01279.jpg,.jpg,contrast,2,137916615,PartA_01279__A1C__contrast__s2.png
PartA_01280,/root/autodl-tmp/helmet_yolo_v10/images/train/PartA_01280.jpg,.jpg,motion_blur,1,176848733,PartA_01280__A1C__motion_blur__s1.png
PartA_01282,/root/autodl-tmp/helmet_yolo_v10/images/train/PartA_01282.jpg,.jpg,contrast,3,3172865786,PartA_01282__A1C__contrast__s3.png
PartA_01283,/root/autodl-tmp/helmet_yolo_v10/images/train/PartA_01283.jpg,.jpg,snow,3,1535799721,PartA_01283__A1C__snow__s3.png
PartA_01285,/root/autodl-tmp/helmet_yolo_v10/images/train/PartA_01285.jpg,.jpg,impulse_noise,3,870296743,PartA_01285__A1C__impulse_noise__s3.png
PartA_01286,/root/autodl-tmp/helmet_yolo_v10/images/train/PartA_01286.jpg,.jpg,shot_noise,3,966017055,PartA_01286__A1C__shot_noise__s3.png
PartA_01287,/root/autodl-tmp/helmet_yolo_v10/images/train/PartA_01287.jpg,.jpg,defocus_blur,1,1611299813,PartA_01287__A1C__defocus_blur__s1.png
PartA_01288,/root/autodl-tmp/helmet_yolo_v10/images/train/PartA_01288.jpg,.jpg,zoom_blur,2,3147555189,PartA_01288__A1C__zoom_blur__s2.png
PartA_01290,/root/autodl-tmp/helmet_yolo_v10/images/train/PartA_01290.jpg,.jpg,glass_blur,2,3994486235,PartA_01290__A1C__glass_blur__s2.png
PartA_01291,/root/autodl-tmp/helmet_yolo_v10/images/train/PartA_01291.jpg,.jpg,glass_blur,3,1387936349,PartA_01291__A1C__glass_blur__s3.png
PartA_01292,/root/autodl-tmp/helmet_yolo_v10/images/train/PartA_01292.jpg,.jpg,defocus_blur,3,2450908749,PartA_01292__A1C__defocus_blur__s3.png
PartA_01294,/root/autodl-tmp/helmet_yolo_v10/images/train/PartA_01294.jpg,.jpg,fog,3,3844292835,PartA_01294__A1C__fog__s3.png
PartA_01296,/root/autodl-tmp/helmet_yolo_v10/images/train/PartA_01296.jpg,.jpg,brightness,1,596092124,PartA_01296__A1C__brightness__s1.png
PartA_01297,/root/autodl-tmp/helmet_yolo_v10/images/train/PartA_01297.jpg,.jpg,contrast,1,1298923153,PartA_01297__A1C__contrast__s1.png
PartA_01298,/root/autodl-tmp/helmet_yolo_v10/images/train/PartA_01298.jpg,.jpg,snow,1,1645974248,PartA_01298__A1C__snow__s1.png
PartA_01299,/root/autodl-tmp/helmet_yolo_v10/images/train/PartA_01299.jpg,.jpg,gaussian_noise,1,226708621,PartA_01299__A1C__gaussian_noise__s1.png
PartA_01300,/root/autodl-tmp/helmet_yolo_v10/images/train/PartA_01300.jpg,.jpg,frost,3,1198249197,PartA_01300__A1C__frost__s3.png
PartA_01302,/root/autodl-tmp/helmet_yolo_v10/images/train/PartA_01302.jpg,.jpg,zoom_blur,3,3183583605,PartA_01302__A1C__zoom_blur__s3.png
PartA_01303,/root/autodl-tmp/helmet_yolo_v10/images/train/PartA_01303.jpg,.jpg,zoom_blur,1,577264886,PartA_01303__A1C__zoom_blur__s1.png
PartA_01305,/root/autodl-tmp/helmet_yolo_v10/images/train/PartA_01305.jpg,.jpg,shot_noise,3,1224454279,PartA_01305__A1C__shot_noise__s3.png
PartA_01306,/root/autodl-tmp/helmet_yolo_v10/images/train/PartA_01306.jpg,.jpg,snow,3,3493907479,PartA_01306__A1C__snow__s3.png
PartA_01307,/root/autodl-tmp/helmet_yolo_v10/images/train/PartA_01307.jpg,.jpg,jpeg_compression,1,2070132775,PartA_01307__A1C__jpeg_compression__s1.png
PartA_01308,/root/autodl-tmp/helmet_yolo_v10/images/train/PartA_01308.jpg,.jpg,frost,2,1446752394,PartA_01308__A1C__frost__s2.png
PartA_01310,/root/autodl-tmp/helmet_yolo_v10/images/train/PartA_01310.jpg,.jpg,contrast,1,4150062997,PartA_01310__A1C__contrast__s1.png
PartA_01311,/root/autodl-tmp/helmet_yolo_v10/images/train/PartA_01311.jpg,.jpg,jpeg_compression,2,201936660,PartA_01311__A1C__jpeg_compression__s2.png
PartA_01312,/root/autodl-tmp/helmet_yolo_v10/images/train/PartA_01312.jpg,.jpg,gaussian_noise,2,24078991,PartA_01312__A1C__gaussian_noise__s2.png
PartA_01313,/root/autodl-tmp/helmet_yolo_v10/images/train/PartA_01313.jpg,.jpg,pixelate,2,3984948458,PartA_01313__A1C__pixelate__s2.png
PartA_01315,/root/autodl-tmp/helmet_yolo_v10/images/train/PartA_01315.jpg,.jpg,defocus_blur,1,3386551889,PartA_01315__A1C__defocus_blur__s1.png
PartA_01316,/root/autodl-tmp/helmet_yolo_v10/images/train/PartA_01316.jpg,.jpg,gaussian_noise,3,1478855061,PartA_01316__A1C__gaussian_noise__s3.png
PartA_01317,/root/autodl-tmp/helmet_yolo_v10/images/train/PartA_01317.jpg,.jpg,impulse_noise,1,3743182547,PartA_01317__A1C__impulse_noise__s1.png
PartA_01318,/root/autodl-tmp/helmet_yolo_v10/images/train/PartA_01318.jpg,.jpg,impulse_noise,2,2436300178,PartA_01318__A1C__impulse_noise__s2.png
PartA_01319,/root/autodl-tmp/helmet_yolo_v10/images/train/PartA_01319.jpg,.jpg,impulse_noise,3,4017288247,PartA_01319__A1C__impulse_noise__s3.png
PartA_01321,/root/autodl-tmp/helmet_yolo_v10/images/train/PartA_01321.jpg,.jpg,frost,3,1426780543,PartA_01321__A1C__frost__s3.png
PartA_01322,/root/autodl-tmp/helmet_yolo_v10/images/train/PartA_01322.jpg,.jpg,contrast,1,1459169779,PartA_01322__A1C__contrast__s1.png
PartA_01326,/root/autodl-tmp/helmet_yolo_v10/images/train/PartA_01326.jpg,.jpg,defocus_blur,3,1116662428,PartA_01326__A1C__defocus_blur__s3.png
PartA_01327,/root/autodl-tmp/helmet_yolo_v10/images/train/PartA_01327.jpg,.jpg,pixelate,1,2028350190,PartA_01327__A1C__pixelate__s1.png
PartA_01328,/root/autodl-tmp/helmet_yolo_v10/images/train/PartA_01328.jpg,.jpg,snow,3,105208762,PartA_01328__A1C__snow__s3.png
PartA_01329,/root/autodl-tmp/helmet_yolo_v10/images/train/PartA_01329.jpg,.jpg,contrast,2,2998430763,PartA_01329__A1C__contrast__s2.png
PartA_01330,/root/autodl-tmp/helmet_yolo_v10/images/train/PartA_01330.jpg,.jpg,zoom_blur,3,1995117040,PartA_01330__A1C__zoom_blur__s3.png
PartA_01332,/root/autodl-tmp/helmet_yolo_v10/images/train/PartA_01332.jpg,.jpg,glass_blur,1,1824059042,PartA_01332__A1C__glass_blur__s1.png
PartA_01335,/root/autodl-tmp/helmet_yolo_v10/images/train/PartA_01335.jpg,.jpg,contrast,3,4249274838,PartA_01335__A1C__contrast__s3.png
PartA_01337,/root/autodl-tmp/helmet_yolo_v10/images/train/PartA_01337.jpg,.jpg,brightness,2,1179789778,PartA_01337__A1C__brightness__s2.png
PartA_01338,/root/autodl-tmp/helmet_yolo_v10/images/train/PartA_01338.jpg,.jpg,gaussian_noise,2,1512025699,PartA_01338__A1C__gaussian_noise__s2.png
PartA_01339,/root/autodl-tmp/helmet_yolo_v10/images/train/PartA_01339.jpg,.jpg,gaussian_noise,1,357972495,PartA_01339__A1C__gaussian_noise__s1.png
PartA_01340,/root/autodl-tmp/helmet_yolo_v10/images/train/PartA_01340.jpg,.jpg,fog,2,1334753045,PartA_01340__A1C__fog__s2.png
PartA_01341,/root/autodl-tmp/helmet_yolo_v10/images/train/PartA_01341.jpg,.jpg,gaussian_noise,1,2694449481,PartA_01341__A1C__gaussian_noise__s1.png
PartA_01343,/root/autodl-tmp/helmet_yolo_v10/images/train/PartA_01343.jpg,.jpg,contrast,1,3466226173,PartA_01343__A1C__contrast__s1.png
PartA_01344,/root/autodl-tmp/helmet_yolo_v10/images/train/PartA_01344.jpg,.jpg,snow,1,1288721501,PartA_01344__A1C__snow__s1.png
PartA_01348,/root/autodl-tmp/helmet_yolo_v10/images/train/PartA_01348.jpg,.jpg,motion_blur,3,3149523142,PartA_01348__A1C__motion_blur__s3.png
PartA_01349,/root/autodl-tmp/helmet_yolo_v10/images/train/PartA_01349.jpg,.jpg,pixelate,2,2640885109,PartA_01349__A1C__pixelate__s2.png
PartA_01350,/root/autodl-tmp/helmet_yolo_v10/images/train/PartA_01350.jpg,.jpg,frost,1,1860439026,PartA_01350__A1C__frost__s1.png
PartA_01351,/root/autodl-tmp/helmet_yolo_v10/images/train/PartA_01351.jpg,.jpg,fog,2,1459831103,PartA_01351__A1C__fog__s2.png
PartA_01352,/root/autodl-tmp/helmet_yolo_v10/images/train/PartA_01352.jpg,.jpg,motion_blur,3,3239565376,PartA_01352__A1C__motion_blur__s3.png
PartA_01354,/root/autodl-tmp/helmet_yolo_v10/images/train/PartA_01354.jpg,.jpg,brightness,1,1830431382,PartA_01354__A1C__brightness__s1.png
PartA_01355,/root/autodl-tmp/helmet_yolo_v10/images/train/PartA_01355.jpg,.jpg,contrast,3,3409471232,PartA_01355__A1C__contrast__s3.png
PartA_01357,/root/autodl-tmp/helmet_yolo_v10/images/train/PartA_01357.jpg,.jpg,glass_blur,1,704832997,PartA_01357__A1C__glass_blur__s1.png
PartA_01358,/root/autodl-tmp/helmet_yolo_v10/images/train/PartA_01358.jpg,.jpg,jpeg_compression,1,813289226,PartA_01358__A1C__jpeg_compression__s1.png
PartA_01359,/root/autodl-tmp/helmet_yolo_v10/images/train/PartA_01359.jpg,.jpg,zoom_blur,1,764926358,PartA_01359__A1C__zoom_blur__s1.png
PartA_01360,/root/autodl-tmp/helmet_yolo_v10/images/train/PartA_01360.jpg,.jpg,shot_noise,2,2419913535,PartA_01360__A1C__shot_noise__s2.png
PartA_01361,/root/autodl-tmp/helmet_yolo_v10/images/train/PartA_01361.jpg,.jpg,frost,2,1663580269,PartA_01361__A1C__frost__s2.png
PartA_01363,/root/autodl-tmp/helmet_yolo_v10/images/train/PartA_01363.jpg,.jpg,pixelate,2,2887377150,PartA_01363__A1C__pixelate__s2.png
PartA_01364,/root/autodl-tmp/helmet_yolo_v10/images/train/PartA_01364.jpg,.jpg,motion_blur,3,1969676131,PartA_01364__A1C__motion_blur__s3.png
PartA_01366,/root/autodl-tmp/helmet_yolo_v10/images/train/PartA_01366.jpg,.jpg,snow,2,1337344765,PartA_01366__A1C__snow__s2.png
PartA_01367,/root/autodl-tmp/helmet_yolo_v10/images/train/PartA_01367.jpg,.jpg,brightness,1,3723899001,PartA_01367__A1C__brightness__s1.png
PartA_01369,/root/autodl-tmp/helmet_yolo_v10/images/train/PartA_01369.jpg,.jpg,frost,2,2487210623,PartA_01369__A1C__frost__s2.png
PartA_01370,/root/autodl-tmp/helmet_yolo_v10/images/train/PartA_01370.jpg,.jpg,glass_blur,2,1353704917,PartA_01370__A1C__glass_blur__s2.png
PartA_01372,/root/autodl-tmp/helmet_yolo_v10/images/train/PartA_01372.jpg,.jpg,glass_blur,2,3784205826,PartA_01372__A1C__glass_blur__s2.png
PartA_01373,/root/autodl-tmp/helmet_yolo_v10/images/train/PartA_01373.jpg,.jpg,brightness,1,3810413146,PartA_01373__A1C__brightness__s1.png
PartA_01374,/root/autodl-tmp/helmet_yolo_v10/images/train/PartA_01374.jpg,.jpg,jpeg_compression,3,3272780086,PartA_01374__A1C__jpeg_compression__s3.png
PartA_01375,/root/autodl-tmp/helmet_yolo_v10/images/train/PartA_01375.jpg,.jpg,jpeg_compression,2,2721879216,PartA_01375__A1C__jpeg_compression__s2.png
PartA_01376,/root/autodl-tmp/helmet_yolo_v10/images/train/PartA_01376.jpg,.jpg,contrast,1,325165823,PartA_01376__A1C__contrast__s1.png
PartA_01377,/root/autodl-tmp/helmet_yolo_v10/images/train/PartA_01377.jpg,.jpg,pixelate,2,4100387895,PartA_01377__A1C__pixelate__s2.png
PartA_01378,/root/autodl-tmp/helmet_yolo_v10/images/train/PartA_01378.jpg,.jpg,frost,2,2938395665,PartA_01378__A1C__frost__s2.png
PartA_01379,/root/autodl-tmp/helmet_yolo_v10/images/train/PartA_01379.jpg,.jpg,glass_blur,3,332963852,PartA_01379__A1C__glass_blur__s3.png
PartA_01380,/root/autodl-tmp/helmet_yolo_v10/images/train/PartA_01380.jpg,.jpg,zoom_blur,2,3300978021,PartA_01380__A1C__zoom_blur__s2.png
PartA_01381,/root/autodl-tmp/helmet_yolo_v10/images/train/PartA_01381.jpg,.jpg,fog,3,1627103232,PartA_01381__A1C__fog__s3.png
PartA_01383,/root/autodl-tmp/helmet_yolo_v10/images/train/PartA_01383.jpg,.jpg,impulse_noise,1,353536826,PartA_01383__A1C__impulse_noise__s1.png
PartA_01384,/root/autodl-tmp/helmet_yolo_v10/images/train/PartA_01384.jpg,.jpg,motion_blur,2,2141309629,PartA_01384__A1C__motion_blur__s2.png
PartA_01385,/root/autodl-tmp/helmet_yolo_v10/images/train/PartA_01385.jpg,.jpg,contrast,1,3849585694,PartA_01385__A1C__contrast__s1.png
PartA_01387,/root/autodl-tmp/helmet_yolo_v10/images/train/PartA_01387.jpg,.jpg,contrast,1,3101701901,PartA_01387__A1C__contrast__s1.png
PartA_01389,/root/autodl-tmp/helmet_yolo_v10/images/train/PartA_01389.jpg,.jpg,contrast,3,2729054401,PartA_01389__A1C__contrast__s3.png
PartA_01390,/root/autodl-tmp/helmet_yolo_v10/images/train/PartA_01390.jpg,.jpg,pixelate,2,2039900839,PartA_01390__A1C__pixelate__s2.png
PartA_01391,/root/autodl-tmp/helmet_yolo_v10/images/train/PartA_01391.jpg,.jpg,fog,2,2213311243,PartA_01391__A1C__fog__s2.png
PartA_01393,/root/autodl-tmp/helmet_yolo_v10/images/train/PartA_01393.jpg,.jpg,defocus_blur,3,3627253240,PartA_01393__A1C__defocus_blur__s3.png
PartA_01396,/root/autodl-tmp/helmet_yolo_v10/images/train/PartA_01396.jpg,.jpg,impulse_noise,1,88765293,PartA_01396__A1C__impulse_noise__s1.png
PartA_01397,/root/autodl-tmp/helmet_yolo_v10/images/train/PartA_01397.jpg,.jpg,frost,2,3218473616,PartA_01397__A1C__frost__s2.png
PartA_01398,/root/autodl-tmp/helmet_yolo_v10/images/train/PartA_01398.jpg,.jpg,snow,1,12347924,PartA_01398__A1C__snow__s1.png
PartA_01399,/root/autodl-tmp/helmet_yolo_v10/images/train/PartA_01399.jpg,.jpg,frost,3,4154388296,PartA_01399__A1C__frost__s3.png
PartA_01400,/root/autodl-tmp/helmet_yolo_v10/images/train/PartA_01400.jpg,.jpg,brightness,3,988518123,PartA_01400__A1C__brightness__s3.png
PartA_01401,/root/autodl-tmp/helmet_yolo_v10/images/train/PartA_01401.jpg,.jpg,gaussian_noise,3,2706232566,PartA_01401__A1C__gaussian_noise__s3.png
PartA_01402,/root/autodl-tmp/helmet_yolo_v10/images/train/PartA_01402.jpg,.jpg,motion_blur,2,3980078454,PartA_01402__A1C__motion_blur__s2.png
PartA_01403,/root/autodl-tmp/helmet_yolo_v10/images/train/PartA_01403.jpg,.jpg,motion_blur,2,1947806256,PartA_01403__A1C__motion_blur__s2.png
PartA_01404,/root/autodl-tmp/helmet_yolo_v10/images/train/PartA_01404.jpg,.jpg,contrast,1,1608495137,PartA_01404__A1C__contrast__s1.png
PartA_01405,/root/autodl-tmp/helmet_yolo_v10/images/train/PartA_01405.jpg,.jpg,snow,1,3448519715,PartA_01405__A1C__snow__s1.png
PartA_01407,/root/autodl-tmp/helmet_yolo_v10/images/train/PartA_01407.jpg,.jpg,fog,1,2787756367,PartA_01407__A1C__fog__s1.png
PartA_01409,/root/autodl-tmp/helmet_yolo_v10/images/train/PartA_01409.jpg,.jpg,contrast,1,18256500,PartA_01409__A1C__contrast__s1.png
PartA_01410,/root/autodl-tmp/helmet_yolo_v10/images/train/PartA_01410.jpg,.jpg,fog,1,425308241,PartA_01410__A1C__fog__s1.png
PartA_01411,/root/autodl-tmp/helmet_yolo_v10/images/train/PartA_01411.jpg,.jpg,impulse_noise,2,3010614500,PartA_01411__A1C__impulse_noise__s2.png
PartA_01412,/root/autodl-tmp/helmet_yolo_v10/images/train/PartA_01412.jpg,.jpg,glass_blur,1,2366154329,PartA_01412__A1C__glass_blur__s1.png
PartA_01413,/root/autodl-tmp/helmet_yolo_v10/images/train/PartA_01413.jpg,.jpg,impulse_noise,3,3443662416,PartA_01413__A1C__impulse_noise__s3.png
PartA_01414,/root/autodl-tmp/helmet_yolo_v10/images/train/PartA_01414.jpg,.jpg,brightness,3,124514848,PartA_01414__A1C__brightness__s3.png
PartA_01415,/root/autodl-tmp/helmet_yolo_v10/images/train/PartA_01415.jpg,.jpg,defocus_blur,3,2626001879,PartA_01415__A1C__defocus_blur__s3.png
PartA_01416,/root/autodl-tmp/helmet_yolo_v10/images/train/PartA_01416.jpg,.jpg,frost,2,114121142,PartA_01416__A1C__frost__s2.png
PartA_01418,/root/autodl-tmp/helmet_yolo_v10/images/train/PartA_01418.jpg,.jpg,snow,3,275871805,PartA_01418__A1C__snow__s3.png
PartA_01419,/root/autodl-tmp/helmet_yolo_v10/images/train/PartA_01419.jpg,.jpg,pixelate,3,1658872284,PartA_01419__A1C__pixelate__s3.png
PartA_01421,/root/autodl-tmp/helmet_yolo_v10/images/train/PartA_01421.jpg,.jpg,impulse_noise,3,1255625841,PartA_01421__A1C__impulse_noise__s3.png
PartA_01422,/root/autodl-tmp/helmet_yolo_v10/images/train/PartA_01422.jpg,.jpg,fog,2,3766650882,PartA_01422__A1C__fog__s2.png
PartA_01423,/root/autodl-tmp/helmet_yolo_v10/images/train/PartA_01423.jpg,.jpg,snow,3,117402466,PartA_01423__A1C__snow__s3.png
PartA_01428,/root/autodl-tmp/helmet_yolo_v10/images/train/PartA_01428.jpg,.jpg,motion_blur,1,228821004,PartA_01428__A1C__motion_blur__s1.png
PartA_01429,/root/autodl-tmp/helmet_yolo_v10/images/train/PartA_01429.jpg,.jpg,defocus_blur,1,2893908029,PartA_01429__A1C__defocus_blur__s1.png
PartA_01430,/root/autodl-tmp/helmet_yolo_v10/images/train/PartA_01430.jpg,.jpg,defocus_blur,3,2507490507,PartA_01430__A1C__defocus_blur__s3.png
PartA_01431,/root/autodl-tmp/helmet_yolo_v10/images/train/PartA_01431.jpg,.jpg,frost,1,1347038770,PartA_01431__A1C__frost__s1.png
PartA_01432,/root/autodl-tmp/helmet_yolo_v10/images/train/PartA_01432.jpg,.jpg,impulse_noise,2,3713341764,PartA_01432__A1C__impulse_noise__s2.png
PartA_01434,/root/autodl-tmp/helmet_yolo_v10/images/train/PartA_01434.jpg,.jpg,frost,1,961825619,PartA_01434__A1C__frost__s1.png
PartA_01435,/root/autodl-tmp/helmet_yolo_v10/images/train/PartA_01435.jpg,.jpg,motion_blur,1,3226336481,PartA_01435__A1C__motion_blur__s1.png
PartA_01436,/root/autodl-tmp/helmet_yolo_v10/images/train/PartA_01436.jpg,.jpg,zoom_blur,1,2419876094,PartA_01436__A1C__zoom_blur__s1.png
PartA_01437,/root/autodl-tmp/helmet_yolo_v10/images/train/PartA_01437.jpg,.jpg,gaussian_noise,2,2484677456,PartA_01437__A1C__gaussian_noise__s2.png
PartA_01439,/root/autodl-tmp/helmet_yolo_v10/images/train/PartA_01439.jpg,.jpg,frost,1,2303826719,PartA_01439__A1C__frost__s1.png
PartA_01440,/root/autodl-tmp/helmet_yolo_v10/images/train/PartA_01440.jpg,.jpg,gaussian_noise,1,714350044,PartA_01440__A1C__gaussian_noise__s1.png
PartA_01441,/root/autodl-tmp/helmet_yolo_v10/images/train/PartA_01441.jpg,.jpg,glass_blur,2,2859435471,PartA_01441__A1C__glass_blur__s2.png
PartA_01442,/root/autodl-tmp/helmet_yolo_v10/images/train/PartA_01442.jpg,.jpg,motion_blur,1,3578689024,PartA_01442__A1C__motion_blur__s1.png
PartA_01443,/root/autodl-tmp/helmet_yolo_v10/images/train/PartA_01443.jpg,.jpg,shot_noise,2,1938354070,PartA_01443__A1C__shot_noise__s2.png
PartA_01444,/root/autodl-tmp/helmet_yolo_v10/images/train/PartA_01444.jpg,.jpg,zoom_blur,2,2606387963,PartA_01444__A1C__zoom_blur__s2.png
PartA_01445,/root/autodl-tmp/helmet_yolo_v10/images/train/PartA_01445.jpg,.jpg,contrast,3,2362286787,PartA_01445__A1C__contrast__s3.png
PartA_01446,/root/autodl-tmp/helmet_yolo_v10/images/train/PartA_01446.jpg,.jpg,impulse_noise,2,1380121613,PartA_01446__A1C__impulse_noise__s2.png
PartA_01448,/root/autodl-tmp/helmet_yolo_v10/images/train/PartA_01448.jpg,.jpg,defocus_blur,2,3761112021,PartA_01448__A1C__defocus_blur__s2.png
PartA_01449,/root/autodl-tmp/helmet_yolo_v10/images/train/PartA_01449.jpg,.jpg,zoom_blur,3,472741166,PartA_01449__A1C__zoom_blur__s3.png
PartA_01451,/root/autodl-tmp/helmet_yolo_v10/images/train/PartA_01451.jpg,.jpg,gaussian_noise,1,1847248235,PartA_01451__A1C__gaussian_noise__s1.png
PartA_01455,/root/autodl-tmp/helmet_yolo_v10/images/train/PartA_01455.jpg,.jpg,pixelate,3,3962451076,PartA_01455__A1C__pixelate__s3.png
PartA_01459,/root/autodl-tmp/helmet_yolo_v10/images/train/PartA_01459.jpg,.jpg,zoom_blur,1,1702369250,PartA_01459__A1C__zoom_blur__s1.png
PartA_01460,/root/autodl-tmp/helmet_yolo_v10/images/train/PartA_01460.jpg,.jpg,zoom_blur,1,2802416583,PartA_01460__A1C__zoom_blur__s1.png
PartA_01461,/root/autodl-tmp/helmet_yolo_v10/images/train/PartA_01461.jpg,.jpg,fog,2,2493826397,PartA_01461__A1C__fog__s2.png
PartA_01463,/root/autodl-tmp/helmet_yolo_v10/images/train/PartA_01463.jpg,.jpg,brightness,3,445134060,PartA_01463__A1C__brightness__s3.png
PartA_01464,/root/autodl-tmp/helmet_yolo_v10/images/train/PartA_01464.jpg,.jpg,shot_noise,1,248346331,PartA_01464__A1C__shot_noise__s1.png
PartA_01465,/root/autodl-tmp/helmet_yolo_v10/images/train/PartA_01465.jpg,.jpg,impulse_noise,1,408402567,PartA_01465__A1C__impulse_noise__s1.png
PartA_01466,/root/autodl-tmp/helmet_yolo_v10/images/train/PartA_01466.jpg,.jpg,motion_blur,3,3241733266,PartA_01466__A1C__motion_blur__s3.png
PartA_01467,/root/autodl-tmp/helmet_yolo_v10/images/train/PartA_01467.jpg,.jpg,defocus_blur,1,2390913757,PartA_01467__A1C__defocus_blur__s1.png
PartA_01468,/root/autodl-tmp/helmet_yolo_v10/images/train/PartA_01468.jpg,.jpg,fog,2,669440797,PartA_01468__A1C__fog__s2.png
PartA_01469,/root/autodl-tmp/helmet_yolo_v10/images/train/PartA_01469.jpg,.jpg,brightness,1,4123731323,PartA_01469__A1C__brightness__s1.png
PartA_01471,/root/autodl-tmp/helmet_yolo_v10/images/train/PartA_01471.jpg,.jpg,pixelate,1,2191610642,PartA_01471__A1C__pixelate__s1.png
PartA_01473,/root/autodl-tmp/helmet_yolo_v10/images/train/PartA_01473.jpg,.jpg,impulse_noise,3,3108117520,PartA_01473__A1C__impulse_noise__s3.png
PartA_01474,/root/autodl-tmp/helmet_yolo_v10/images/train/PartA_01474.jpg,.jpg,gaussian_noise,3,2403341368,PartA_01474__A1C__gaussian_noise__s3.png
PartA_01476,/root/autodl-tmp/helmet_yolo_v10/images/train/PartA_01476.jpg,.jpg,glass_blur,3,1559945854,PartA_01476__A1C__glass_blur__s3.png
PartA_01477,/root/autodl-tmp/helmet_yolo_v10/images/train/PartA_01477.jpg,.jpg,brightness,3,1030179682,PartA_01477__A1C__brightness__s3.png
PartA_01478,/root/autodl-tmp/helmet_yolo_v10/images/train/PartA_01478.jpg,.jpg,jpeg_compression,1,258956736,PartA_01478__A1C__jpeg_compression__s1.png
PartA_01479,/root/autodl-tmp/helmet_yolo_v10/images/train/PartA_01479.jpg,.jpg,defocus_blur,1,2280957980,PartA_01479__A1C__defocus_blur__s1.png
PartA_01480,/root/autodl-tmp/helmet_yolo_v10/images/train/PartA_01480.jpg,.jpg,gaussian_noise,3,2703608535,PartA_01480__A1C__gaussian_noise__s3.png
PartA_01481,/root/autodl-tmp/helmet_yolo_v10/images/train/PartA_01481.jpg,.jpg,glass_blur,1,3511680177,PartA_01481__A1C__glass_blur__s1.png
PartA_01482,/root/autodl-tmp/helmet_yolo_v10/images/train/PartA_01482.jpg,.jpg,glass_blur,3,1399056288,PartA_01482__A1C__glass_blur__s3.png
PartA_01483,/root/autodl-tmp/helmet_yolo_v10/images/train/PartA_01483.jpg,.jpg,glass_blur,3,61912243,PartA_01483__A1C__glass_blur__s3.png
PartA_01484,/root/autodl-tmp/helmet_yolo_v10/images/train/PartA_01484.jpg,.jpg,frost,3,851794836,PartA_01484__A1C__frost__s3.png
PartA_01486,/root/autodl-tmp/helmet_yolo_v10/images/train/PartA_01486.jpg,.jpg,motion_blur,3,3016726869,PartA_01486__A1C__motion_blur__s3.png
PartA_01489,/root/autodl-tmp/helmet_yolo_v10/images/train/PartA_01489.jpg,.jpg,motion_blur,3,3947398471,PartA_01489__A1C__motion_blur__s3.png
PartA_01490,/root/autodl-tmp/helmet_yolo_v10/images/train/PartA_01490.jpg,.jpg,brightness,1,525104183,PartA_01490__A1C__brightness__s1.png
PartA_01492,/root/autodl-tmp/helmet_yolo_v10/images/train/PartA_01492.jpg,.jpg,zoom_blur,2,2522005670,PartA_01492__A1C__zoom_blur__s2.png
PartA_01494,/root/autodl-tmp/helmet_yolo_v10/images/train/PartA_01494.jpg,.jpg,shot_noise,1,1219921974,PartA_01494__A1C__shot_noise__s1.png
PartA_01495,/root/autodl-tmp/helmet_yolo_v10/images/train/PartA_01495.jpg,.jpg,contrast,2,537829753,PartA_01495__A1C__contrast__s2.png
PartA_01496,/root/autodl-tmp/helmet_yolo_v10/images/train/PartA_01496.jpg,.jpg,snow,1,2187378751,PartA_01496__A1C__snow__s1.png
PartA_01497,/root/autodl-tmp/helmet_yolo_v10/images/train/PartA_01497.jpg,.jpg,fog,3,1806876214,PartA_01497__A1C__fog__s3.png
PartA_01498,/root/autodl-tmp/helmet_yolo_v10/images/train/PartA_01498.jpg,.jpg,impulse_noise,1,419124062,PartA_01498__A1C__impulse_noise__s1.png
PartA_01499,/root/autodl-tmp/helmet_yolo_v10/images/train/PartA_01499.jpg,.jpg,fog,2,2734366922,PartA_01499__A1C__fog__s2.png
PartA_01500,/root/autodl-tmp/helmet_yolo_v10/images/train/PartA_01500.jpg,.jpg,fog,2,4248298883,PartA_01500__A1C__fog__s2.png
PartA_01502,/root/autodl-tmp/helmet_yolo_v10/images/train/PartA_01502.jpg,.jpg,shot_noise,3,4285280036,PartA_01502__A1C__shot_noise__s3.png
PartA_01503,/root/autodl-tmp/helmet_yolo_v10/images/train/PartA_01503.jpg,.jpg,contrast,1,3419487516,PartA_01503__A1C__contrast__s1.png
PartA_01504,/root/autodl-tmp/helmet_yolo_v10/images/train/PartA_01504.jpg,.jpg,frost,1,1568679383,PartA_01504__A1C__frost__s1.png
PartA_01505,/root/autodl-tmp/helmet_yolo_v10/images/train/PartA_01505.jpg,.jpg,jpeg_compression,1,2356766895,PartA_01505__A1C__jpeg_compression__s1.png
PartA_01506,/root/autodl-tmp/helmet_yolo_v10/images/train/PartA_01506.jpg,.jpg,pixelate,2,3091333186,PartA_01506__A1C__pixelate__s2.png
PartA_01507,/root/autodl-tmp/helmet_yolo_v10/images/train/PartA_01507.jpg,.jpg,contrast,2,2929018862,PartA_01507__A1C__contrast__s2.png
PartA_01508,/root/autodl-tmp/helmet_yolo_v10/images/train/PartA_01508.jpg,.jpg,fog,2,2897181432,PartA_01508__A1C__fog__s2.png
PartA_01509,/root/autodl-tmp/helmet_yolo_v10/images/train/PartA_01509.jpg,.jpg,glass_blur,1,1570075066,PartA_01509__A1C__glass_blur__s1.png
PartA_01510,/root/autodl-tmp/helmet_yolo_v10/images/train/PartA_01510.jpg,.jpg,defocus_blur,2,377150543,PartA_01510__A1C__defocus_blur__s2.png
PartA_01512,/root/autodl-tmp/helmet_yolo_v10/images/train/PartA_01512.jpg,.jpg,snow,3,3119604032,PartA_01512__A1C__snow__s3.png
PartA_01513,/root/autodl-tmp/helmet_yolo_v10/images/train/PartA_01513.jpg,.jpg,fog,2,2376293288,PartA_01513__A1C__fog__s2.png
PartA_01514,/root/autodl-tmp/helmet_yolo_v10/images/train/PartA_01514.jpg,.jpg,defocus_blur,3,3623298554,PartA_01514__A1C__defocus_blur__s3.png
PartA_01515,/root/autodl-tmp/helmet_yolo_v10/images/train/PartA_01515.jpg,.jpg,snow,2,469607900,PartA_01515__A1C__snow__s2.png
PartA_01517,/root/autodl-tmp/helmet_yolo_v10/images/train/PartA_01517.jpg,.jpg,shot_noise,3,3984393742,PartA_01517__A1C__shot_noise__s3.png
PartA_01518,/root/autodl-tmp/helmet_yolo_v10/images/train/PartA_01518.jpg,.jpg,defocus_blur,2,3024469797,PartA_01518__A1C__defocus_blur__s2.png
PartA_01520,/root/autodl-tmp/helmet_yolo_v10/images/train/PartA_01520.jpg,.jpg,impulse_noise,2,1319330015,PartA_01520__A1C__impulse_noise__s2.png
PartA_01522,/root/autodl-tmp/helmet_yolo_v10/images/train/PartA_01522.jpg,.jpg,gaussian_noise,2,2197101103,PartA_01522__A1C__gaussian_noise__s2.png
PartA_01524,/root/autodl-tmp/helmet_yolo_v10/images/train/PartA_01524.jpg,.jpg,snow,1,4187141594,PartA_01524__A1C__snow__s1.png
PartA_01525,/root/autodl-tmp/helmet_yolo_v10/images/train/PartA_01525.jpg,.jpg,impulse_noise,2,3916070493,PartA_01525__A1C__impulse_noise__s2.png
PartA_01527,/root/autodl-tmp/helmet_yolo_v10/images/train/PartA_01527.jpg,.jpg,snow,1,1023779865,PartA_01527__A1C__snow__s1.png
PartA_01528,/root/autodl-tmp/helmet_yolo_v10/images/train/PartA_01528.jpg,.jpg,shot_noise,1,3673910789,PartA_01528__A1C__shot_noise__s1.png
PartA_01529,/root/autodl-tmp/helmet_yolo_v10/images/train/PartA_01529.jpg,.jpg,jpeg_compression,3,3520730472,PartA_01529__A1C__jpeg_compression__s3.png
PartA_01530,/root/autodl-tmp/helmet_yolo_v10/images/train/PartA_01530.jpg,.jpg,gaussian_noise,2,1043544795,PartA_01530__A1C__gaussian_noise__s2.png
PartA_01532,/root/autodl-tmp/helmet_yolo_v10/images/train/PartA_01532.jpg,.jpg,brightness,3,3324333398,PartA_01532__A1C__brightness__s3.png
PartA_01533,/root/autodl-tmp/helmet_yolo_v10/images/train/PartA_01533.jpg,.jpg,zoom_blur,1,2262640450,PartA_01533__A1C__zoom_blur__s1.png
PartA_01534,/root/autodl-tmp/helmet_yolo_v10/images/train/PartA_01534.jpg,.jpg,pixelate,2,575132850,PartA_01534__A1C__pixelate__s2.png
PartA_01535,/root/autodl-tmp/helmet_yolo_v10/images/train/PartA_01535.jpg,.jpg,jpeg_compression,3,3324663602,PartA_01535__A1C__jpeg_compression__s3.png
PartA_01536,/root/autodl-tmp/helmet_yolo_v10/images/train/PartA_01536.jpg,.jpg,zoom_blur,1,2800538660,PartA_01536__A1C__zoom_blur__s1.png
PartA_01538,/root/autodl-tmp/helmet_yolo_v10/images/train/PartA_01538.jpg,.jpg,fog,1,2374208654,PartA_01538__A1C__fog__s1.png
PartA_01540,/root/autodl-tmp/helmet_yolo_v10/images/train/PartA_01540.jpg,.jpg,frost,3,1432773751,PartA_01540__A1C__frost__s3.png
PartA_01541,/root/autodl-tmp/helmet_yolo_v10/images/train/PartA_01541.jpg,.jpg,shot_noise,1,4069686222,PartA_01541__A1C__shot_noise__s1.png
PartA_01542,/root/autodl-tmp/helmet_yolo_v10/images/train/PartA_01542.jpg,.jpg,fog,1,1226858628,PartA_01542__A1C__fog__s1.png
PartA_01543,/root/autodl-tmp/helmet_yolo_v10/images/train/PartA_01543.jpg,.jpg,zoom_blur,3,1305936582,PartA_01543__A1C__zoom_blur__s3.png
PartA_01544,/root/autodl-tmp/helmet_yolo_v10/images/train/PartA_01544.jpg,.jpg,snow,3,1232650537,PartA_01544__A1C__snow__s3.png
PartA_01545,/root/autodl-tmp/helmet_yolo_v10/images/train/PartA_01545.jpg,.jpg,contrast,2,3060953819,PartA_01545__A1C__contrast__s2.png
PartA_01546,/root/autodl-tmp/helmet_yolo_v10/images/train/PartA_01546.jpg,.jpg,pixelate,1,1747205094,PartA_01546__A1C__pixelate__s1.png
PartA_01547,/root/autodl-tmp/helmet_yolo_v10/images/train/PartA_01547.jpg,.jpg,impulse_noise,1,1691818037,PartA_01547__A1C__impulse_noise__s1.png
PartA_01548,/root/autodl-tmp/helmet_yolo_v10/images/train/PartA_01548.jpg,.jpg,snow,2,1788755103,PartA_01548__A1C__snow__s2.png
PartA_01549,/root/autodl-tmp/helmet_yolo_v10/images/train/PartA_01549.jpg,.jpg,shot_noise,2,1856532438,PartA_01549__A1C__shot_noise__s2.png
PartA_01550,/root/autodl-tmp/helmet_yolo_v10/images/train/PartA_01550.jpg,.jpg,zoom_blur,1,3142018879,PartA_01550__A1C__zoom_blur__s1.png
PartA_01551,/root/autodl-tmp/helmet_yolo_v10/images/train/PartA_01551.jpg,.jpg,pixelate,2,686122643,PartA_01551__A1C__pixelate__s2.png
PartA_01553,/root/autodl-tmp/helmet_yolo_v10/images/train/PartA_01553.jpg,.jpg,defocus_blur,1,3369811971,PartA_01553__A1C__defocus_blur__s1.png
PartA_01555,/root/autodl-tmp/helmet_yolo_v10/images/train/PartA_01555.jpg,.jpg,zoom_blur,1,865277149,PartA_01555__A1C__zoom_blur__s1.png
PartA_01557,/root/autodl-tmp/helmet_yolo_v10/images/train/PartA_01557.jpg,.jpg,impulse_noise,2,271822434,PartA_01557__A1C__impulse_noise__s2.png
PartA_01559,/root/autodl-tmp/helmet_yolo_v10/images/train/PartA_01559.jpg,.jpg,gaussian_noise,1,3251225655,PartA_01559__A1C__gaussian_noise__s1.png
PartA_01560,/root/autodl-tmp/helmet_yolo_v10/images/train/PartA_01560.jpg,.jpg,frost,3,4051051342,PartA_01560__A1C__frost__s3.png
PartA_01562,/root/autodl-tmp/helmet_yolo_v10/images/train/PartA_01562.jpg,.jpg,pixelate,2,2864633625,PartA_01562__A1C__pixelate__s2.png
PartA_01563,/root/autodl-tmp/helmet_yolo_v10/images/train/PartA_01563.jpg,.jpg,zoom_blur,1,4092781196,PartA_01563__A1C__zoom_blur__s1.png
PartA_01564,/root/autodl-tmp/helmet_yolo_v10/images/train/PartA_01564.jpg,.jpg,brightness,1,2058154606,PartA_01564__A1C__brightness__s1.png
PartA_01565,/root/autodl-tmp/helmet_yolo_v10/images/train/PartA_01565.jpg,.jpg,snow,1,3113576632,PartA_01565__A1C__snow__s1.png
PartA_01566,/root/autodl-tmp/helmet_yolo_v10/images/train/PartA_01566.jpg,.jpg,gaussian_noise,2,3436695148,PartA_01566__A1C__gaussian_noise__s2.png
PartA_01567,/root/autodl-tmp/helmet_yolo_v10/images/train/PartA_01567.jpg,.jpg,frost,2,3988756312,PartA_01567__A1C__frost__s2.png
PartA_01568,/root/autodl-tmp/helmet_yolo_v10/images/train/PartA_01568.jpg,.jpg,contrast,3,3750126886,PartA_01568__A1C__contrast__s3.png
PartA_01569,/root/autodl-tmp/helmet_yolo_v10/images/train/PartA_01569.jpg,.jpg,pixelate,2,3347333487,PartA_01569__A1C__pixelate__s2.png
PartA_01571,/root/autodl-tmp/helmet_yolo_v10/images/train/PartA_01571.jpg,.jpg,motion_blur,3,2416497725,PartA_01571__A1C__motion_blur__s3.png
PartA_01572,/root/autodl-tmp/helmet_yolo_v10/images/train/PartA_01572.jpg,.jpg,gaussian_noise,1,2817038330,PartA_01572__A1C__gaussian_noise__s1.png
PartA_01573,/root/autodl-tmp/helmet_yolo_v10/images/train/PartA_01573.jpg,.jpg,pixelate,3,2138279932,PartA_01573__A1C__pixelate__s3.png
PartA_01574,/root/autodl-tmp/helmet_yolo_v10/images/train/PartA_01574.jpg,.jpg,pixelate,1,3577848406,PartA_01574__A1C__pixelate__s1.png
PartA_01575,/root/autodl-tmp/helmet_yolo_v10/images/train/PartA_01575.jpg,.jpg,shot_noise,1,2422757884,PartA_01575__A1C__shot_noise__s1.png
PartA_01576,/root/autodl-tmp/helmet_yolo_v10/images/train/PartA_01576.jpg,.jpg,defocus_blur,3,3379103545,PartA_01576__A1C__defocus_blur__s3.png
PartA_01577,/root/autodl-tmp/helmet_yolo_v10/images/train/PartA_01577.jpg,.jpg,brightness,3,1880319258,PartA_01577__A1C__brightness__s3.png
PartA_01578,/root/autodl-tmp/helmet_yolo_v10/images/train/PartA_01578.jpg,.jpg,shot_noise,2,995113589,PartA_01578__A1C__shot_noise__s2.png
PartA_01579,/root/autodl-tmp/helmet_yolo_v10/images/train/PartA_01579.jpg,.jpg,gaussian_noise,3,1696841735,PartA_01579__A1C__gaussian_noise__s3.png
PartA_01580,/root/autodl-tmp/helmet_yolo_v10/images/train/PartA_01580.jpg,.jpg,jpeg_compression,3,1871632568,PartA_01580__A1C__jpeg_compression__s3.png
PartA_01581,/root/autodl-tmp/helmet_yolo_v10/images/train/PartA_01581.jpg,.jpg,zoom_blur,2,3964568140,PartA_01581__A1C__zoom_blur__s2.png
PartA_01582,/root/autodl-tmp/helmet_yolo_v10/images/train/PartA_01582.jpg,.jpg,impulse_noise,3,1643856719,PartA_01582__A1C__impulse_noise__s3.png
PartA_01583,/root/autodl-tmp/helmet_yolo_v10/images/train/PartA_01583.jpg,.jpg,defocus_blur,1,2067235639,PartA_01583__A1C__defocus_blur__s1.png
PartA_01584,/root/autodl-tmp/helmet_yolo_v10/images/train/PartA_01584.jpg,.jpg,contrast,2,2479811855,PartA_01584__A1C__contrast__s2.png
PartA_01585,/root/autodl-tmp/helmet_yolo_v10/images/train/PartA_01585.jpg,.jpg,pixelate,1,3880925316,PartA_01585__A1C__pixelate__s1.png
PartA_01587,/root/autodl-tmp/helmet_yolo_v10/images/train/PartA_01587.jpg,.jpg,contrast,1,2262819368,PartA_01587__A1C__contrast__s1.png
PartA_01588,/root/autodl-tmp/helmet_yolo_v10/images/train/PartA_01588.jpg,.jpg,defocus_blur,1,1110733294,PartA_01588__A1C__defocus_blur__s1.png
PartA_01589,/root/autodl-tmp/helmet_yolo_v10/images/train/PartA_01589.jpg,.jpg,glass_blur,3,2183546957,PartA_01589__A1C__glass_blur__s3.png
PartA_01591,/root/autodl-tmp/helmet_yolo_v10/images/train/PartA_01591.jpg,.jpg,snow,2,2411173437,PartA_01591__A1C__snow__s2.png
PartA_01592,/root/autodl-tmp/helmet_yolo_v10/images/train/PartA_01592.jpg,.jpg,frost,2,3465234918,PartA_01592__A1C__frost__s2.png
PartA_01596,/root/autodl-tmp/helmet_yolo_v10/images/train/PartA_01596.jpg,.jpg,shot_noise,2,2609569680,PartA_01596__A1C__shot_noise__s2.png
PartA_01598,/root/autodl-tmp/helmet_yolo_v10/images/train/PartA_01598.jpg,.jpg,impulse_noise,2,3411930484,PartA_01598__A1C__impulse_noise__s2.png
PartA_01599,/root/autodl-tmp/helmet_yolo_v10/images/train/PartA_01599.jpg,.jpg,jpeg_compression,1,4043911423,PartA_01599__A1C__jpeg_compression__s1.png
PartA_01600,/root/autodl-tmp/helmet_yolo_v10/images/train/PartA_01600.jpg,.jpg,shot_noise,2,3595584183,PartA_01600__A1C__shot_noise__s2.png
PartA_01601,/root/autodl-tmp/helmet_yolo_v10/images/train/PartA_01601.jpg,.jpg,shot_noise,1,3911144937,PartA_01601__A1C__shot_noise__s1.png
PartA_01602,/root/autodl-tmp/helmet_yolo_v10/images/train/PartA_01602.jpg,.jpg,jpeg_compression,1,2669495815,PartA_01602__A1C__jpeg_compression__s1.png
PartA_01603,/root/autodl-tmp/helmet_yolo_v10/images/train/PartA_01603.jpg,.jpg,zoom_blur,2,4239512187,PartA_01603__A1C__zoom_blur__s2.png
PartA_01605,/root/autodl-tmp/helmet_yolo_v10/images/train/PartA_01605.jpg,.jpg,frost,3,326387555,PartA_01605__A1C__frost__s3.png
PartA_01606,/root/autodl-tmp/helmet_yolo_v10/images/train/PartA_01606.jpg,.jpg,contrast,2,743516486,PartA_01606__A1C__contrast__s2.png
PartA_01607,/root/autodl-tmp/helmet_yolo_v10/images/train/PartA_01607.jpg,.jpg,fog,1,2758002893,PartA_01607__A1C__fog__s1.png
PartA_01609,/root/autodl-tmp/helmet_yolo_v10/images/train/PartA_01609.jpg,.jpg,pixelate,2,3037860868,PartA_01609__A1C__pixelate__s2.png
PartA_01610,/root/autodl-tmp/helmet_yolo_v10/images/train/PartA_01610.jpg,.jpg,frost,3,1364636698,PartA_01610__A1C__frost__s3.png
PartA_01612,/root/autodl-tmp/helmet_yolo_v10/images/train/PartA_01612.jpg,.jpg,gaussian_noise,1,4197742775,PartA_01612__A1C__gaussian_noise__s1.png
PartA_01613,/root/autodl-tmp/helmet_yolo_v10/images/train/PartA_01613.jpg,.jpg,shot_noise,2,3282287466,PartA_01613__A1C__shot_noise__s2.png
PartA_01614,/root/autodl-tmp/helmet_yolo_v10/images/train/PartA_01614.jpg,.jpg,gaussian_noise,1,2946371392,PartA_01614__A1C__gaussian_noise__s1.png
PartA_01615,/root/autodl-tmp/helmet_yolo_v10/images/train/PartA_01615.jpg,.jpg,brightness,2,4197674115,PartA_01615__A1C__brightness__s2.png
PartA_01616,/root/autodl-tmp/helmet_yolo_v10/images/train/PartA_01616.jpg,.jpg,shot_noise,1,1318841307,PartA_01616__A1C__shot_noise__s1.png
PartA_01617,/root/autodl-tmp/helmet_yolo_v10/images/train/PartA_01617.jpg,.jpg,snow,1,651127819,PartA_01617__A1C__snow__s1.png
PartA_01618,/root/autodl-tmp/helmet_yolo_v10/images/train/PartA_01618.jpg,.jpg,frost,2,1798275144,PartA_01618__A1C__frost__s2.png
PartA_01620,/root/autodl-tmp/helmet_yolo_v10/images/train/PartA_01620.jpg,.jpg,impulse_noise,2,22892057,PartA_01620__A1C__impulse_noise__s2.png
PartA_01621,/root/autodl-tmp/helmet_yolo_v10/images/train/PartA_01621.jpg,.jpg,contrast,3,3427003483,PartA_01621__A1C__contrast__s3.png
PartA_01622,/root/autodl-tmp/helmet_yolo_v10/images/train/PartA_01622.jpg,.jpg,brightness,1,636520115,PartA_01622__A1C__brightness__s1.png
PartA_01623,/root/autodl-tmp/helmet_yolo_v10/images/train/PartA_01623.jpg,.jpg,pixelate,1,3487914006,PartA_01623__A1C__pixelate__s1.png
PartA_01624,/root/autodl-tmp/helmet_yolo_v10/images/train/PartA_01624.jpg,.jpg,motion_blur,1,1147829085,PartA_01624__A1C__motion_blur__s1.png
PartA_01625,/root/autodl-tmp/helmet_yolo_v10/images/train/PartA_01625.jpg,.jpg,fog,3,1079763299,PartA_01625__A1C__fog__s3.png
PartA_01627,/root/autodl-tmp/helmet_yolo_v10/images/train/PartA_01627.jpg,.jpg,defocus_blur,1,3540695490,PartA_01627__A1C__defocus_blur__s1.png
PartA_01629,/root/autodl-tmp/helmet_yolo_v10/images/train/PartA_01629.jpg,.jpg,impulse_noise,1,1435749336,PartA_01629__A1C__impulse_noise__s1.png
PartA_01630,/root/autodl-tmp/helmet_yolo_v10/images/train/PartA_01630.jpg,.jpg,brightness,1,3350882632,PartA_01630__A1C__brightness__s1.png
PartA_01631,/root/autodl-tmp/helmet_yolo_v10/images/train/PartA_01631.jpg,.jpg,snow,1,3219785792,PartA_01631__A1C__snow__s1.png
PartA_01632,/root/autodl-tmp/helmet_yolo_v10/images/train/PartA_01632.jpg,.jpg,contrast,3,4156183953,PartA_01632__A1C__contrast__s3.png
PartA_01634,/root/autodl-tmp/helmet_yolo_v10/images/train/PartA_01634.jpg,.jpg,defocus_blur,3,2936341474,PartA_01634__A1C__defocus_blur__s3.png
PartA_01635,/root/autodl-tmp/helmet_yolo_v10/images/train/PartA_01635.jpg,.jpg,snow,2,3356266272,PartA_01635__A1C__snow__s2.png
PartA_01636,/root/autodl-tmp/helmet_yolo_v10/images/train/PartA_01636.jpg,.jpg,gaussian_noise,1,1541060361,PartA_01636__A1C__gaussian_noise__s1.png
PartA_01637,/root/autodl-tmp/helmet_yolo_v10/images/train/PartA_01637.jpg,.jpg,shot_noise,3,642168667,PartA_01637__A1C__shot_noise__s3.png
PartA_01641,/root/autodl-tmp/helmet_yolo_v10/images/train/PartA_01641.jpg,.jpg,shot_noise,3,3537386108,PartA_01641__A1C__shot_noise__s3.png
PartA_01643,/root/autodl-tmp/helmet_yolo_v10/images/train/PartA_01643.jpg,.jpg,brightness,2,790395998,PartA_01643__A1C__brightness__s2.png
PartA_01644,/root/autodl-tmp/helmet_yolo_v10/images/train/PartA_01644.jpg,.jpg,impulse_noise,2,45787455,PartA_01644__A1C__impulse_noise__s2.png
PartA_01645,/root/autodl-tmp/helmet_yolo_v10/images/train/PartA_01645.jpg,.jpg,glass_blur,1,604785416,PartA_01645__A1C__glass_blur__s1.png
PartA_01646,/root/autodl-tmp/helmet_yolo_v10/images/train/PartA_01646.jpg,.jpg,snow,3,3564379474,PartA_01646__A1C__snow__s3.png
PartA_01647,/root/autodl-tmp/helmet_yolo_v10/images/train/PartA_01647.jpg,.jpg,frost,1,1864305178,PartA_01647__A1C__frost__s1.png
PartA_01648,/root/autodl-tmp/helmet_yolo_v10/images/train/PartA_01648.jpg,.jpg,defocus_blur,2,4037409965,PartA_01648__A1C__defocus_blur__s2.png
PartA_01649,/root/autodl-tmp/helmet_yolo_v10/images/train/PartA_01649.jpg,.jpg,snow,3,3599348486,PartA_01649__A1C__snow__s3.png
PartA_01651,/root/autodl-tmp/helmet_yolo_v10/images/train/PartA_01651.jpg,.jpg,snow,3,2595023112,PartA_01651__A1C__snow__s3.png
PartA_01652,/root/autodl-tmp/helmet_yolo_v10/images/train/PartA_01652.jpg,.jpg,fog,1,1990608586,PartA_01652__A1C__fog__s1.png
PartA_01653,/root/autodl-tmp/helmet_yolo_v10/images/train/PartA_01653.jpg,.jpg,brightness,1,1786735632,PartA_01653__A1C__brightness__s1.png
PartA_01654,/root/autodl-tmp/helmet_yolo_v10/images/train/PartA_01654.jpg,.jpg,contrast,2,1106264901,PartA_01654__A1C__contrast__s2.png
PartA_01655,/root/autodl-tmp/helmet_yolo_v10/images/train/PartA_01655.jpg,.jpg,glass_blur,2,1064788530,PartA_01655__A1C__glass_blur__s2.png
PartA_01656,/root/autodl-tmp/helmet_yolo_v10/images/train/PartA_01656.jpg,.jpg,zoom_blur,1,604318734,PartA_01656__A1C__zoom_blur__s1.png
PartA_01657,/root/autodl-tmp/helmet_yolo_v10/images/train/PartA_01657.jpg,.jpg,zoom_blur,3,3090099269,PartA_01657__A1C__zoom_blur__s3.png
PartA_01658,/root/autodl-tmp/helmet_yolo_v10/images/train/PartA_01658.jpg,.jpg,zoom_blur,2,603162815,PartA_01658__A1C__zoom_blur__s2.png
PartA_01659,/root/autodl-tmp/helmet_yolo_v10/images/train/PartA_01659.jpg,.jpg,motion_blur,3,3247816245,PartA_01659__A1C__motion_blur__s3.png
PartA_01660,/root/autodl-tmp/helmet_yolo_v10/images/train/PartA_01660.jpg,.jpg,gaussian_noise,1,2482623487,PartA_01660__A1C__gaussian_noise__s1.png
PartA_01661,/root/autodl-tmp/helmet_yolo_v10/images/train/PartA_01661.jpg,.jpg,zoom_blur,2,1275246281,PartA_01661__A1C__zoom_blur__s2.png
PartA_01662,/root/autodl-tmp/helmet_yolo_v10/images/train/PartA_01662.jpg,.jpg,glass_blur,2,1031947076,PartA_01662__A1C__glass_blur__s2.png
PartA_01663,/root/autodl-tmp/helmet_yolo_v10/images/train/PartA_01663.jpg,.jpg,motion_blur,2,3675482435,PartA_01663__A1C__motion_blur__s2.png
PartA_01664,/root/autodl-tmp/helmet_yolo_v10/images/train/PartA_01664.jpg,.jpg,impulse_noise,3,2708588367,PartA_01664__A1C__impulse_noise__s3.png
PartA_01665,/root/autodl-tmp/helmet_yolo_v10/images/train/PartA_01665.jpg,.jpg,snow,3,1636290660,PartA_01665__A1C__snow__s3.png
PartA_01667,/root/autodl-tmp/helmet_yolo_v10/images/train/PartA_01667.jpg,.jpg,impulse_noise,1,3024905245,PartA_01667__A1C__impulse_noise__s1.png
PartA_01669,/root/autodl-tmp/helmet_yolo_v10/images/train/PartA_01669.jpg,.jpg,frost,2,3869965317,PartA_01669__A1C__frost__s2.png
PartA_01672,/root/autodl-tmp/helmet_yolo_v10/images/train/PartA_01672.jpg,.jpg,pixelate,3,1204060857,PartA_01672__A1C__pixelate__s3.png
PartA_01673,/root/autodl-tmp/helmet_yolo_v10/images/train/PartA_01673.jpg,.jpg,impulse_noise,1,4032430564,PartA_01673__A1C__impulse_noise__s1.png
PartA_01675,/root/autodl-tmp/helmet_yolo_v10/images/train/PartA_01675.jpg,.jpg,defocus_blur,3,1865415105,PartA_01675__A1C__defocus_blur__s3.png
PartA_01676,/root/autodl-tmp/helmet_yolo_v10/images/train/PartA_01676.jpg,.jpg,frost,1,2104063436,PartA_01676__A1C__frost__s1.png
PartA_01677,/root/autodl-tmp/helmet_yolo_v10/images/train/PartA_01677.jpg,.jpg,fog,3,3886036293,PartA_01677__A1C__fog__s3.png
PartA_01678,/root/autodl-tmp/helmet_yolo_v10/images/train/PartA_01678.jpg,.jpg,frost,2,1834709764,PartA_01678__A1C__frost__s2.png
PartA_01679,/root/autodl-tmp/helmet_yolo_v10/images/train/PartA_01679.jpg,.jpg,frost,1,4177348803,PartA_01679__A1C__frost__s1.png
PartA_01680,/root/autodl-tmp/helmet_yolo_v10/images/train/PartA_01680.jpg,.jpg,defocus_blur,1,1479334187,PartA_01680__A1C__defocus_blur__s1.png
PartA_01682,/root/autodl-tmp/helmet_yolo_v10/images/train/PartA_01682.jpg,.jpg,defocus_blur,2,1656767550,PartA_01682__A1C__defocus_blur__s2.png
PartA_01684,/root/autodl-tmp/helmet_yolo_v10/images/train/PartA_01684.jpg,.jpg,gaussian_noise,1,2920566743,PartA_01684__A1C__gaussian_noise__s1.png
PartA_01686,/root/autodl-tmp/helmet_yolo_v10/images/train/PartA_01686.jpg,.jpg,snow,2,1836499130,PartA_01686__A1C__snow__s2.png
PartA_01687,/root/autodl-tmp/helmet_yolo_v10/images/train/PartA_01687.jpg,.jpg,motion_blur,1,3362463967,PartA_01687__A1C__motion_blur__s1.png
PartA_01689,/root/autodl-tmp/helmet_yolo_v10/images/train/PartA_01689.jpg,.jpg,contrast,2,2892801716,PartA_01689__A1C__contrast__s2.png
PartA_01692,/root/autodl-tmp/helmet_yolo_v10/images/train/PartA_01692.jpg,.jpg,fog,3,3570691594,PartA_01692__A1C__fog__s3.png
PartA_01695,/root/autodl-tmp/helmet_yolo_v10/images/train/PartA_01695.jpg,.jpg,jpeg_compression,2,3551150037,PartA_01695__A1C__jpeg_compression__s2.png
PartA_01698,/root/autodl-tmp/helmet_yolo_v10/images/train/PartA_01698.jpg,.jpg,gaussian_noise,3,3872873414,PartA_01698__A1C__gaussian_noise__s3.png
PartA_01699,/root/autodl-tmp/helmet_yolo_v10/images/train/PartA_01699.jpg,.jpg,defocus_blur,1,112092440,PartA_01699__A1C__defocus_blur__s1.png
PartA_01700,/root/autodl-tmp/helmet_yolo_v10/images/train/PartA_01700.jpg,.jpg,fog,1,3447246901,PartA_01700__A1C__fog__s1.png
PartA_01701,/root/autodl-tmp/helmet_yolo_v10/images/train/PartA_01701.jpg,.jpg,fog,3,3986591046,PartA_01701__A1C__fog__s3.png
PartA_01702,/root/autodl-tmp/helmet_yolo_v10/images/train/PartA_01702.jpg,.jpg,brightness,3,2403540854,PartA_01702__A1C__brightness__s3.png
PartA_01703,/root/autodl-tmp/helmet_yolo_v10/images/train/PartA_01703.jpg,.jpg,motion_blur,3,1599094507,PartA_01703__A1C__motion_blur__s3.png
PartA_01704,/root/autodl-tmp/helmet_yolo_v10/images/train/PartA_01704.jpg,.jpg,shot_noise,2,2642263282,PartA_01704__A1C__shot_noise__s2.png
PartA_01706,/root/autodl-tmp/helmet_yolo_v10/images/train/PartA_01706.jpg,.jpg,fog,1,77610371,PartA_01706__A1C__fog__s1.png
PartA_01708,/root/autodl-tmp/helmet_yolo_v10/images/train/PartA_01708.jpg,.jpg,brightness,2,3550809316,PartA_01708__A1C__brightness__s2.png
PartA_01709,/root/autodl-tmp/helmet_yolo_v10/images/train/PartA_01709.jpg,.jpg,defocus_blur,2,2912786310,PartA_01709__A1C__defocus_blur__s2.png
PartA_01710,/root/autodl-tmp/helmet_yolo_v10/images/train/PartA_01710.jpg,.jpg,defocus_blur,3,662229198,PartA_01710__A1C__defocus_blur__s3.png
PartA_01711,/root/autodl-tmp/helmet_yolo_v10/images/train/PartA_01711.jpg,.jpg,shot_noise,3,4091356932,PartA_01711__A1C__shot_noise__s3.png
PartA_01712,/root/autodl-tmp/helmet_yolo_v10/images/train/PartA_01712.jpg,.jpg,zoom_blur,1,270626270,PartA_01712__A1C__zoom_blur__s1.png
PartA_01714,/root/autodl-tmp/helmet_yolo_v10/images/train/PartA_01714.jpg,.jpg,shot_noise,3,1458416850,PartA_01714__A1C__shot_noise__s3.png
PartA_01715,/root/autodl-tmp/helmet_yolo_v10/images/train/PartA_01715.jpg,.jpg,frost,1,2387362853,PartA_01715__A1C__frost__s1.png
PartA_01716,/root/autodl-tmp/helmet_yolo_v10/images/train/PartA_01716.jpg,.jpg,zoom_blur,2,3847831437,PartA_01716__A1C__zoom_blur__s2.png
PartA_01718,/root/autodl-tmp/helmet_yolo_v10/images/train/PartA_01718.jpg,.jpg,contrast,2,3193963872,PartA_01718__A1C__contrast__s2.png
PartA_01719,/root/autodl-tmp/helmet_yolo_v10/images/train/PartA_01719.jpg,.jpg,zoom_blur,1,1709028060,PartA_01719__A1C__zoom_blur__s1.png
PartA_01721,/root/autodl-tmp/helmet_yolo_v10/images/train/PartA_01721.jpg,.jpg,brightness,2,2708662852,PartA_01721__A1C__brightness__s2.png
PartA_01724,/root/autodl-tmp/helmet_yolo_v10/images/train/PartA_01724.jpg,.jpg,frost,1,1315788230,PartA_01724__A1C__frost__s1.png
PartA_01725,/root/autodl-tmp/helmet_yolo_v10/images/train/PartA_01725.jpg,.jpg,zoom_blur,1,2362280713,PartA_01725__A1C__zoom_blur__s1.png
PartA_01726,/root/autodl-tmp/helmet_yolo_v10/images/train/PartA_01726.jpg,.jpg,impulse_noise,1,2714008836,PartA_01726__A1C__impulse_noise__s1.png
PartA_01727,/root/autodl-tmp/helmet_yolo_v10/images/train/PartA_01727.jpg,.jpg,defocus_blur,3,1542029525,PartA_01727__A1C__defocus_blur__s3.png
PartA_01729,/root/autodl-tmp/helmet_yolo_v10/images/train/PartA_01729.jpg,.jpg,jpeg_compression,1,4027602535,PartA_01729__A1C__jpeg_compression__s1.png
PartA_01730,/root/autodl-tmp/helmet_yolo_v10/images/train/PartA_01730.jpg,.jpg,zoom_blur,2,930270996,PartA_01730__A1C__zoom_blur__s2.png
PartA_01732,/root/autodl-tmp/helmet_yolo_v10/images/train/PartA_01732.jpg,.jpg,frost,1,3713772522,PartA_01732__A1C__frost__s1.png
PartA_01733,/root/autodl-tmp/helmet_yolo_v10/images/train/PartA_01733.jpg,.jpg,fog,2,21270488,PartA_01733__A1C__fog__s2.png
PartA_01734,/root/autodl-tmp/helmet_yolo_v10/images/train/PartA_01734.jpg,.jpg,contrast,1,3195706487,PartA_01734__A1C__contrast__s1.png
PartA_01735,/root/autodl-tmp/helmet_yolo_v10/images/train/PartA_01735.jpg,.jpg,frost,2,429801439,PartA_01735__A1C__frost__s2.png
PartA_01737,/root/autodl-tmp/helmet_yolo_v10/images/train/PartA_01737.jpg,.jpg,gaussian_noise,1,651115547,PartA_01737__A1C__gaussian_noise__s1.png
PartA_01739,/root/autodl-tmp/helmet_yolo_v10/images/train/PartA_01739.jpg,.jpg,gaussian_noise,1,2645992493,PartA_01739__A1C__gaussian_noise__s1.png
PartA_01740,/root/autodl-tmp/helmet_yolo_v10/images/train/PartA_01740.jpg,.jpg,zoom_blur,1,4111222391,PartA_01740__A1C__zoom_blur__s1.png
PartA_01741,/root/autodl-tmp/helmet_yolo_v10/images/train/PartA_01741.jpg,.jpg,fog,2,2003296231,PartA_01741__A1C__fog__s2.png
PartA_01742,/root/autodl-tmp/helmet_yolo_v10/images/train/PartA_01742.jpg,.jpg,brightness,1,2033420900,PartA_01742__A1C__brightness__s1.png
PartA_01743,/root/autodl-tmp/helmet_yolo_v10/images/train/PartA_01743.jpg,.jpg,glass_blur,1,4268293546,PartA_01743__A1C__glass_blur__s1.png
PartA_01744,/root/autodl-tmp/helmet_yolo_v10/images/train/PartA_01744.jpg,.jpg,defocus_blur,1,2685468795,PartA_01744__A1C__defocus_blur__s1.png
PartA_01745,/root/autodl-tmp/helmet_yolo_v10/images/train/PartA_01745.jpg,.jpg,gaussian_noise,1,2876446373,PartA_01745__A1C__gaussian_noise__s1.png
PartA_01749,/root/autodl-tmp/helmet_yolo_v10/images/train/PartA_01749.jpg,.jpg,contrast,3,3025315433,PartA_01749__A1C__contrast__s3.png
PartA_01750,/root/autodl-tmp/helmet_yolo_v10/images/train/PartA_01750.jpg,.jpg,jpeg_compression,2,2757263989,PartA_01750__A1C__jpeg_compression__s2.png
PartA_01752,/root/autodl-tmp/helmet_yolo_v10/images/train/PartA_01752.jpg,.jpg,defocus_blur,2,2831393565,PartA_01752__A1C__defocus_blur__s2.png
PartA_01753,/root/autodl-tmp/helmet_yolo_v10/images/train/PartA_01753.jpg,.jpg,pixelate,1,636122050,PartA_01753__A1C__pixelate__s1.png
PartA_01754,/root/autodl-tmp/helmet_yolo_v10/images/train/PartA_01754.jpg,.jpg,shot_noise,2,1993205314,PartA_01754__A1C__shot_noise__s2.png
PartA_01755,/root/autodl-tmp/helmet_yolo_v10/images/train/PartA_01755.jpg,.jpg,defocus_blur,2,1865788223,PartA_01755__A1C__defocus_blur__s2.png
PartA_01756,/root/autodl-tmp/helmet_yolo_v10/images/train/PartA_01756.jpg,.jpg,motion_blur,2,2198623008,PartA_01756__A1C__motion_blur__s2.png
PartA_01758,/root/autodl-tmp/helmet_yolo_v10/images/train/PartA_01758.jpg,.jpg,snow,2,1061263563,PartA_01758__A1C__snow__s2.png
PartA_01760,/root/autodl-tmp/helmet_yolo_v10/images/train/PartA_01760.jpg,.jpg,shot_noise,3,215594469,PartA_01760__A1C__shot_noise__s3.png
PartA_01761,/root/autodl-tmp/helmet_yolo_v10/images/train/PartA_01761.jpg,.jpg,frost,2,247988208,PartA_01761__A1C__frost__s2.png
PartA_01763,/root/autodl-tmp/helmet_yolo_v10/images/train/PartA_01763.jpg,.jpg,frost,1,1398045430,PartA_01763__A1C__frost__s1.png
PartA_01765,/root/autodl-tmp/helmet_yolo_v10/images/train/PartA_01765.jpg,.jpg,snow,3,4066547207,PartA_01765__A1C__snow__s3.png
PartA_01766,/root/autodl-tmp/helmet_yolo_v10/images/train/PartA_01766.jpg,.jpg,shot_noise,1,3823377722,PartA_01766__A1C__shot_noise__s1.png
PartA_01768,/root/autodl-tmp/helmet_yolo_v10/images/train/PartA_01768.jpg,.jpg,motion_blur,2,609985205,PartA_01768__A1C__motion_blur__s2.png
PartA_01771,/root/autodl-tmp/helmet_yolo_v10/images/train/PartA_01771.jpg,.jpg,glass_blur,2,4136295696,PartA_01771__A1C__glass_blur__s2.png
PartA_01772,/root/autodl-tmp/helmet_yolo_v10/images/train/PartA_01772.jpg,.jpg,frost,3,1428540563,PartA_01772__A1C__frost__s3.png
PartA_01773,/root/autodl-tmp/helmet_yolo_v10/images/train/PartA_01773.jpg,.jpg,impulse_noise,3,3017994748,PartA_01773__A1C__impulse_noise__s3.png
PartA_01774,/root/autodl-tmp/helmet_yolo_v10/images/train/PartA_01774.jpg,.jpg,gaussian_noise,1,479640312,PartA_01774__A1C__gaussian_noise__s1.png
PartA_01775,/root/autodl-tmp/helmet_yolo_v10/images/train/PartA_01775.jpg,.jpg,frost,3,2119972757,PartA_01775__A1C__frost__s3.png
PartA_01777,/root/autodl-tmp/helmet_yolo_v10/images/train/PartA_01777.jpg,.jpg,shot_noise,3,726731916,PartA_01777__A1C__shot_noise__s3.png
PartA_01780,/root/autodl-tmp/helmet_yolo_v10/images/train/PartA_01780.jpg,.jpg,pixelate,3,61425015,PartA_01780__A1C__pixelate__s3.png
PartA_01781,/root/autodl-tmp/helmet_yolo_v10/images/train/PartA_01781.jpg,.jpg,motion_blur,1,688074472,PartA_01781__A1C__motion_blur__s1.png
PartA_01782,/root/autodl-tmp/helmet_yolo_v10/images/train/PartA_01782.jpg,.jpg,snow,2,537302925,PartA_01782__A1C__snow__s2.png
PartA_01783,/root/autodl-tmp/helmet_yolo_v10/images/train/PartA_01783.jpg,.jpg,impulse_noise,2,1405068190,PartA_01783__A1C__impulse_noise__s2.png
PartA_01784,/root/autodl-tmp/helmet_yolo_v10/images/train/PartA_01784.jpg,.jpg,fog,3,430677915,PartA_01784__A1C__fog__s3.png
PartA_01787,/root/autodl-tmp/helmet_yolo_v10/images/train/PartA_01787.jpg,.jpg,fog,1,730749296,PartA_01787__A1C__fog__s1.png
PartA_01788,/root/autodl-tmp/helmet_yolo_v10/images/train/PartA_01788.jpg,.jpg,impulse_noise,2,2818832435,PartA_01788__A1C__impulse_noise__s2.png
PartA_01789,/root/autodl-tmp/helmet_yolo_v10/images/train/PartA_01789.jpg,.jpg,brightness,3,2710785730,PartA_01789__A1C__brightness__s3.png
PartA_01790,/root/autodl-tmp/helmet_yolo_v10/images/train/PartA_01790.jpg,.jpg,pixelate,2,883797144,PartA_01790__A1C__pixelate__s2.png
PartA_01792,/root/autodl-tmp/helmet_yolo_v10/images/train/PartA_01792.jpg,.jpg,shot_noise,3,2792844340,PartA_01792__A1C__shot_noise__s3.png
PartA_01793,/root/autodl-tmp/helmet_yolo_v10/images/train/PartA_01793.jpg,.jpg,shot_noise,1,3725957726,PartA_01793__A1C__shot_noise__s1.png
PartA_01794,/root/autodl-tmp/helmet_yolo_v10/images/train/PartA_01794.jpg,.jpg,gaussian_noise,1,596962024,PartA_01794__A1C__gaussian_noise__s1.png
PartA_01796,/root/autodl-tmp/helmet_yolo_v10/images/train/PartA_01796.jpg,.jpg,contrast,1,3048338018,PartA_01796__A1C__contrast__s1.png
PartA_01797,/root/autodl-tmp/helmet_yolo_v10/images/train/PartA_01797.jpg,.jpg,contrast,1,3422631209,PartA_01797__A1C__contrast__s1.png
PartA_01798,/root/autodl-tmp/helmet_yolo_v10/images/train/PartA_01798.jpg,.jpg,glass_blur,1,3023739639,PartA_01798__A1C__glass_blur__s1.png
PartA_01799,/root/autodl-tmp/helmet_yolo_v10/images/train/PartA_01799.jpg,.jpg,jpeg_compression,1,3529570600,PartA_01799__A1C__jpeg_compression__s1.png
PartA_01800,/root/autodl-tmp/helmet_yolo_v10/images/train/PartA_01800.jpg,.jpg,defocus_blur,1,3597264692,PartA_01800__A1C__defocus_blur__s1.png
PartA_01802,/root/autodl-tmp/helmet_yolo_v10/images/train/PartA_01802.jpg,.jpg,gaussian_noise,3,2280963680,PartA_01802__A1C__gaussian_noise__s3.png
PartA_01803,/root/autodl-tmp/helmet_yolo_v10/images/train/PartA_01803.jpg,.jpg,zoom_blur,3,603210949,PartA_01803__A1C__zoom_blur__s3.png
PartA_01804,/root/autodl-tmp/helmet_yolo_v10/images/train/PartA_01804.jpg,.jpg,shot_noise,2,2850862012,PartA_01804__A1C__shot_noise__s2.png
PartA_01805,/root/autodl-tmp/helmet_yolo_v10/images/train/PartA_01805.jpg,.jpg,jpeg_compression,3,1638528878,PartA_01805__A1C__jpeg_compression__s3.png
PartA_01806,/root/autodl-tmp/helmet_yolo_v10/images/train/PartA_01806.jpg,.jpg,brightness,3,4225479354,PartA_01806__A1C__brightness__s3.png
PartA_01807,/root/autodl-tmp/helmet_yolo_v10/images/train/PartA_01807.jpg,.jpg,brightness,1,3294745978,PartA_01807__A1C__brightness__s1.png
PartA_01808,/root/autodl-tmp/helmet_yolo_v10/images/train/PartA_01808.jpg,.jpg,zoom_blur,2,2856910613,PartA_01808__A1C__zoom_blur__s2.png
PartA_01810,/root/autodl-tmp/helmet_yolo_v10/images/train/PartA_01810.jpg,.jpg,glass_blur,3,4160505264,PartA_01810__A1C__glass_blur__s3.png
PartA_01812,/root/autodl-tmp/helmet_yolo_v10/images/train/PartA_01812.jpg,.jpg,motion_blur,3,1804148993,PartA_01812__A1C__motion_blur__s3.png
PartA_01813,/root/autodl-tmp/helmet_yolo_v10/images/train/PartA_01813.jpg,.jpg,snow,2,3038069239,PartA_01813__A1C__snow__s2.png
PartA_01814,/root/autodl-tmp/helmet_yolo_v10/images/train/PartA_01814.jpg,.jpg,glass_blur,1,118215921,PartA_01814__A1C__glass_blur__s1.png
PartA_01815,/root/autodl-tmp/helmet_yolo_v10/images/train/PartA_01815.jpg,.jpg,shot_noise,2,477167099,PartA_01815__A1C__shot_noise__s2.png
PartA_01816,/root/autodl-tmp/helmet_yolo_v10/images/train/PartA_01816.jpg,.jpg,pixelate,3,4241943193,PartA_01816__A1C__pixelate__s3.png
PartA_01817,/root/autodl-tmp/helmet_yolo_v10/images/train/PartA_01817.jpg,.jpg,impulse_noise,3,291065570,PartA_01817__A1C__impulse_noise__s3.png
PartA_01818,/root/autodl-tmp/helmet_yolo_v10/images/train/PartA_01818.jpg,.jpg,fog,1,3833601110,PartA_01818__A1C__fog__s1.png
PartA_01819,/root/autodl-tmp/helmet_yolo_v10/images/train/PartA_01819.jpg,.jpg,impulse_noise,3,881541909,PartA_01819__A1C__impulse_noise__s3.png
PartA_01820,/root/autodl-tmp/helmet_yolo_v10/images/train/PartA_01820.jpg,.jpg,contrast,3,567447841,PartA_01820__A1C__contrast__s3.png
PartA_01821,/root/autodl-tmp/helmet_yolo_v10/images/train/PartA_01821.jpg,.jpg,impulse_noise,2,2540304322,PartA_01821__A1C__impulse_noise__s2.png
PartA_01822,/root/autodl-tmp/helmet_yolo_v10/images/train/PartA_01822.jpg,.jpg,motion_blur,3,1542497260,PartA_01822__A1C__motion_blur__s3.png
PartA_01824,/root/autodl-tmp/helmet_yolo_v10/images/train/PartA_01824.jpg,.jpg,gaussian_noise,2,4182512023,PartA_01824__A1C__gaussian_noise__s2.png
PartA_01825,/root/autodl-tmp/helmet_yolo_v10/images/train/PartA_01825.jpg,.jpg,snow,3,1323196484,PartA_01825__A1C__snow__s3.png
PartA_01827,/root/autodl-tmp/helmet_yolo_v10/images/train/PartA_01827.jpg,.jpg,pixelate,2,394725149,PartA_01827__A1C__pixelate__s2.png
PartA_01829,/root/autodl-tmp/helmet_yolo_v10/images/train/PartA_01829.jpg,.jpg,gaussian_noise,3,2052370271,PartA_01829__A1C__gaussian_noise__s3.png
PartA_01830,/root/autodl-tmp/helmet_yolo_v10/images/train/PartA_01830.jpg,.jpg,glass_blur,3,2965883904,PartA_01830__A1C__glass_blur__s3.png
PartA_01831,/root/autodl-tmp/helmet_yolo_v10/images/train/PartA_01831.jpg,.jpg,contrast,2,242565430,PartA_01831__A1C__contrast__s2.png
PartA_01832,/root/autodl-tmp/helmet_yolo_v10/images/train/PartA_01832.jpg,.jpg,jpeg_compression,1,1153602677,PartA_01832__A1C__jpeg_compression__s1.png
PartA_01834,/root/autodl-tmp/helmet_yolo_v10/images/train/PartA_01834.jpg,.jpg,impulse_noise,1,2712592539,PartA_01834__A1C__impulse_noise__s1.png
PartA_01835,/root/autodl-tmp/helmet_yolo_v10/images/train/PartA_01835.jpg,.jpg,fog,3,3962000624,PartA_01835__A1C__fog__s3.png
PartA_01836,/root/autodl-tmp/helmet_yolo_v10/images/train/PartA_01836.jpg,.jpg,defocus_blur,1,3415909457,PartA_01836__A1C__defocus_blur__s1.png
PartA_01837,/root/autodl-tmp/helmet_yolo_v10/images/train/PartA_01837.jpg,.jpg,zoom_blur,3,28194339,PartA_01837__A1C__zoom_blur__s3.png
PartA_01838,/root/autodl-tmp/helmet_yolo_v10/images/train/PartA_01838.jpg,.jpg,pixelate,3,2489029957,PartA_01838__A1C__pixelate__s3.png
PartA_01839,/root/autodl-tmp/helmet_yolo_v10/images/train/PartA_01839.jpg,.jpg,snow,1,2695119704,PartA_01839__A1C__snow__s1.png
PartA_01840,/root/autodl-tmp/helmet_yolo_v10/images/train/PartA_01840.jpg,.jpg,fog,3,642918431,PartA_01840__A1C__fog__s3.png
PartA_01841,/root/autodl-tmp/helmet_yolo_v10/images/train/PartA_01841.jpg,.jpg,contrast,2,2115427321,PartA_01841__A1C__contrast__s2.png
PartA_01842,/root/autodl-tmp/helmet_yolo_v10/images/train/PartA_01842.jpg,.jpg,defocus_blur,1,1775876503,PartA_01842__A1C__defocus_blur__s1.png
PartA_01843,/root/autodl-tmp/helmet_yolo_v10/images/train/PartA_01843.jpg,.jpg,snow,1,2016964130,PartA_01843__A1C__snow__s1.png
PartA_01844,/root/autodl-tmp/helmet_yolo_v10/images/train/PartA_01844.jpg,.jpg,brightness,2,2036589693,PartA_01844__A1C__brightness__s2.png
PartA_01846,/root/autodl-tmp/helmet_yolo_v10/images/train/PartA_01846.jpg,.jpg,contrast,1,935693047,PartA_01846__A1C__contrast__s1.png
PartA_01847,/root/autodl-tmp/helmet_yolo_v10/images/train/PartA_01847.jpg,.jpg,impulse_noise,3,1952303407,PartA_01847__A1C__impulse_noise__s3.png
PartA_01848,/root/autodl-tmp/helmet_yolo_v10/images/train/PartA_01848.jpg,.jpg,zoom_blur,3,1791977635,PartA_01848__A1C__zoom_blur__s3.png
PartA_01849,/root/autodl-tmp/helmet_yolo_v10/images/train/PartA_01849.jpg,.jpg,brightness,2,916293344,PartA_01849__A1C__brightness__s2.png
PartA_01850,/root/autodl-tmp/helmet_yolo_v10/images/train/PartA_01850.jpg,.jpg,brightness,3,2353012438,PartA_01850__A1C__brightness__s3.png
PartA_01851,/root/autodl-tmp/helmet_yolo_v10/images/train/PartA_01851.jpg,.jpg,contrast,3,1783378710,PartA_01851__A1C__contrast__s3.png
PartA_01856,/root/autodl-tmp/helmet_yolo_v10/images/train/PartA_01856.jpg,.jpg,contrast,1,1164233664,PartA_01856__A1C__contrast__s1.png
PartA_01857,/root/autodl-tmp/helmet_yolo_v10/images/train/PartA_01857.jpg,.jpg,shot_noise,1,2996064794,PartA_01857__A1C__shot_noise__s1.png
PartA_01859,/root/autodl-tmp/helmet_yolo_v10/images/train/PartA_01859.jpg,.jpg,snow,3,1976899549,PartA_01859__A1C__snow__s3.png
PartA_01860,/root/autodl-tmp/helmet_yolo_v10/images/train/PartA_01860.jpg,.jpg,impulse_noise,1,740266219,PartA_01860__A1C__impulse_noise__s1.png
PartA_01864,/root/autodl-tmp/helmet_yolo_v10/images/train/PartA_01864.jpg,.jpg,fog,2,325140577,PartA_01864__A1C__fog__s2.png
PartA_01865,/root/autodl-tmp/helmet_yolo_v10/images/train/PartA_01865.jpg,.jpg,motion_blur,2,857047237,PartA_01865__A1C__motion_blur__s2.png
PartA_01867,/root/autodl-tmp/helmet_yolo_v10/images/train/PartA_01867.jpg,.jpg,frost,3,2961270410,PartA_01867__A1C__frost__s3.png
PartA_01868,/root/autodl-tmp/helmet_yolo_v10/images/train/PartA_01868.jpg,.jpg,gaussian_noise,3,916972693,PartA_01868__A1C__gaussian_noise__s3.png
PartA_01870,/root/autodl-tmp/helmet_yolo_v10/images/train/PartA_01870.jpg,.jpg,zoom_blur,1,1146521990,PartA_01870__A1C__zoom_blur__s1.png
PartA_01871,/root/autodl-tmp/helmet_yolo_v10/images/train/PartA_01871.jpg,.jpg,pixelate,1,3706690806,PartA_01871__A1C__pixelate__s1.png
PartA_01872,/root/autodl-tmp/helmet_yolo_v10/images/train/PartA_01872.jpg,.jpg,frost,3,1410914279,PartA_01872__A1C__frost__s3.png
PartA_01873,/root/autodl-tmp/helmet_yolo_v10/images/train/PartA_01873.jpg,.jpg,jpeg_compression,2,2150868815,PartA_01873__A1C__jpeg_compression__s2.png
PartA_01874,/root/autodl-tmp/helmet_yolo_v10/images/train/PartA_01874.jpg,.jpg,frost,1,1482996421,PartA_01874__A1C__frost__s1.png
PartA_01875,/root/autodl-tmp/helmet_yolo_v10/images/train/PartA_01875.jpg,.jpg,brightness,3,2815587566,PartA_01875__A1C__brightness__s3.png
PartA_01876,/root/autodl-tmp/helmet_yolo_v10/images/train/PartA_01876.jpg,.jpg,pixelate,1,2652361345,PartA_01876__A1C__pixelate__s1.png
PartA_01877,/root/autodl-tmp/helmet_yolo_v10/images/train/PartA_01877.jpg,.jpg,impulse_noise,1,3393385573,PartA_01877__A1C__impulse_noise__s1.png
PartA_01878,/root/autodl-tmp/helmet_yolo_v10/images/train/PartA_01878.jpg,.jpg,zoom_blur,1,3657805240,PartA_01878__A1C__zoom_blur__s1.png
PartA_01879,/root/autodl-tmp/helmet_yolo_v10/images/train/PartA_01879.jpg,.jpg,frost,3,3706990396,PartA_01879__A1C__frost__s3.png
PartA_01880,/root/autodl-tmp/helmet_yolo_v10/images/train/PartA_01880.jpg,.jpg,brightness,1,914438102,PartA_01880__A1C__brightness__s1.png
PartA_01881,/root/autodl-tmp/helmet_yolo_v10/images/train/PartA_01881.jpg,.jpg,gaussian_noise,3,2266685110,PartA_01881__A1C__gaussian_noise__s3.png
PartA_01883,/root/autodl-tmp/helmet_yolo_v10/images/train/PartA_01883.jpg,.jpg,brightness,3,856335732,PartA_01883__A1C__brightness__s3.png
PartA_01884,/root/autodl-tmp/helmet_yolo_v10/images/train/PartA_01884.jpg,.jpg,fog,1,2440354359,PartA_01884__A1C__fog__s1.png
PartA_01888,/root/autodl-tmp/helmet_yolo_v10/images/train/PartA_01888.jpg,.jpg,contrast,2,3968762647,PartA_01888__A1C__contrast__s2.png
PartA_01889,/root/autodl-tmp/helmet_yolo_v10/images/train/PartA_01889.jpg,.jpg,brightness,3,1804382120,PartA_01889__A1C__brightness__s3.png
PartA_01890,/root/autodl-tmp/helmet_yolo_v10/images/train/PartA_01890.jpg,.jpg,frost,3,3026701498,PartA_01890__A1C__frost__s3.png
PartA_01891,/root/autodl-tmp/helmet_yolo_v10/images/train/PartA_01891.jpg,.jpg,fog,1,268717152,PartA_01891__A1C__fog__s1.png
PartA_01892,/root/autodl-tmp/helmet_yolo_v10/images/train/PartA_01892.jpg,.jpg,motion_blur,3,3398819274,PartA_01892__A1C__motion_blur__s3.png
PartA_01895,/root/autodl-tmp/helmet_yolo_v10/images/train/PartA_01895.jpg,.jpg,pixelate,2,4175948086,PartA_01895__A1C__pixelate__s2.png
PartA_01897,/root/autodl-tmp/helmet_yolo_v10/images/train/PartA_01897.jpg,.jpg,contrast,1,2570236739,PartA_01897__A1C__contrast__s1.png
PartA_01898,/root/autodl-tmp/helmet_yolo_v10/images/train/PartA_01898.jpg,.jpg,impulse_noise,1,1284967142,PartA_01898__A1C__impulse_noise__s1.png
PartA_01899,/root/autodl-tmp/helmet_yolo_v10/images/train/PartA_01899.jpg,.jpg,defocus_blur,1,1597475275,PartA_01899__A1C__defocus_blur__s1.png
PartA_01900,/root/autodl-tmp/helmet_yolo_v10/images/train/PartA_01900.jpg,.jpg,motion_blur,2,1909187753,PartA_01900__A1C__motion_blur__s2.png
PartA_01901,/root/autodl-tmp/helmet_yolo_v10/images/train/PartA_01901.jpg,.jpg,defocus_blur,3,2575638240,PartA_01901__A1C__defocus_blur__s3.png
PartA_01902,/root/autodl-tmp/helmet_yolo_v10/images/train/PartA_01902.jpg,.jpg,defocus_blur,3,1757495203,PartA_01902__A1C__defocus_blur__s3.png
PartA_01903,/root/autodl-tmp/helmet_yolo_v10/images/train/PartA_01903.jpg,.jpg,pixelate,2,3770313589,PartA_01903__A1C__pixelate__s2.png
PartA_01904,/root/autodl-tmp/helmet_yolo_v10/images/train/PartA_01904.jpg,.jpg,snow,1,1489321059,PartA_01904__A1C__snow__s1.png
PartA_01905,/root/autodl-tmp/helmet_yolo_v10/images/train/PartA_01905.jpg,.jpg,pixelate,2,445972484,PartA_01905__A1C__pixelate__s2.png
PartA_01906,/root/autodl-tmp/helmet_yolo_v10/images/train/PartA_01906.jpg,.jpg,fog,2,3964274895,PartA_01906__A1C__fog__s2.png
PartA_01907,/root/autodl-tmp/helmet_yolo_v10/images/train/PartA_01907.jpg,.jpg,snow,3,400240131,PartA_01907__A1C__snow__s3.png
PartA_01908,/root/autodl-tmp/helmet_yolo_v10/images/train/PartA_01908.jpg,.jpg,brightness,1,874267282,PartA_01908__A1C__brightness__s1.png
PartA_01909,/root/autodl-tmp/helmet_yolo_v10/images/train/PartA_01909.jpg,.jpg,frost,1,2371432006,PartA_01909__A1C__frost__s1.png
PartA_01910,/root/autodl-tmp/helmet_yolo_v10/images/train/PartA_01910.jpg,.jpg,fog,2,4156559818,PartA_01910__A1C__fog__s2.png
PartA_01913,/root/autodl-tmp/helmet_yolo_v10/images/train/PartA_01913.jpg,.jpg,glass_blur,3,3085649844,PartA_01913__A1C__glass_blur__s3.png
PartA_01915,/root/autodl-tmp/helmet_yolo_v10/images/train/PartA_01915.jpg,.jpg,pixelate,1,4027397574,PartA_01915__A1C__pixelate__s1.png
PartA_01916,/root/autodl-tmp/helmet_yolo_v10/images/train/PartA_01916.jpg,.jpg,impulse_noise,2,1506741611,PartA_01916__A1C__impulse_noise__s2.png
PartA_01917,/root/autodl-tmp/helmet_yolo_v10/images/train/PartA_01917.jpg,.jpg,motion_blur,1,472115686,PartA_01917__A1C__motion_blur__s1.png
PartA_01918,/root/autodl-tmp/helmet_yolo_v10/images/train/PartA_01918.jpg,.jpg,snow,3,1456251306,PartA_01918__A1C__snow__s3.png
PartA_01920,/root/autodl-tmp/helmet_yolo_v10/images/train/PartA_01920.jpg,.jpg,defocus_blur,3,98165545,PartA_01920__A1C__defocus_blur__s3.png
PartA_01922,/root/autodl-tmp/helmet_yolo_v10/images/train/PartA_01922.jpg,.jpg,frost,2,3691272928,PartA_01922__A1C__frost__s2.png
PartA_01923,/root/autodl-tmp/helmet_yolo_v10/images/train/PartA_01923.jpg,.jpg,jpeg_compression,2,1410262967,PartA_01923__A1C__jpeg_compression__s2.png
PartA_01924,/root/autodl-tmp/helmet_yolo_v10/images/train/PartA_01924.jpg,.jpg,impulse_noise,3,14634605,PartA_01924__A1C__impulse_noise__s3.png
PartA_01927,/root/autodl-tmp/helmet_yolo_v10/images/train/PartA_01927.jpg,.jpg,gaussian_noise,3,1372349253,PartA_01927__A1C__gaussian_noise__s3.png
PartA_01929,/root/autodl-tmp/helmet_yolo_v10/images/train/PartA_01929.jpg,.jpg,shot_noise,1,1087660453,PartA_01929__A1C__shot_noise__s1.png
PartA_01930,/root/autodl-tmp/helmet_yolo_v10/images/train/PartA_01930.jpg,.jpg,snow,3,2630907753,PartA_01930__A1C__snow__s3.png
PartA_01931,/root/autodl-tmp/helmet_yolo_v10/images/train/PartA_01931.jpg,.jpg,shot_noise,3,389684069,PartA_01931__A1C__shot_noise__s3.png
PartA_01933,/root/autodl-tmp/helmet_yolo_v10/images/train/PartA_01933.jpg,.jpg,impulse_noise,1,3811452216,PartA_01933__A1C__impulse_noise__s1.png
PartA_01934,/root/autodl-tmp/helmet_yolo_v10/images/train/PartA_01934.jpg,.jpg,glass_blur,3,280386205,PartA_01934__A1C__glass_blur__s3.png
PartA_01935,/root/autodl-tmp/helmet_yolo_v10/images/train/PartA_01935.jpg,.jpg,fog,1,2908391337,PartA_01935__A1C__fog__s1.png
PartA_01936,/root/autodl-tmp/helmet_yolo_v10/images/train/PartA_01936.jpg,.jpg,glass_blur,1,4128014678,PartA_01936__A1C__glass_blur__s1.png
PartA_01938,/root/autodl-tmp/helmet_yolo_v10/images/train/PartA_01938.jpg,.jpg,contrast,3,1730623331,PartA_01938__A1C__contrast__s3.png
PartA_01940,/root/autodl-tmp/helmet_yolo_v10/images/train/PartA_01940.jpg,.jpg,contrast,3,1484628773,PartA_01940__A1C__contrast__s3.png
PartA_01941,/root/autodl-tmp/helmet_yolo_v10/images/train/PartA_01941.jpg,.jpg,defocus_blur,3,2857914395,PartA_01941__A1C__defocus_blur__s3.png
PartA_01943,/root/autodl-tmp/helmet_yolo_v10/images/train/PartA_01943.jpg,.jpg,brightness,3,3373113176,PartA_01943__A1C__brightness__s3.png
PartA_01944,/root/autodl-tmp/helmet_yolo_v10/images/train/PartA_01944.jpg,.jpg,snow,2,3851408971,PartA_01944__A1C__snow__s2.png
PartA_01945,/root/autodl-tmp/helmet_yolo_v10/images/train/PartA_01945.jpg,.jpg,fog,3,1774762319,PartA_01945__A1C__fog__s3.png
PartA_01946,/root/autodl-tmp/helmet_yolo_v10/images/train/PartA_01946.jpg,.jpg,zoom_blur,2,2701061636,PartA_01946__A1C__zoom_blur__s2.png
PartA_01948,/root/autodl-tmp/helmet_yolo_v10/images/train/PartA_01948.jpg,.jpg,glass_blur,1,218926798,PartA_01948__A1C__glass_blur__s1.png
PartA_01949,/root/autodl-tmp/helmet_yolo_v10/images/train/PartA_01949.jpg,.jpg,snow,1,1608595684,PartA_01949__A1C__snow__s1.png
PartA_01951,/root/autodl-tmp/helmet_yolo_v10/images/train/PartA_01951.jpg,.jpg,glass_blur,2,673562111,PartA_01951__A1C__glass_blur__s2.png
PartA_01953,/root/autodl-tmp/helmet_yolo_v10/images/train/PartA_01953.jpg,.jpg,frost,1,4250247524,PartA_01953__A1C__frost__s1.png
PartA_01954,/root/autodl-tmp/helmet_yolo_v10/images/train/PartA_01954.jpg,.jpg,jpeg_compression,1,572606193,PartA_01954__A1C__jpeg_compression__s1.png
PartA_01956,/root/autodl-tmp/helmet_yolo_v10/images/train/PartA_01956.jpg,.jpg,contrast,2,1290623170,PartA_01956__A1C__contrast__s2.png
PartA_01957,/root/autodl-tmp/helmet_yolo_v10/images/train/PartA_01957.jpg,.jpg,snow,1,135297690,PartA_01957__A1C__snow__s1.png
PartA_01958,/root/autodl-tmp/helmet_yolo_v10/images/train/PartA_01958.jpg,.jpg,snow,2,974254073,PartA_01958__A1C__snow__s2.png
PartA_01959,/root/autodl-tmp/helmet_yolo_v10/images/train/PartA_01959.jpg,.jpg,defocus_blur,1,3784966347,PartA_01959__A1C__defocus_blur__s1.png
PartA_01960,/root/autodl-tmp/helmet_yolo_v10/images/train/PartA_01960.jpg,.jpg,snow,1,419368512,PartA_01960__A1C__snow__s1.png
PartA_01961,/root/autodl-tmp/helmet_yolo_v10/images/train/PartA_01961.jpg,.jpg,snow,3,1037679646,PartA_01961__A1C__snow__s3.png
PartA_01962,/root/autodl-tmp/helmet_yolo_v10/images/train/PartA_01962.jpg,.jpg,pixelate,3,564272216,PartA_01962__A1C__pixelate__s3.png
PartA_01963,/root/autodl-tmp/helmet_yolo_v10/images/train/PartA_01963.jpg,.jpg,pixelate,3,1592025574,PartA_01963__A1C__pixelate__s3.png
PartA_01965,/root/autodl-tmp/helmet_yolo_v10/images/train/PartA_01965.jpg,.jpg,fog,3,4110464168,PartA_01965__A1C__fog__s3.png
PartA_01966,/root/autodl-tmp/helmet_yolo_v10/images/train/PartA_01966.jpg,.jpg,contrast,1,4252109959,PartA_01966__A1C__contrast__s1.png
PartA_01968,/root/autodl-tmp/helmet_yolo_v10/images/train/PartA_01968.jpg,.jpg,brightness,1,1972679364,PartA_01968__A1C__brightness__s1.png
PartA_01969,/root/autodl-tmp/helmet_yolo_v10/images/train/PartA_01969.jpg,.jpg,impulse_noise,2,2940413956,PartA_01969__A1C__impulse_noise__s2.png
PartA_01970,/root/autodl-tmp/helmet_yolo_v10/images/train/PartA_01970.jpg,.jpg,zoom_blur,2,1755442758,PartA_01970__A1C__zoom_blur__s2.png
PartA_01971,/root/autodl-tmp/helmet_yolo_v10/images/train/PartA_01971.jpg,.jpg,jpeg_compression,3,1617482677,PartA_01971__A1C__jpeg_compression__s3.png
PartA_01973,/root/autodl-tmp/helmet_yolo_v10/images/train/PartA_01973.jpg,.jpg,shot_noise,2,3279724276,PartA_01973__A1C__shot_noise__s2.png
PartA_01974,/root/autodl-tmp/helmet_yolo_v10/images/train/PartA_01974.jpg,.jpg,fog,1,2321688122,PartA_01974__A1C__fog__s1.png
PartA_01975,/root/autodl-tmp/helmet_yolo_v10/images/train/PartA_01975.jpg,.jpg,pixelate,1,596020765,PartA_01975__A1C__pixelate__s1.png
PartA_01976,/root/autodl-tmp/helmet_yolo_v10/images/train/PartA_01976.jpg,.jpg,shot_noise,2,4041483113,PartA_01976__A1C__shot_noise__s2.png
PartA_01978,/root/autodl-tmp/helmet_yolo_v10/images/train/PartA_01978.jpg,.jpg,zoom_blur,1,455953753,PartA_01978__A1C__zoom_blur__s1.png
PartA_01979,/root/autodl-tmp/helmet_yolo_v10/images/train/PartA_01979.jpg,.jpg,contrast,1,3889741129,PartA_01979__A1C__contrast__s1.png
PartA_01980,/root/autodl-tmp/helmet_yolo_v10/images/train/PartA_01980.jpg,.jpg,contrast,3,2439195074,PartA_01980__A1C__contrast__s3.png
PartA_01981,/root/autodl-tmp/helmet_yolo_v10/images/train/PartA_01981.jpg,.jpg,motion_blur,1,1838664017,PartA_01981__A1C__motion_blur__s1.png
PartA_01982,/root/autodl-tmp/helmet_yolo_v10/images/train/PartA_01982.jpg,.jpg,snow,2,2420855558,PartA_01982__A1C__snow__s2.png
PartA_01984,/root/autodl-tmp/helmet_yolo_v10/images/train/PartA_01984.jpg,.jpg,defocus_blur,1,4103613479,PartA_01984__A1C__defocus_blur__s1.png
PartA_01986,/root/autodl-tmp/helmet_yolo_v10/images/train/PartA_01986.jpg,.jpg,defocus_blur,2,2366848153,PartA_01986__A1C__defocus_blur__s2.png
PartA_01987,/root/autodl-tmp/helmet_yolo_v10/images/train/PartA_01987.jpg,.jpg,gaussian_noise,1,1159946274,PartA_01987__A1C__gaussian_noise__s1.png
PartA_01989,/root/autodl-tmp/helmet_yolo_v10/images/train/PartA_01989.jpg,.jpg,pixelate,2,2634919498,PartA_01989__A1C__pixelate__s2.png
PartA_01991,/root/autodl-tmp/helmet_yolo_v10/images/train/PartA_01991.jpg,.jpg,contrast,3,1513945876,PartA_01991__A1C__contrast__s3.png
PartA_01992,/root/autodl-tmp/helmet_yolo_v10/images/train/PartA_01992.jpg,.jpg,impulse_noise,2,2056644144,PartA_01992__A1C__impulse_noise__s2.png
PartA_01993,/root/autodl-tmp/helmet_yolo_v10/images/train/PartA_01993.jpg,.jpg,fog,1,3102596925,PartA_01993__A1C__fog__s1.png
PartA_01994,/root/autodl-tmp/helmet_yolo_v10/images/train/PartA_01994.jpg,.jpg,jpeg_compression,2,116377061,PartA_01994__A1C__jpeg_compression__s2.png
PartA_01995,/root/autodl-tmp/helmet_yolo_v10/images/train/PartA_01995.jpg,.jpg,brightness,3,2114724963,PartA_01995__A1C__brightness__s3.png
PartA_01997,/root/autodl-tmp/helmet_yolo_v10/images/train/PartA_01997.jpg,.jpg,frost,3,245941583,PartA_01997__A1C__frost__s3.png
PartA_01998,/root/autodl-tmp/helmet_yolo_v10/images/train/PartA_01998.jpg,.jpg,motion_blur,2,1828182855,PartA_01998__A1C__motion_blur__s2.png
PartA_01999,/root/autodl-tmp/helmet_yolo_v10/images/train/PartA_01999.jpg,.jpg,gaussian_noise,2,247022331,PartA_01999__A1C__gaussian_noise__s2.png
PartB_00000,/root/autodl-tmp/helmet_yolo_v10/images/train/PartB_00000.jpg,.jpg,zoom_blur,2,1212655812,PartB_00000__A1C__zoom_blur__s2.png
PartB_00002,/root/autodl-tmp/helmet_yolo_v10/images/train/PartB_00002.jpg,.jpg,defocus_blur,3,2815048441,PartB_00002__A1C__defocus_blur__s3.png
PartB_00003,/root/autodl-tmp/helmet_yolo_v10/images/train/PartB_00003.jpg,.jpg,shot_noise,2,1119468433,PartB_00003__A1C__shot_noise__s2.png
PartB_00004,/root/autodl-tmp/helmet_yolo_v10/images/train/PartB_00004.jpg,.jpg,zoom_blur,1,1591079801,PartB_00004__A1C__zoom_blur__s1.png
PartB_00005,/root/autodl-tmp/helmet_yolo_v10/images/train/PartB_00005.jpg,.jpg,contrast,2,174457265,PartB_00005__A1C__contrast__s2.png
PartB_00006,/root/autodl-tmp/helmet_yolo_v10/images/train/PartB_00006.jpg,.jpg,gaussian_noise,1,113886541,PartB_00006__A1C__gaussian_noise__s1.png
PartB_00007,/root/autodl-tmp/helmet_yolo_v10/images/train/PartB_00007.jpg,.jpg,motion_blur,1,2772446752,PartB_00007__A1C__motion_blur__s1.png
PartB_00009,/root/autodl-tmp/helmet_yolo_v10/images/train/PartB_00009.jpg,.jpg,impulse_noise,1,740475978,PartB_00009__A1C__impulse_noise__s1.png
PartB_00010,/root/autodl-tmp/helmet_yolo_v10/images/train/PartB_00010.jpg,.jpg,brightness,1,1780336714,PartB_00010__A1C__brightness__s1.png
PartB_00011,/root/autodl-tmp/helmet_yolo_v10/images/train/PartB_00011.jpg,.jpg,pixelate,1,1711833040,PartB_00011__A1C__pixelate__s1.png
PartB_00012,/root/autodl-tmp/helmet_yolo_v10/images/train/PartB_00012.jpg,.jpg,impulse_noise,2,2012440509,PartB_00012__A1C__impulse_noise__s2.png
PartB_00013,/root/autodl-tmp/helmet_yolo_v10/images/train/PartB_00013.jpg,.jpg,snow,2,3177600385,PartB_00013__A1C__snow__s2.png
PartB_00014,/root/autodl-tmp/helmet_yolo_v10/images/train/PartB_00014.jpg,.jpg,jpeg_compression,2,1744717303,PartB_00014__A1C__jpeg_compression__s2.png
PartB_00015,/root/autodl-tmp/helmet_yolo_v10/images/train/PartB_00015.jpg,.jpg,defocus_blur,3,601175140,PartB_00015__A1C__defocus_blur__s3.png
PartB_00017,/root/autodl-tmp/helmet_yolo_v10/images/train/PartB_00017.jpg,.jpg,motion_blur,2,3844121465,PartB_00017__A1C__motion_blur__s2.png
PartB_00018,/root/autodl-tmp/helmet_yolo_v10/images/train/PartB_00018.jpg,.jpg,shot_noise,1,369838674,PartB_00018__A1C__shot_noise__s1.png
PartB_00019,/root/autodl-tmp/helmet_yolo_v10/images/train/PartB_00019.jpg,.jpg,frost,1,769631858,PartB_00019__A1C__frost__s1.png
PartB_00021,/root/autodl-tmp/helmet_yolo_v10/images/train/PartB_00021.jpg,.jpg,defocus_blur,1,1248300834,PartB_00021__A1C__defocus_blur__s1.png
PartB_00022,/root/autodl-tmp/helmet_yolo_v10/images/train/PartB_00022.jpg,.jpg,impulse_noise,1,2141467010,PartB_00022__A1C__impulse_noise__s1.png
PartB_00023,/root/autodl-tmp/helmet_yolo_v10/images/train/PartB_00023.jpg,.jpg,frost,2,1175583919,PartB_00023__A1C__frost__s2.png
PartB_00025,/root/autodl-tmp/helmet_yolo_v10/images/train/PartB_00025.jpg,.jpg,zoom_blur,1,3342220237,PartB_00025__A1C__zoom_blur__s1.png
PartB_00026,/root/autodl-tmp/helmet_yolo_v10/images/train/PartB_00026.jpg,.jpg,defocus_blur,3,3495965167,PartB_00026__A1C__defocus_blur__s3.png
PartB_00028,/root/autodl-tmp/helmet_yolo_v10/images/train/PartB_00028.jpg,.jpg,frost,2,3171058506,PartB_00028__A1C__frost__s2.png
PartB_00029,/root/autodl-tmp/helmet_yolo_v10/images/train/PartB_00029.jpg,.jpg,frost,2,3118476865,PartB_00029__A1C__frost__s2.png
PartB_00030,/root/autodl-tmp/helmet_yolo_v10/images/train/PartB_00030.jpg,.jpg,motion_blur,2,3253232346,PartB_00030__A1C__motion_blur__s2.png
PartB_00031,/root/autodl-tmp/helmet_yolo_v10/images/train/PartB_00031.jpg,.jpg,glass_blur,3,1310474700,PartB_00031__A1C__glass_blur__s3.png
PartB_00032,/root/autodl-tmp/helmet_yolo_v10/images/train/PartB_00032.jpg,.jpg,defocus_blur,1,1218167119,PartB_00032__A1C__defocus_blur__s1.png
PartB_00033,/root/autodl-tmp/helmet_yolo_v10/images/train/PartB_00033.jpg,.jpg,gaussian_noise,2,437372828,PartB_00033__A1C__gaussian_noise__s2.png
PartB_00035,/root/autodl-tmp/helmet_yolo_v10/images/train/PartB_00035.jpg,.jpg,frost,1,1796011700,PartB_00035__A1C__frost__s1.png
PartB_00036,/root/autodl-tmp/helmet_yolo_v10/images/train/PartB_00036.jpg,.jpg,defocus_blur,3,2141654976,PartB_00036__A1C__defocus_blur__s3.png
PartB_00037,/root/autodl-tmp/helmet_yolo_v10/images/train/PartB_00037.jpg,.jpg,contrast,1,255746278,PartB_00037__A1C__contrast__s1.png
PartB_00038,/root/autodl-tmp/helmet_yolo_v10/images/train/PartB_00038.jpg,.jpg,contrast,3,3936774983,PartB_00038__A1C__contrast__s3.png
PartB_00039,/root/autodl-tmp/helmet_yolo_v10/images/train/PartB_00039.jpg,.jpg,glass_blur,2,4052008122,PartB_00039__A1C__glass_blur__s2.png
PartB_00040,/root/autodl-tmp/helmet_yolo_v10/images/train/PartB_00040.jpg,.jpg,snow,3,3930872192,PartB_00040__A1C__snow__s3.png
PartB_00042,/root/autodl-tmp/helmet_yolo_v10/images/train/PartB_00042.jpg,.jpg,brightness,3,1413827536,PartB_00042__A1C__brightness__s3.png
PartB_00043,/root/autodl-tmp/helmet_yolo_v10/images/train/PartB_00043.jpg,.jpg,defocus_blur,2,1250902569,PartB_00043__A1C__defocus_blur__s2.png
PartB_00044,/root/autodl-tmp/helmet_yolo_v10/images/train/PartB_00044.jpg,.jpg,shot_noise,2,1747955669,PartB_00044__A1C__shot_noise__s2.png
PartB_00045,/root/autodl-tmp/helmet_yolo_v10/images/train/PartB_00045.jpg,.jpg,contrast,3,807984699,PartB_00045__A1C__contrast__s3.png
PartB_00048,/root/autodl-tmp/helmet_yolo_v10/images/train/PartB_00048.jpg,.jpg,shot_noise,3,4178510190,PartB_00048__A1C__shot_noise__s3.png
PartB_00049,/root/autodl-tmp/helmet_yolo_v10/images/train/PartB_00049.jpg,.jpg,frost,1,2335231652,PartB_00049__A1C__frost__s1.png
PartB_00050,/root/autodl-tmp/helmet_yolo_v10/images/train/PartB_00050.jpg,.jpg,snow,3,3294584682,PartB_00050__A1C__snow__s3.png
PartB_00051,/root/autodl-tmp/helmet_yolo_v10/images/train/PartB_00051.jpg,.jpg,fog,1,1759649787,PartB_00051__A1C__fog__s1.png
PartB_00053,/root/autodl-tmp/helmet_yolo_v10/images/train/PartB_00053.jpg,.jpg,pixelate,3,1828758098,PartB_00053__A1C__pixelate__s3.png
PartB_00054,/root/autodl-tmp/helmet_yolo_v10/images/train/PartB_00054.jpg,.jpg,contrast,1,1279590817,PartB_00054__A1C__contrast__s1.png
PartB_00055,/root/autodl-tmp/helmet_yolo_v10/images/train/PartB_00055.jpg,.jpg,fog,2,393903593,PartB_00055__A1C__fog__s2.png
PartB_00058,/root/autodl-tmp/helmet_yolo_v10/images/train/PartB_00058.jpg,.jpg,motion_blur,1,631177186,PartB_00058__A1C__motion_blur__s1.png
PartB_00059,/root/autodl-tmp/helmet_yolo_v10/images/train/PartB_00059.jpg,.jpg,fog,1,3236460375,PartB_00059__A1C__fog__s1.png
PartB_00060,/root/autodl-tmp/helmet_yolo_v10/images/train/PartB_00060.jpg,.jpg,shot_noise,3,3287891267,PartB_00060__A1C__shot_noise__s3.png
PartB_00061,/root/autodl-tmp/helmet_yolo_v10/images/train/PartB_00061.jpg,.jpg,pixelate,2,2528103803,PartB_00061__A1C__pixelate__s2.png
PartB_00062,/root/autodl-tmp/helmet_yolo_v10/images/train/PartB_00062.jpg,.jpg,fog,3,2492103594,PartB_00062__A1C__fog__s3.png
PartB_00063,/root/autodl-tmp/helmet_yolo_v10/images/train/PartB_00063.jpg,.jpg,zoom_blur,3,83799806,PartB_00063__A1C__zoom_blur__s3.png
PartB_00064,/root/autodl-tmp/helmet_yolo_v10/images/train/PartB_00064.jpg,.jpg,gaussian_noise,2,2792114030,PartB_00064__A1C__gaussian_noise__s2.png
PartB_00065,/root/autodl-tmp/helmet_yolo_v10/images/train/PartB_00065.jpg,.jpg,gaussian_noise,3,3596906121,PartB_00065__A1C__gaussian_noise__s3.png
PartB_00066,/root/autodl-tmp/helmet_yolo_v10/images/train/PartB_00066.jpg,.jpg,pixelate,3,3950731114,PartB_00066__A1C__pixelate__s3.png
PartB_00068,/root/autodl-tmp/helmet_yolo_v10/images/train/PartB_00068.jpg,.jpg,impulse_noise,3,3454876475,PartB_00068__A1C__impulse_noise__s3.png
PartB_00070,/root/autodl-tmp/helmet_yolo_v10/images/train/PartB_00070.jpg,.jpg,shot_noise,1,136354126,PartB_00070__A1C__shot_noise__s1.png
PartB_00071,/root/autodl-tmp/helmet_yolo_v10/images/train/PartB_00071.jpg,.jpg,contrast,3,3029835793,PartB_00071__A1C__contrast__s3.png
PartB_00072,/root/autodl-tmp/helmet_yolo_v10/images/train/PartB_00072.jpg,.jpg,motion_blur,2,1155792998,PartB_00072__A1C__motion_blur__s2.png
PartB_00074,/root/autodl-tmp/helmet_yolo_v10/images/train/PartB_00074.jpg,.jpg,motion_blur,1,1755787719,PartB_00074__A1C__motion_blur__s1.png
PartB_00075,/root/autodl-tmp/helmet_yolo_v10/images/train/PartB_00075.jpg,.jpg,contrast,2,3032428311,PartB_00075__A1C__contrast__s2.png
PartB_00077,/root/autodl-tmp/helmet_yolo_v10/images/train/PartB_00077.jpg,.jpg,brightness,3,3382238078,PartB_00077__A1C__brightness__s3.png
PartB_00078,/root/autodl-tmp/helmet_yolo_v10/images/train/PartB_00078.jpg,.jpg,pixelate,3,202617447,PartB_00078__A1C__pixelate__s3.png
PartB_00079,/root/autodl-tmp/helmet_yolo_v10/images/train/PartB_00079.jpg,.jpg,pixelate,2,690207079,PartB_00079__A1C__pixelate__s2.png
PartB_00080,/root/autodl-tmp/helmet_yolo_v10/images/train/PartB_00080.jpg,.jpg,impulse_noise,1,4201638669,PartB_00080__A1C__impulse_noise__s1.png
PartB_00081,/root/autodl-tmp/helmet_yolo_v10/images/train/PartB_00081.jpg,.jpg,pixelate,1,3752839249,PartB_00081__A1C__pixelate__s1.png
PartB_00082,/root/autodl-tmp/helmet_yolo_v10/images/train/PartB_00082.jpg,.jpg,motion_blur,3,713855802,PartB_00082__A1C__motion_blur__s3.png
PartB_00083,/root/autodl-tmp/helmet_yolo_v10/images/train/PartB_00083.jpg,.jpg,pixelate,2,4117585436,PartB_00083__A1C__pixelate__s2.png
PartB_00084,/root/autodl-tmp/helmet_yolo_v10/images/train/PartB_00084.jpg,.jpg,jpeg_compression,3,749070202,PartB_00084__A1C__jpeg_compression__s3.png
PartB_00085,/root/autodl-tmp/helmet_yolo_v10/images/train/PartB_00085.jpg,.jpg,glass_blur,2,3834394818,PartB_00085__A1C__glass_blur__s2.png
PartB_00086,/root/autodl-tmp/helmet_yolo_v10/images/train/PartB_00086.jpg,.jpg,shot_noise,3,2238284125,PartB_00086__A1C__shot_noise__s3.png
PartB_00087,/root/autodl-tmp/helmet_yolo_v10/images/train/PartB_00087.jpg,.jpg,contrast,3,1652630489,PartB_00087__A1C__contrast__s3.png
PartB_00089,/root/autodl-tmp/helmet_yolo_v10/images/train/PartB_00089.jpg,.jpg,glass_blur,3,3802010916,PartB_00089__A1C__glass_blur__s3.png
PartB_00090,/root/autodl-tmp/helmet_yolo_v10/images/train/PartB_00090.jpg,.jpg,impulse_noise,1,2467692228,PartB_00090__A1C__impulse_noise__s1.png
PartB_00092,/root/autodl-tmp/helmet_yolo_v10/images/train/PartB_00092.jpg,.jpg,contrast,3,1090857276,PartB_00092__A1C__contrast__s3.png
PartB_00093,/root/autodl-tmp/helmet_yolo_v10/images/train/PartB_00093.jpg,.jpg,defocus_blur,3,3037789142,PartB_00093__A1C__defocus_blur__s3.png
PartB_00095,/root/autodl-tmp/helmet_yolo_v10/images/train/PartB_00095.jpg,.jpg,defocus_blur,2,746810175,PartB_00095__A1C__defocus_blur__s2.png
PartB_00097,/root/autodl-tmp/helmet_yolo_v10/images/train/PartB_00097.jpg,.jpg,defocus_blur,3,1744864788,PartB_00097__A1C__defocus_blur__s3.png
PartB_00098,/root/autodl-tmp/helmet_yolo_v10/images/train/PartB_00098.jpg,.jpg,brightness,3,3668667943,PartB_00098__A1C__brightness__s3.png
PartB_00099,/root/autodl-tmp/helmet_yolo_v10/images/train/PartB_00099.jpg,.jpg,brightness,1,2031870494,PartB_00099__A1C__brightness__s1.png
PartB_00100,/root/autodl-tmp/helmet_yolo_v10/images/train/PartB_00100.jpg,.jpg,pixelate,3,2002715658,PartB_00100__A1C__pixelate__s3.png
PartB_00101,/root/autodl-tmp/helmet_yolo_v10/images/train/PartB_00101.jpg,.jpg,zoom_blur,2,1885864217,PartB_00101__A1C__zoom_blur__s2.png
PartB_00102,/root/autodl-tmp/helmet_yolo_v10/images/train/PartB_00102.jpg,.jpg,impulse_noise,1,3517077824,PartB_00102__A1C__impulse_noise__s1.png
PartB_00105,/root/autodl-tmp/helmet_yolo_v10/images/train/PartB_00105.jpg,.jpg,gaussian_noise,3,2180237355,PartB_00105__A1C__gaussian_noise__s3.png
PartB_00106,/root/autodl-tmp/helmet_yolo_v10/images/train/PartB_00106.jpg,.jpg,shot_noise,1,2761291068,PartB_00106__A1C__shot_noise__s1.png
PartB_00107,/root/autodl-tmp/helmet_yolo_v10/images/train/PartB_00107.jpg,.jpg,snow,3,1887254841,PartB_00107__A1C__snow__s3.png
PartB_00108,/root/autodl-tmp/helmet_yolo_v10/images/train/PartB_00108.jpg,.jpg,gaussian_noise,2,947873055,PartB_00108__A1C__gaussian_noise__s2.png
PartB_00110,/root/autodl-tmp/helmet_yolo_v10/images/train/PartB_00110.jpg,.jpg,zoom_blur,1,1186641151,PartB_00110__A1C__zoom_blur__s1.png
PartB_00111,/root/autodl-tmp/helmet_yolo_v10/images/train/PartB_00111.jpg,.jpg,fog,3,2692376606,PartB_00111__A1C__fog__s3.png
PartB_00114,/root/autodl-tmp/helmet_yolo_v10/images/train/PartB_00114.jpg,.jpg,frost,3,1649125842,PartB_00114__A1C__frost__s3.png
PartB_00117,/root/autodl-tmp/helmet_yolo_v10/images/train/PartB_00117.jpg,.jpg,motion_blur,3,1696532294,PartB_00117__A1C__motion_blur__s3.png
PartB_00118,/root/autodl-tmp/helmet_yolo_v10/images/train/PartB_00118.jpg,.jpg,jpeg_compression,1,3679372291,PartB_00118__A1C__jpeg_compression__s1.png
PartB_00121,/root/autodl-tmp/helmet_yolo_v10/images/train/PartB_00121.jpg,.jpg,snow,2,2138765365,PartB_00121__A1C__snow__s2.png
PartB_00122,/root/autodl-tmp/helmet_yolo_v10/images/train/PartB_00122.jpg,.jpg,contrast,3,3320512916,PartB_00122__A1C__contrast__s3.png
PartB_00123,/root/autodl-tmp/helmet_yolo_v10/images/train/PartB_00123.jpg,.jpg,impulse_noise,1,2993095703,PartB_00123__A1C__impulse_noise__s1.png
PartB_00124,/root/autodl-tmp/helmet_yolo_v10/images/train/PartB_00124.jpg,.jpg,gaussian_noise,1,372974734,PartB_00124__A1C__gaussian_noise__s1.png
PartB_00129,/root/autodl-tmp/helmet_yolo_v10/images/train/PartB_00129.jpg,.jpg,zoom_blur,2,2175911534,PartB_00129__A1C__zoom_blur__s2.png
PartB_00132,/root/autodl-tmp/helmet_yolo_v10/images/train/PartB_00132.jpg,.jpg,brightness,3,778084327,PartB_00132__A1C__brightness__s3.png
PartB_00135,/root/autodl-tmp/helmet_yolo_v10/images/train/PartB_00135.jpg,.jpg,fog,3,4241813062,PartB_00135__A1C__fog__s3.png
PartB_00136,/root/autodl-tmp/helmet_yolo_v10/images/train/PartB_00136.jpg,.jpg,brightness,2,367057695,PartB_00136__A1C__brightness__s2.png
PartB_00137,/root/autodl-tmp/helmet_yolo_v10/images/train/PartB_00137.jpg,.jpg,zoom_blur,2,4090098935,PartB_00137__A1C__zoom_blur__s2.png
PartB_00139,/root/autodl-tmp/helmet_yolo_v10/images/train/PartB_00139.jpg,.jpg,pixelate,2,1835337765,PartB_00139__A1C__pixelate__s2.png
PartB_00140,/root/autodl-tmp/helmet_yolo_v10/images/train/PartB_00140.jpg,.jpg,zoom_blur,2,649218903,PartB_00140__A1C__zoom_blur__s2.png
PartB_00141,/root/autodl-tmp/helmet_yolo_v10/images/train/PartB_00141.jpg,.jpg,impulse_noise,3,440896185,PartB_00141__A1C__impulse_noise__s3.png
PartB_00142,/root/autodl-tmp/helmet_yolo_v10/images/train/PartB_00142.jpg,.jpg,jpeg_compression,1,1879283972,PartB_00142__A1C__jpeg_compression__s1.png
PartB_00143,/root/autodl-tmp/helmet_yolo_v10/images/train/PartB_00143.jpg,.jpg,pixelate,1,2716405206,PartB_00143__A1C__pixelate__s1.png
PartB_00144,/root/autodl-tmp/helmet_yolo_v10/images/train/PartB_00144.jpg,.jpg,shot_noise,1,1771131045,PartB_00144__A1C__shot_noise__s1.png
PartB_00145,/root/autodl-tmp/helmet_yolo_v10/images/train/PartB_00145.jpg,.jpg,contrast,3,2223448108,PartB_00145__A1C__contrast__s3.png
PartB_00148,/root/autodl-tmp/helmet_yolo_v10/images/train/PartB_00148.jpg,.jpg,glass_blur,2,384185902,PartB_00148__A1C__glass_blur__s2.png
PartB_00149,/root/autodl-tmp/helmet_yolo_v10/images/train/PartB_00149.jpg,.jpg,glass_blur,1,2850527146,PartB_00149__A1C__glass_blur__s1.png
PartB_00150,/root/autodl-tmp/helmet_yolo_v10/images/train/PartB_00150.jpg,.jpg,defocus_blur,3,2349634029,PartB_00150__A1C__defocus_blur__s3.png
PartB_00151,/root/autodl-tmp/helmet_yolo_v10/images/train/PartB_00151.jpg,.jpg,impulse_noise,2,2077794328,PartB_00151__A1C__impulse_noise__s2.png
PartB_00152,/root/autodl-tmp/helmet_yolo_v10/images/train/PartB_00152.jpg,.jpg,glass_blur,1,3388015442,PartB_00152__A1C__glass_blur__s1.png
PartB_00153,/root/autodl-tmp/helmet_yolo_v10/images/train/PartB_00153.jpg,.jpg,contrast,2,2667846887,PartB_00153__A1C__contrast__s2.png
PartB_00158,/root/autodl-tmp/helmet_yolo_v10/images/train/PartB_00158.jpg,.jpg,glass_blur,1,2688140349,PartB_00158__A1C__glass_blur__s1.png
PartB_00159,/root/autodl-tmp/helmet_yolo_v10/images/train/PartB_00159.jpg,.jpg,impulse_noise,3,2831622187,PartB_00159__A1C__impulse_noise__s3.png
PartB_00162,/root/autodl-tmp/helmet_yolo_v10/images/train/PartB_00162.jpg,.jpg,pixelate,1,3045980510,PartB_00162__A1C__pixelate__s1.png
PartB_00163,/root/autodl-tmp/helmet_yolo_v10/images/train/PartB_00163.jpg,.jpg,shot_noise,3,283532331,PartB_00163__A1C__shot_noise__s3.png
PartB_00164,/root/autodl-tmp/helmet_yolo_v10/images/train/PartB_00164.jpg,.jpg,contrast,1,3079551677,PartB_00164__A1C__contrast__s1.png
PartB_00167,/root/autodl-tmp/helmet_yolo_v10/images/train/PartB_00167.jpg,.jpg,impulse_noise,2,1738549129,PartB_00167__A1C__impulse_noise__s2.png
PartB_00169,/root/autodl-tmp/helmet_yolo_v10/images/train/PartB_00169.jpg,.jpg,defocus_blur,3,320090065,PartB_00169__A1C__defocus_blur__s3.png
PartB_00171,/root/autodl-tmp/helmet_yolo_v10/images/train/PartB_00171.jpg,.jpg,motion_blur,1,3499818868,PartB_00171__A1C__motion_blur__s1.png
PartB_00172,/root/autodl-tmp/helmet_yolo_v10/images/train/PartB_00172.jpg,.jpg,motion_blur,3,3404577924,PartB_00172__A1C__motion_blur__s3.png
PartB_00174,/root/autodl-tmp/helmet_yolo_v10/images/train/PartB_00174.jpg,.jpg,zoom_blur,1,1003881366,PartB_00174__A1C__zoom_blur__s1.png
PartB_00175,/root/autodl-tmp/helmet_yolo_v10/images/train/PartB_00175.jpg,.jpg,contrast,2,4200750714,PartB_00175__A1C__contrast__s2.png
PartB_00177,/root/autodl-tmp/helmet_yolo_v10/images/train/PartB_00177.jpg,.jpg,pixelate,1,1639339877,PartB_00177__A1C__pixelate__s1.png
PartB_00178,/root/autodl-tmp/helmet_yolo_v10/images/train/PartB_00178.jpg,.jpg,glass_blur,1,674402222,PartB_00178__A1C__glass_blur__s1.png
PartB_00179,/root/autodl-tmp/helmet_yolo_v10/images/train/PartB_00179.jpg,.jpg,glass_blur,1,1458005550,PartB_00179__A1C__glass_blur__s1.png
PartB_00180,/root/autodl-tmp/helmet_yolo_v10/images/train/PartB_00180.jpg,.jpg,brightness,2,2682962251,PartB_00180__A1C__brightness__s2.png
PartB_00181,/root/autodl-tmp/helmet_yolo_v10/images/train/PartB_00181.jpg,.jpg,frost,1,463932652,PartB_00181__A1C__frost__s1.png
PartB_00183,/root/autodl-tmp/helmet_yolo_v10/images/train/PartB_00183.jpg,.jpg,defocus_blur,3,1796379729,PartB_00183__A1C__defocus_blur__s3.png
PartB_00184,/root/autodl-tmp/helmet_yolo_v10/images/train/PartB_00184.jpg,.jpg,glass_blur,2,3703174829,PartB_00184__A1C__glass_blur__s2.png
PartB_00187,/root/autodl-tmp/helmet_yolo_v10/images/train/PartB_00187.jpg,.jpg,gaussian_noise,3,2519965219,PartB_00187__A1C__gaussian_noise__s3.png
PartB_00188,/root/autodl-tmp/helmet_yolo_v10/images/train/PartB_00188.jpg,.jpg,jpeg_compression,1,1237376851,PartB_00188__A1C__jpeg_compression__s1.png
PartB_00189,/root/autodl-tmp/helmet_yolo_v10/images/train/PartB_00189.jpg,.jpg,glass_blur,2,3684942308,PartB_00189__A1C__glass_blur__s2.png
PartB_00190,/root/autodl-tmp/helmet_yolo_v10/images/train/PartB_00190.jpg,.jpg,jpeg_compression,3,518605392,PartB_00190__A1C__jpeg_compression__s3.png
PartB_00191,/root/autodl-tmp/helmet_yolo_v10/images/train/PartB_00191.jpg,.jpg,gaussian_noise,1,3547318002,PartB_00191__A1C__gaussian_noise__s1.png
PartB_00192,/root/autodl-tmp/helmet_yolo_v10/images/train/PartB_00192.jpg,.jpg,brightness,1,1022859128,PartB_00192__A1C__brightness__s1.png
PartB_00193,/root/autodl-tmp/helmet_yolo_v10/images/train/PartB_00193.jpg,.jpg,motion_blur,3,2041902855,PartB_00193__A1C__motion_blur__s3.png
PartB_00194,/root/autodl-tmp/helmet_yolo_v10/images/train/PartB_00194.jpg,.jpg,shot_noise,2,1037121800,PartB_00194__A1C__shot_noise__s2.png
PartB_00195,/root/autodl-tmp/helmet_yolo_v10/images/train/PartB_00195.jpg,.jpg,brightness,1,2197023245,PartB_00195__A1C__brightness__s1.png
PartB_00197,/root/autodl-tmp/helmet_yolo_v10/images/train/PartB_00197.jpg,.jpg,gaussian_noise,3,1383126328,PartB_00197__A1C__gaussian_noise__s3.png
PartB_00198,/root/autodl-tmp/helmet_yolo_v10/images/train/PartB_00198.jpg,.jpg,fog,2,3678931366,PartB_00198__A1C__fog__s2.png
PartB_00199,/root/autodl-tmp/helmet_yolo_v10/images/train/PartB_00199.jpg,.jpg,gaussian_noise,2,898015129,PartB_00199__A1C__gaussian_noise__s2.png
PartB_00201,/root/autodl-tmp/helmet_yolo_v10/images/train/PartB_00201.jpg,.jpg,contrast,1,3283230180,PartB_00201__A1C__contrast__s1.png
PartB_00202,/root/autodl-tmp/helmet_yolo_v10/images/train/PartB_00202.jpg,.jpg,gaussian_noise,1,1462262020,PartB_00202__A1C__gaussian_noise__s1.png
PartB_00203,/root/autodl-tmp/helmet_yolo_v10/images/train/PartB_00203.jpg,.jpg,contrast,3,2948801380,PartB_00203__A1C__contrast__s3.png
PartB_00204,/root/autodl-tmp/helmet_yolo_v10/images/train/PartB_00204.jpg,.jpg,motion_blur,2,2093045899,PartB_00204__A1C__motion_blur__s2.png
PartB_00205,/root/autodl-tmp/helmet_yolo_v10/images/train/PartB_00205.jpg,.jpg,snow,1,3151801854,PartB_00205__A1C__snow__s1.png
PartB_00206,/root/autodl-tmp/helmet_yolo_v10/images/train/PartB_00206.jpg,.jpg,fog,2,2782347412,PartB_00206__A1C__fog__s2.png
PartB_00207,/root/autodl-tmp/helmet_yolo_v10/images/train/PartB_00207.jpg,.jpg,frost,1,525150256,PartB_00207__A1C__frost__s1.png
PartB_00210,/root/autodl-tmp/helmet_yolo_v10/images/train/PartB_00210.jpg,.jpg,glass_blur,2,3887778605,PartB_00210__A1C__glass_blur__s2.png
PartB_00211,/root/autodl-tmp/helmet_yolo_v10/images/train/PartB_00211.jpg,.jpg,frost,2,2560170074,PartB_00211__A1C__frost__s2.png
PartB_00212,/root/autodl-tmp/helmet_yolo_v10/images/train/PartB_00212.jpg,.jpg,brightness,3,2115458846,PartB_00212__A1C__brightness__s3.png
PartB_00213,/root/autodl-tmp/helmet_yolo_v10/images/train/PartB_00213.jpg,.jpg,shot_noise,1,3091283056,PartB_00213__A1C__shot_noise__s1.png
PartB_00214,/root/autodl-tmp/helmet_yolo_v10/images/train/PartB_00214.jpg,.jpg,defocus_blur,1,3090402034,PartB_00214__A1C__defocus_blur__s1.png
PartB_00215,/root/autodl-tmp/helmet_yolo_v10/images/train/PartB_00215.jpg,.jpg,glass_blur,3,3189099973,PartB_00215__A1C__glass_blur__s3.png
PartB_00216,/root/autodl-tmp/helmet_yolo_v10/images/train/PartB_00216.jpg,.jpg,motion_blur,1,1219817905,PartB_00216__A1C__motion_blur__s1.png
PartB_00217,/root/autodl-tmp/helmet_yolo_v10/images/train/PartB_00217.jpg,.jpg,contrast,1,1934004896,PartB_00217__A1C__contrast__s1.png
PartB_00218,/root/autodl-tmp/helmet_yolo_v10/images/train/PartB_00218.jpg,.jpg,snow,1,3816305220,PartB_00218__A1C__snow__s1.png
PartB_00221,/root/autodl-tmp/helmet_yolo_v10/images/train/PartB_00221.jpg,.jpg,brightness,3,3110173833,PartB_00221__A1C__brightness__s3.png
PartB_00222,/root/autodl-tmp/helmet_yolo_v10/images/train/PartB_00222.jpg,.jpg,motion_blur,2,151570459,PartB_00222__A1C__motion_blur__s2.png
PartB_00224,/root/autodl-tmp/helmet_yolo_v10/images/train/PartB_00224.jpg,.jpg,frost,2,1936497658,PartB_00224__A1C__frost__s2.png
PartB_00225,/root/autodl-tmp/helmet_yolo_v10/images/train/PartB_00225.jpg,.jpg,fog,3,3357944932,PartB_00225__A1C__fog__s3.png
PartB_00226,/root/autodl-tmp/helmet_yolo_v10/images/train/PartB_00226.jpg,.jpg,zoom_blur,1,1629276278,PartB_00226__A1C__zoom_blur__s1.png
PartB_00227,/root/autodl-tmp/helmet_yolo_v10/images/train/PartB_00227.jpg,.jpg,glass_blur,2,579194353,PartB_00227__A1C__glass_blur__s2.png
PartB_00229,/root/autodl-tmp/helmet_yolo_v10/images/train/PartB_00229.jpg,.jpg,defocus_blur,3,513185357,PartB_00229__A1C__defocus_blur__s3.png
PartB_00232,/root/autodl-tmp/helmet_yolo_v10/images/train/PartB_00232.jpg,.jpg,frost,3,1199193012,PartB_00232__A1C__frost__s3.png
PartB_00233,/root/autodl-tmp/helmet_yolo_v10/images/train/PartB_00233.jpg,.jpg,defocus_blur,1,1642162827,PartB_00233__A1C__defocus_blur__s1.png
PartB_00234,/root/autodl-tmp/helmet_yolo_v10/images/train/PartB_00234.jpg,.jpg,motion_blur,2,1033240208,PartB_00234__A1C__motion_blur__s2.png
PartB_00235,/root/autodl-tmp/helmet_yolo_v10/images/train/PartB_00235.jpg,.jpg,snow,1,3635427168,PartB_00235__A1C__snow__s1.png
PartB_00236,/root/autodl-tmp/helmet_yolo_v10/images/train/PartB_00236.jpg,.jpg,jpeg_compression,2,2982940413,PartB_00236__A1C__jpeg_compression__s2.png
PartB_00237,/root/autodl-tmp/helmet_yolo_v10/images/train/PartB_00237.jpg,.jpg,jpeg_compression,1,925579788,PartB_00237__A1C__jpeg_compression__s1.png
PartB_00238,/root/autodl-tmp/helmet_yolo_v10/images/train/PartB_00238.jpg,.jpg,brightness,1,86299126,PartB_00238__A1C__brightness__s1.png
PartB_00239,/root/autodl-tmp/helmet_yolo_v10/images/train/PartB_00239.jpg,.jpg,zoom_blur,1,1403429831,PartB_00239__A1C__zoom_blur__s1.png
PartB_00240,/root/autodl-tmp/helmet_yolo_v10/images/train/PartB_00240.jpg,.jpg,shot_noise,3,3816187563,PartB_00240__A1C__shot_noise__s3.png
PartB_00241,/root/autodl-tmp/helmet_yolo_v10/images/train/PartB_00241.jpg,.jpg,gaussian_noise,2,3050154902,PartB_00241__A1C__gaussian_noise__s2.png
PartB_00244,/root/autodl-tmp/helmet_yolo_v10/images/train/PartB_00244.jpg,.jpg,frost,3,129650586,PartB_00244__A1C__frost__s3.png
PartB_00248,/root/autodl-tmp/helmet_yolo_v10/images/train/PartB_00248.jpg,.jpg,jpeg_compression,3,3283260609,PartB_00248__A1C__jpeg_compression__s3.png
PartB_00249,/root/autodl-tmp/helmet_yolo_v10/images/train/PartB_00249.jpg,.jpg,zoom_blur,2,1843541253,PartB_00249__A1C__zoom_blur__s2.png
PartB_00250,/root/autodl-tmp/helmet_yolo_v10/images/train/PartB_00250.jpg,.jpg,motion_blur,2,396722867,PartB_00250__A1C__motion_blur__s2.png
PartB_00252,/root/autodl-tmp/helmet_yolo_v10/images/train/PartB_00252.jpg,.jpg,glass_blur,2,3709262068,PartB_00252__A1C__glass_blur__s2.png
PartB_00253,/root/autodl-tmp/helmet_yolo_v10/images/train/PartB_00253.jpg,.jpg,brightness,1,2138551488,PartB_00253__A1C__brightness__s1.png
PartB_00254,/root/autodl-tmp/helmet_yolo_v10/images/train/PartB_00254.jpg,.jpg,glass_blur,3,3726090967,PartB_00254__A1C__glass_blur__s3.png
PartB_00255,/root/autodl-tmp/helmet_yolo_v10/images/train/PartB_00255.jpg,.jpg,defocus_blur,2,4068356437,PartB_00255__A1C__defocus_blur__s2.png
PartB_00258,/root/autodl-tmp/helmet_yolo_v10/images/train/PartB_00258.jpg,.jpg,impulse_noise,3,3524218181,PartB_00258__A1C__impulse_noise__s3.png
PartB_00259,/root/autodl-tmp/helmet_yolo_v10/images/train/PartB_00259.jpg,.jpg,snow,2,2348735753,PartB_00259__A1C__snow__s2.png
PartB_00260,/root/autodl-tmp/helmet_yolo_v10/images/train/PartB_00260.jpg,.jpg,frost,2,2870254771,PartB_00260__A1C__frost__s2.png
PartB_00261,/root/autodl-tmp/helmet_yolo_v10/images/train/PartB_00261.jpg,.jpg,impulse_noise,3,2664121576,PartB_00261__A1C__impulse_noise__s3.png
PartB_00262,/root/autodl-tmp/helmet_yolo_v10/images/train/PartB_00262.jpg,.jpg,fog,3,1107751330,PartB_00262__A1C__fog__s3.png
PartB_00263,/root/autodl-tmp/helmet_yolo_v10/images/train/PartB_00263.jpg,.jpg,fog,3,2643269777,PartB_00263__A1C__fog__s3.png
PartB_00264,/root/autodl-tmp/helmet_yolo_v10/images/train/PartB_00264.jpg,.jpg,contrast,3,1227073419,PartB_00264__A1C__contrast__s3.png
PartB_00265,/root/autodl-tmp/helmet_yolo_v10/images/train/PartB_00265.jpg,.jpg,zoom_blur,3,2322288461,PartB_00265__A1C__zoom_blur__s3.png
PartB_00268,/root/autodl-tmp/helmet_yolo_v10/images/train/PartB_00268.jpg,.jpg,shot_noise,2,1574588247,PartB_00268__A1C__shot_noise__s2.png
PartB_00269,/root/autodl-tmp/helmet_yolo_v10/images/train/PartB_00269.jpg,.jpg,shot_noise,3,2986901375,PartB_00269__A1C__shot_noise__s3.png
PartB_00270,/root/autodl-tmp/helmet_yolo_v10/images/train/PartB_00270.jpg,.jpg,snow,1,3407476474,PartB_00270__A1C__snow__s1.png
PartB_00271,/root/autodl-tmp/helmet_yolo_v10/images/train/PartB_00271.jpg,.jpg,brightness,3,3640927959,PartB_00271__A1C__brightness__s3.png
PartB_00273,/root/autodl-tmp/helmet_yolo_v10/images/train/PartB_00273.jpg,.jpg,brightness,1,273218324,PartB_00273__A1C__brightness__s1.png
PartB_00274,/root/autodl-tmp/helmet_yolo_v10/images/train/PartB_00274.jpg,.jpg,shot_noise,3,4098757143,PartB_00274__A1C__shot_noise__s3.png
PartB_00275,/root/autodl-tmp/helmet_yolo_v10/images/train/PartB_00275.jpg,.jpg,fog,1,2660765644,PartB_00275__A1C__fog__s1.png
PartB_00276,/root/autodl-tmp/helmet_yolo_v10/images/train/PartB_00276.jpg,.jpg,fog,3,1687674860,PartB_00276__A1C__fog__s3.png
PartB_00278,/root/autodl-tmp/helmet_yolo_v10/images/train/PartB_00278.jpg,.jpg,shot_noise,2,845461178,PartB_00278__A1C__shot_noise__s2.png
PartB_00279,/root/autodl-tmp/helmet_yolo_v10/images/train/PartB_00279.jpg,.jpg,shot_noise,2,885841372,PartB_00279__A1C__shot_noise__s2.png
PartB_00281,/root/autodl-tmp/helmet_yolo_v10/images/train/PartB_00281.jpg,.jpg,defocus_blur,2,1994004253,PartB_00281__A1C__defocus_blur__s2.png
PartB_00284,/root/autodl-tmp/helmet_yolo_v10/images/train/PartB_00284.jpg,.jpg,impulse_noise,3,828494925,PartB_00284__A1C__impulse_noise__s3.png
PartB_00285,/root/autodl-tmp/helmet_yolo_v10/images/train/PartB_00285.jpg,.jpg,zoom_blur,1,992873992,PartB_00285__A1C__zoom_blur__s1.png
PartB_00287,/root/autodl-tmp/helmet_yolo_v10/images/train/PartB_00287.jpg,.jpg,snow,1,2528011012,PartB_00287__A1C__snow__s1.png
PartB_00288,/root/autodl-tmp/helmet_yolo_v10/images/train/PartB_00288.jpg,.jpg,zoom_blur,3,3168857095,PartB_00288__A1C__zoom_blur__s3.png
PartB_00291,/root/autodl-tmp/helmet_yolo_v10/images/train/PartB_00291.jpg,.jpg,glass_blur,3,648269077,PartB_00291__A1C__glass_blur__s3.png
PartB_00292,/root/autodl-tmp/helmet_yolo_v10/images/train/PartB_00292.jpg,.jpg,brightness,1,3293936203,PartB_00292__A1C__brightness__s1.png
PartB_00294,/root/autodl-tmp/helmet_yolo_v10/images/train/PartB_00294.jpg,.jpg,brightness,2,1346414634,PartB_00294__A1C__brightness__s2.png
PartB_00295,/root/autodl-tmp/helmet_yolo_v10/images/train/PartB_00295.jpg,.jpg,shot_noise,3,228635781,PartB_00295__A1C__shot_noise__s3.png
PartB_00296,/root/autodl-tmp/helmet_yolo_v10/images/train/PartB_00296.jpg,.jpg,pixelate,3,2509600495,PartB_00296__A1C__pixelate__s3.png
PartB_00298,/root/autodl-tmp/helmet_yolo_v10/images/train/PartB_00298.jpg,.jpg,jpeg_compression,1,1490106626,PartB_00298__A1C__jpeg_compression__s1.png
PartB_00299,/root/autodl-tmp/helmet_yolo_v10/images/train/PartB_00299.jpg,.jpg,glass_blur,1,2865927127,PartB_00299__A1C__glass_blur__s1.png
PartB_00300,/root/autodl-tmp/helmet_yolo_v10/images/train/PartB_00300.jpg,.jpg,zoom_blur,3,1656025808,PartB_00300__A1C__zoom_blur__s3.png
PartB_00301,/root/autodl-tmp/helmet_yolo_v10/images/train/PartB_00301.jpg,.jpg,defocus_blur,2,1000735681,PartB_00301__A1C__defocus_blur__s2.png
PartB_00302,/root/autodl-tmp/helmet_yolo_v10/images/train/PartB_00302.jpg,.jpg,pixelate,1,3555376219,PartB_00302__A1C__pixelate__s1.png
PartB_00304,/root/autodl-tmp/helmet_yolo_v10/images/train/PartB_00304.jpg,.jpg,contrast,1,2604784004,PartB_00304__A1C__contrast__s1.png
PartB_00305,/root/autodl-tmp/helmet_yolo_v10/images/train/PartB_00305.jpg,.jpg,brightness,3,4131785494,PartB_00305__A1C__brightness__s3.png
PartB_00307,/root/autodl-tmp/helmet_yolo_v10/images/train/PartB_00307.jpg,.jpg,snow,3,1794541776,PartB_00307__A1C__snow__s3.png
PartB_00308,/root/autodl-tmp/helmet_yolo_v10/images/train/PartB_00308.jpg,.jpg,brightness,3,1324431978,PartB_00308__A1C__brightness__s3.png
PartB_00309,/root/autodl-tmp/helmet_yolo_v10/images/train/PartB_00309.jpg,.jpg,glass_blur,1,3517239716,PartB_00309__A1C__glass_blur__s1.png
PartB_00310,/root/autodl-tmp/helmet_yolo_v10/images/train/PartB_00310.jpg,.jpg,brightness,1,284206674,PartB_00310__A1C__brightness__s1.png
PartB_00311,/root/autodl-tmp/helmet_yolo_v10/images/train/PartB_00311.jpg,.jpg,jpeg_compression,2,2375257455,PartB_00311__A1C__jpeg_compression__s2.png
PartB_00313,/root/autodl-tmp/helmet_yolo_v10/images/train/PartB_00313.jpg,.jpg,snow,3,832121934,PartB_00313__A1C__snow__s3.png
PartB_00314,/root/autodl-tmp/helmet_yolo_v10/images/train/PartB_00314.jpg,.jpg,fog,1,2716487932,PartB_00314__A1C__fog__s1.png
PartB_00315,/root/autodl-tmp/helmet_yolo_v10/images/train/PartB_00315.jpg,.jpg,zoom_blur,3,2007888729,PartB_00315__A1C__zoom_blur__s3.png
PartB_00316,/root/autodl-tmp/helmet_yolo_v10/images/train/PartB_00316.jpg,.jpg,contrast,3,4083235,PartB_00316__A1C__contrast__s3.png
PartB_00317,/root/autodl-tmp/helmet_yolo_v10/images/train/PartB_00317.jpg,.jpg,glass_blur,3,1278332711,PartB_00317__A1C__glass_blur__s3.png
PartB_00323,/root/autodl-tmp/helmet_yolo_v10/images/train/PartB_00323.jpg,.jpg,shot_noise,2,93594581,PartB_00323__A1C__shot_noise__s2.png
PartB_00324,/root/autodl-tmp/helmet_yolo_v10/images/train/PartB_00324.jpg,.jpg,impulse_noise,3,186085253,PartB_00324__A1C__impulse_noise__s3.png
PartB_00325,/root/autodl-tmp/helmet_yolo_v10/images/train/PartB_00325.jpg,.jpg,gaussian_noise,1,3156196093,PartB_00325__A1C__gaussian_noise__s1.png
PartB_00328,/root/autodl-tmp/helmet_yolo_v10/images/train/PartB_00328.jpg,.jpg,motion_blur,1,3072174929,PartB_00328__A1C__motion_blur__s1.png
PartB_00329,/root/autodl-tmp/helmet_yolo_v10/images/train/PartB_00329.jpg,.jpg,fog,3,3289501537,PartB_00329__A1C__fog__s3.png
PartB_00330,/root/autodl-tmp/helmet_yolo_v10/images/train/PartB_00330.jpg,.jpg,fog,3,295700314,PartB_00330__A1C__fog__s3.png
PartB_00333,/root/autodl-tmp/helmet_yolo_v10/images/train/PartB_00333.jpg,.jpg,motion_blur,2,713982510,PartB_00333__A1C__motion_blur__s2.png
PartB_00334,/root/autodl-tmp/helmet_yolo_v10/images/train/PartB_00334.jpg,.jpg,jpeg_compression,3,564435074,PartB_00334__A1C__jpeg_compression__s3.png
PartB_00336,/root/autodl-tmp/helmet_yolo_v10/images/train/PartB_00336.jpg,.jpg,motion_blur,1,3426679472,PartB_00336__A1C__motion_blur__s1.png
PartB_00337,/root/autodl-tmp/helmet_yolo_v10/images/train/PartB_00337.jpg,.jpg,pixelate,3,3307516057,PartB_00337__A1C__pixelate__s3.png
PartB_00339,/root/autodl-tmp/helmet_yolo_v10/images/train/PartB_00339.jpg,.jpg,fog,2,2933267146,PartB_00339__A1C__fog__s2.png
PartB_00340,/root/autodl-tmp/helmet_yolo_v10/images/train/PartB_00340.jpg,.jpg,gaussian_noise,1,2142346625,PartB_00340__A1C__gaussian_noise__s1.png
PartB_00341,/root/autodl-tmp/helmet_yolo_v10/images/train/PartB_00341.jpg,.jpg,gaussian_noise,2,1040334212,PartB_00341__A1C__gaussian_noise__s2.png
PartB_00342,/root/autodl-tmp/helmet_yolo_v10/images/train/PartB_00342.jpg,.jpg,frost,1,477066307,PartB_00342__A1C__frost__s1.png
PartB_00344,/root/autodl-tmp/helmet_yolo_v10/images/train/PartB_00344.jpg,.jpg,pixelate,1,262567288,PartB_00344__A1C__pixelate__s1.png
PartB_00345,/root/autodl-tmp/helmet_yolo_v10/images/train/PartB_00345.jpg,.jpg,fog,2,4223366959,PartB_00345__A1C__fog__s2.png
PartB_00346,/root/autodl-tmp/helmet_yolo_v10/images/train/PartB_00346.jpg,.jpg,frost,1,3436419512,PartB_00346__A1C__frost__s1.png
PartB_00347,/root/autodl-tmp/helmet_yolo_v10/images/train/PartB_00347.jpg,.jpg,glass_blur,2,2307797783,PartB_00347__A1C__glass_blur__s2.png
PartB_00348,/root/autodl-tmp/helmet_yolo_v10/images/train/PartB_00348.jpg,.jpg,motion_blur,2,2562081710,PartB_00348__A1C__motion_blur__s2.png
PartB_00349,/root/autodl-tmp/helmet_yolo_v10/images/train/PartB_00349.jpg,.jpg,snow,3,3113206980,PartB_00349__A1C__snow__s3.png
PartB_00350,/root/autodl-tmp/helmet_yolo_v10/images/train/PartB_00350.jpg,.jpg,impulse_noise,2,1144181533,PartB_00350__A1C__impulse_noise__s2.png
PartB_00355,/root/autodl-tmp/helmet_yolo_v10/images/train/PartB_00355.jpg,.jpg,zoom_blur,1,1943265714,PartB_00355__A1C__zoom_blur__s1.png
PartB_00356,/root/autodl-tmp/helmet_yolo_v10/images/train/PartB_00356.jpg,.jpg,impulse_noise,3,4168406011,PartB_00356__A1C__impulse_noise__s3.png
PartB_00357,/root/autodl-tmp/helmet_yolo_v10/images/train/PartB_00357.jpg,.jpg,brightness,1,1489872587,PartB_00357__A1C__brightness__s1.png
PartB_00359,/root/autodl-tmp/helmet_yolo_v10/images/train/PartB_00359.jpg,.jpg,frost,1,1513509921,PartB_00359__A1C__frost__s1.png
PartB_00361,/root/autodl-tmp/helmet_yolo_v10/images/train/PartB_00361.jpg,.jpg,brightness,3,3711974644,PartB_00361__A1C__brightness__s3.png
PartB_00362,/root/autodl-tmp/helmet_yolo_v10/images/train/PartB_00362.jpg,.jpg,glass_blur,2,3636823599,PartB_00362__A1C__glass_blur__s2.png
PartB_00364,/root/autodl-tmp/helmet_yolo_v10/images/train/PartB_00364.jpg,.jpg,jpeg_compression,3,2202113227,PartB_00364__A1C__jpeg_compression__s3.png
PartB_00365,/root/autodl-tmp/helmet_yolo_v10/images/train/PartB_00365.jpg,.jpg,shot_noise,1,3882075751,PartB_00365__A1C__shot_noise__s1.png
PartB_00367,/root/autodl-tmp/helmet_yolo_v10/images/train/PartB_00367.jpg,.jpg,contrast,3,3887867548,PartB_00367__A1C__contrast__s3.png
PartB_00370,/root/autodl-tmp/helmet_yolo_v10/images/train/PartB_00370.jpg,.jpg,pixelate,2,3586607386,PartB_00370__A1C__pixelate__s2.png
PartB_00371,/root/autodl-tmp/helmet_yolo_v10/images/train/PartB_00371.jpg,.jpg,shot_noise,2,3437022804,PartB_00371__A1C__shot_noise__s2.png
PartB_00372,/root/autodl-tmp/helmet_yolo_v10/images/train/PartB_00372.jpg,.jpg,fog,1,1712875273,PartB_00372__A1C__fog__s1.png
PartB_00376,/root/autodl-tmp/helmet_yolo_v10/images/train/PartB_00376.jpg,.jpg,zoom_blur,2,571561690,PartB_00376__A1C__zoom_blur__s2.png
PartB_00378,/root/autodl-tmp/helmet_yolo_v10/images/train/PartB_00378.jpg,.jpg,contrast,3,2637294033,PartB_00378__A1C__contrast__s3.png
PartB_00379,/root/autodl-tmp/helmet_yolo_v10/images/train/PartB_00379.jpg,.jpg,fog,2,4012931596,PartB_00379__A1C__fog__s2.png
PartB_00382,/root/autodl-tmp/helmet_yolo_v10/images/train/PartB_00382.jpg,.jpg,motion_blur,3,475600827,PartB_00382__A1C__motion_blur__s3.png
PartB_00383,/root/autodl-tmp/helmet_yolo_v10/images/train/PartB_00383.jpg,.jpg,glass_blur,1,3301157184,PartB_00383__A1C__glass_blur__s1.png
PartB_00385,/root/autodl-tmp/helmet_yolo_v10/images/train/PartB_00385.jpg,.jpg,jpeg_compression,2,2839117825,PartB_00385__A1C__jpeg_compression__s2.png
PartB_00386,/root/autodl-tmp/helmet_yolo_v10/images/train/PartB_00386.jpg,.jpg,defocus_blur,2,2820402914,PartB_00386__A1C__defocus_blur__s2.png
PartB_00387,/root/autodl-tmp/helmet_yolo_v10/images/train/PartB_00387.jpg,.jpg,defocus_blur,2,422801926,PartB_00387__A1C__defocus_blur__s2.png
PartB_00388,/root/autodl-tmp/helmet_yolo_v10/images/train/PartB_00388.jpg,.jpg,jpeg_compression,3,1315722199,PartB_00388__A1C__jpeg_compression__s3.png
PartB_00392,/root/autodl-tmp/helmet_yolo_v10/images/train/PartB_00392.jpg,.jpg,impulse_noise,1,21995148,PartB_00392__A1C__impulse_noise__s1.png
PartB_00394,/root/autodl-tmp/helmet_yolo_v10/images/train/PartB_00394.jpg,.jpg,defocus_blur,2,2765033185,PartB_00394__A1C__defocus_blur__s2.png
PartB_00396,/root/autodl-tmp/helmet_yolo_v10/images/train/PartB_00396.jpg,.jpg,pixelate,2,925821533,PartB_00396__A1C__pixelate__s2.png
PartB_00397,/root/autodl-tmp/helmet_yolo_v10/images/train/PartB_00397.jpg,.jpg,jpeg_compression,1,2334381319,PartB_00397__A1C__jpeg_compression__s1.png
PartB_00398,/root/autodl-tmp/helmet_yolo_v10/images/train/PartB_00398.jpg,.jpg,snow,1,1133276599,PartB_00398__A1C__snow__s1.png
PartB_00399,/root/autodl-tmp/helmet_yolo_v10/images/train/PartB_00399.jpg,.jpg,impulse_noise,3,2338553521,PartB_00399__A1C__impulse_noise__s3.png
PartB_00400,/root/autodl-tmp/helmet_yolo_v10/images/train/PartB_00400.jpg,.jpg,impulse_noise,2,200364807,PartB_00400__A1C__impulse_noise__s2.png
PartB_00401,/root/autodl-tmp/helmet_yolo_v10/images/train/PartB_00401.jpg,.jpg,snow,1,3348101575,PartB_00401__A1C__snow__s1.png
PartB_00402,/root/autodl-tmp/helmet_yolo_v10/images/train/PartB_00402.jpg,.jpg,zoom_blur,1,2358115152,PartB_00402__A1C__zoom_blur__s1.png
PartB_00404,/root/autodl-tmp/helmet_yolo_v10/images/train/PartB_00404.jpg,.jpg,zoom_blur,1,1201451489,PartB_00404__A1C__zoom_blur__s1.png
PartB_00405,/root/autodl-tmp/helmet_yolo_v10/images/train/PartB_00405.jpg,.jpg,motion_blur,1,2370626253,PartB_00405__A1C__motion_blur__s1.png
PartB_00407,/root/autodl-tmp/helmet_yolo_v10/images/train/PartB_00407.jpg,.jpg,glass_blur,3,3024949128,PartB_00407__A1C__glass_blur__s3.png
PartB_00408,/root/autodl-tmp/helmet_yolo_v10/images/train/PartB_00408.jpg,.jpg,motion_blur,1,2057880437,PartB_00408__A1C__motion_blur__s1.png
PartB_00409,/root/autodl-tmp/helmet_yolo_v10/images/train/PartB_00409.jpg,.jpg,brightness,1,1458405179,PartB_00409__A1C__brightness__s1.png
PartB_00410,/root/autodl-tmp/helmet_yolo_v10/images/train/PartB_00410.jpg,.jpg,motion_blur,1,1098759165,PartB_00410__A1C__motion_blur__s1.png
PartB_00411,/root/autodl-tmp/helmet_yolo_v10/images/train/PartB_00411.jpg,.jpg,gaussian_noise,3,1958529171,PartB_00411__A1C__gaussian_noise__s3.png
PartB_00412,/root/autodl-tmp/helmet_yolo_v10/images/train/PartB_00412.jpg,.jpg,glass_blur,1,2329990670,PartB_00412__A1C__glass_blur__s1.png
PartB_00413,/root/autodl-tmp/helmet_yolo_v10/images/train/PartB_00413.jpg,.jpg,brightness,1,634072043,PartB_00413__A1C__brightness__s1.png
PartB_00414,/root/autodl-tmp/helmet_yolo_v10/images/train/PartB_00414.jpg,.jpg,shot_noise,3,2780527864,PartB_00414__A1C__shot_noise__s3.png
PartB_00415,/root/autodl-tmp/helmet_yolo_v10/images/train/PartB_00415.jpg,.jpg,pixelate,1,2932402842,PartB_00415__A1C__pixelate__s1.png
PartB_00416,/root/autodl-tmp/helmet_yolo_v10/images/train/PartB_00416.jpg,.jpg,motion_blur,3,2892585572,PartB_00416__A1C__motion_blur__s3.png
PartB_00417,/root/autodl-tmp/helmet_yolo_v10/images/train/PartB_00417.jpg,.jpg,defocus_blur,3,604962858,PartB_00417__A1C__defocus_blur__s3.png
PartB_00419,/root/autodl-tmp/helmet_yolo_v10/images/train/PartB_00419.jpg,.jpg,shot_noise,3,1868565055,PartB_00419__A1C__shot_noise__s3.png
PartB_00421,/root/autodl-tmp/helmet_yolo_v10/images/train/PartB_00421.jpg,.jpg,contrast,2,3000434905,PartB_00421__A1C__contrast__s2.png
PartB_00425,/root/autodl-tmp/helmet_yolo_v10/images/train/PartB_00425.jpg,.jpg,defocus_blur,1,3020696811,PartB_00425__A1C__defocus_blur__s1.png
PartB_00426,/root/autodl-tmp/helmet_yolo_v10/images/train/PartB_00426.jpg,.jpg,snow,1,2670103082,PartB_00426__A1C__snow__s1.png
PartB_00428,/root/autodl-tmp/helmet_yolo_v10/images/train/PartB_00428.jpg,.jpg,zoom_blur,3,3142380582,PartB_00428__A1C__zoom_blur__s3.png
PartB_00429,/root/autodl-tmp/helmet_yolo_v10/images/train/PartB_00429.jpg,.jpg,gaussian_noise,3,2147444669,PartB_00429__A1C__gaussian_noise__s3.png
PartB_00430,/root/autodl-tmp/helmet_yolo_v10/images/train/PartB_00430.jpg,.jpg,brightness,1,3712132610,PartB_00430__A1C__brightness__s1.png
PartB_00433,/root/autodl-tmp/helmet_yolo_v10/images/train/PartB_00433.jpg,.jpg,impulse_noise,3,3839082724,PartB_00433__A1C__impulse_noise__s3.png
PartB_00434,/root/autodl-tmp/helmet_yolo_v10/images/train/PartB_00434.jpg,.jpg,snow,1,225107178,PartB_00434__A1C__snow__s1.png
PartB_00435,/root/autodl-tmp/helmet_yolo_v10/images/train/PartB_00435.jpg,.jpg,motion_blur,2,3437525652,PartB_00435__A1C__motion_blur__s2.png
PartB_00436,/root/autodl-tmp/helmet_yolo_v10/images/train/PartB_00436.jpg,.jpg,pixelate,1,1392164515,PartB_00436__A1C__pixelate__s1.png
PartB_00437,/root/autodl-tmp/helmet_yolo_v10/images/train/PartB_00437.jpg,.jpg,brightness,1,3538178299,PartB_00437__A1C__brightness__s1.png
PartB_00438,/root/autodl-tmp/helmet_yolo_v10/images/train/PartB_00438.jpg,.jpg,pixelate,3,1753569289,PartB_00438__A1C__pixelate__s3.png
PartB_00439,/root/autodl-tmp/helmet_yolo_v10/images/train/PartB_00439.jpg,.jpg,defocus_blur,2,4012000441,PartB_00439__A1C__defocus_blur__s2.png
PartB_00440,/root/autodl-tmp/helmet_yolo_v10/images/train/PartB_00440.jpg,.jpg,brightness,3,4004231023,PartB_00440__A1C__brightness__s3.png
PartB_00441,/root/autodl-tmp/helmet_yolo_v10/images/train/PartB_00441.jpg,.jpg,impulse_noise,2,3312432359,PartB_00441__A1C__impulse_noise__s2.png
PartB_00442,/root/autodl-tmp/helmet_yolo_v10/images/train/PartB_00442.jpg,.jpg,contrast,1,2782205397,PartB_00442__A1C__contrast__s1.png
PartB_00444,/root/autodl-tmp/helmet_yolo_v10/images/train/PartB_00444.jpg,.jpg,zoom_blur,2,3021071513,PartB_00444__A1C__zoom_blur__s2.png
PartB_00445,/root/autodl-tmp/helmet_yolo_v10/images/train/PartB_00445.jpg,.jpg,brightness,2,3366231531,PartB_00445__A1C__brightness__s2.png
PartB_00446,/root/autodl-tmp/helmet_yolo_v10/images/train/PartB_00446.jpg,.jpg,contrast,3,2482308410,PartB_00446__A1C__contrast__s3.png
PartB_00447,/root/autodl-tmp/helmet_yolo_v10/images/train/PartB_00447.jpg,.jpg,brightness,1,134850650,PartB_00447__A1C__brightness__s1.png
PartB_00448,/root/autodl-tmp/helmet_yolo_v10/images/train/PartB_00448.jpg,.jpg,snow,3,1943474865,PartB_00448__A1C__snow__s3.png
PartB_00449,/root/autodl-tmp/helmet_yolo_v10/images/train/PartB_00449.jpg,.jpg,snow,1,1561133870,PartB_00449__A1C__snow__s1.png
PartB_00450,/root/autodl-tmp/helmet_yolo_v10/images/train/PartB_00450.jpg,.jpg,jpeg_compression,2,3742244417,PartB_00450__A1C__jpeg_compression__s2.png
PartB_00456,/root/autodl-tmp/helmet_yolo_v10/images/train/PartB_00456.jpg,.jpg,pixelate,1,3852663728,PartB_00456__A1C__pixelate__s1.png
PartB_00457,/root/autodl-tmp/helmet_yolo_v10/images/train/PartB_00457.jpg,.jpg,impulse_noise,1,1289074020,PartB_00457__A1C__impulse_noise__s1.png
PartB_00458,/root/autodl-tmp/helmet_yolo_v10/images/train/PartB_00458.jpg,.jpg,brightness,2,1921485155,PartB_00458__A1C__brightness__s2.png
PartB_00459,/root/autodl-tmp/helmet_yolo_v10/images/train/PartB_00459.jpg,.jpg,shot_noise,1,662566475,PartB_00459__A1C__shot_noise__s1.png
PartB_00460,/root/autodl-tmp/helmet_yolo_v10/images/train/PartB_00460.jpg,.jpg,snow,1,381856502,PartB_00460__A1C__snow__s1.png
PartB_00461,/root/autodl-tmp/helmet_yolo_v10/images/train/PartB_00461.jpg,.jpg,jpeg_compression,2,1295330541,PartB_00461__A1C__jpeg_compression__s2.png
PartB_00462,/root/autodl-tmp/helmet_yolo_v10/images/train/PartB_00462.jpg,.jpg,defocus_blur,3,3456302217,PartB_00462__A1C__defocus_blur__s3.png
PartB_00463,/root/autodl-tmp/helmet_yolo_v10/images/train/PartB_00463.jpg,.jpg,brightness,2,3096712396,PartB_00463__A1C__brightness__s2.png
PartB_00464,/root/autodl-tmp/helmet_yolo_v10/images/train/PartB_00464.jpg,.jpg,glass_blur,3,3405134421,PartB_00464__A1C__glass_blur__s3.png
PartB_00466,/root/autodl-tmp/helmet_yolo_v10/images/train/PartB_00466.jpg,.jpg,defocus_blur,1,1215009710,PartB_00466__A1C__defocus_blur__s1.png
PartB_00467,/root/autodl-tmp/helmet_yolo_v10/images/train/PartB_00467.jpg,.jpg,jpeg_compression,1,2208722421,PartB_00467__A1C__jpeg_compression__s1.png
PartB_00468,/root/autodl-tmp/helmet_yolo_v10/images/train/PartB_00468.jpg,.jpg,motion_blur,1,2105275180,PartB_00468__A1C__motion_blur__s1.png
PartB_00470,/root/autodl-tmp/helmet_yolo_v10/images/train/PartB_00470.jpg,.jpg,pixelate,3,3991351724,PartB_00470__A1C__pixelate__s3.png
PartB_00471,/root/autodl-tmp/helmet_yolo_v10/images/train/PartB_00471.jpg,.jpg,defocus_blur,2,1064774077,PartB_00471__A1C__defocus_blur__s2.png
PartB_00473,/root/autodl-tmp/helmet_yolo_v10/images/train/PartB_00473.jpg,.jpg,brightness,2,1113584353,PartB_00473__A1C__brightness__s2.png
PartB_00475,/root/autodl-tmp/helmet_yolo_v10/images/train/PartB_00475.jpg,.jpg,contrast,3,1601834768,PartB_00475__A1C__contrast__s3.png
PartB_00476,/root/autodl-tmp/helmet_yolo_v10/images/train/PartB_00476.jpg,.jpg,frost,1,2799189900,PartB_00476__A1C__frost__s1.png
PartB_00478,/root/autodl-tmp/helmet_yolo_v10/images/train/PartB_00478.jpg,.jpg,glass_blur,3,1470971061,PartB_00478__A1C__glass_blur__s3.png
PartB_00479,/root/autodl-tmp/helmet_yolo_v10/images/train/PartB_00479.jpg,.jpg,shot_noise,1,3369541661,PartB_00479__A1C__shot_noise__s1.png
PartB_00481,/root/autodl-tmp/helmet_yolo_v10/images/train/PartB_00481.jpg,.jpg,fog,3,1583014330,PartB_00481__A1C__fog__s3.png
PartB_00484,/root/autodl-tmp/helmet_yolo_v10/images/train/PartB_00484.jpg,.jpg,zoom_blur,2,1520043659,PartB_00484__A1C__zoom_blur__s2.png
PartB_00487,/root/autodl-tmp/helmet_yolo_v10/images/train/PartB_00487.jpg,.jpg,contrast,3,3897539456,PartB_00487__A1C__contrast__s3.png
PartB_00488,/root/autodl-tmp/helmet_yolo_v10/images/train/PartB_00488.jpg,.jpg,glass_blur,1,4277260903,PartB_00488__A1C__glass_blur__s1.png
PartB_00489,/root/autodl-tmp/helmet_yolo_v10/images/train/PartB_00489.jpg,.jpg,impulse_noise,3,2806250692,PartB_00489__A1C__impulse_noise__s3.png
PartB_00491,/root/autodl-tmp/helmet_yolo_v10/images/train/PartB_00491.jpg,.jpg,fog,2,3411441182,PartB_00491__A1C__fog__s2.png
PartB_00492,/root/autodl-tmp/helmet_yolo_v10/images/train/PartB_00492.jpg,.jpg,fog,3,1071814206,PartB_00492__A1C__fog__s3.png
PartB_00494,/root/autodl-tmp/helmet_yolo_v10/images/train/PartB_00494.jpg,.jpg,contrast,1,870644558,PartB_00494__A1C__contrast__s1.png
PartB_00496,/root/autodl-tmp/helmet_yolo_v10/images/train/PartB_00496.jpg,.jpg,jpeg_compression,1,3476984378,PartB_00496__A1C__jpeg_compression__s1.png
PartB_00497,/root/autodl-tmp/helmet_yolo_v10/images/train/PartB_00497.jpg,.jpg,pixelate,3,1139646146,PartB_00497__A1C__pixelate__s3.png
PartB_00498,/root/autodl-tmp/helmet_yolo_v10/images/train/PartB_00498.jpg,.jpg,zoom_blur,1,1513750248,PartB_00498__A1C__zoom_blur__s1.png
PartB_00499,/root/autodl-tmp/helmet_yolo_v10/images/train/PartB_00499.jpg,.jpg,gaussian_noise,3,2132363206,PartB_00499__A1C__gaussian_noise__s3.png
PartB_00502,/root/autodl-tmp/helmet_yolo_v10/images/train/PartB_00502.jpg,.jpg,snow,3,1833547376,PartB_00502__A1C__snow__s3.png
PartB_00503,/root/autodl-tmp/helmet_yolo_v10/images/train/PartB_00503.jpg,.jpg,snow,3,855103545,PartB_00503__A1C__snow__s3.png
PartB_00505,/root/autodl-tmp/helmet_yolo_v10/images/train/PartB_00505.jpg,.jpg,fog,2,3807041160,PartB_00505__A1C__fog__s2.png
PartB_00506,/root/autodl-tmp/helmet_yolo_v10/images/train/PartB_00506.jpg,.jpg,brightness,1,1718009175,PartB_00506__A1C__brightness__s1.png
PartB_00507,/root/autodl-tmp/helmet_yolo_v10/images/train/PartB_00507.jpg,.jpg,shot_noise,2,4265000574,PartB_00507__A1C__shot_noise__s2.png
PartB_00508,/root/autodl-tmp/helmet_yolo_v10/images/train/PartB_00508.jpg,.jpg,zoom_blur,2,2611201407,PartB_00508__A1C__zoom_blur__s2.png
PartB_00509,/root/autodl-tmp/helmet_yolo_v10/images/train/PartB_00509.jpg,.jpg,impulse_noise,1,2943623561,PartB_00509__A1C__impulse_noise__s1.png
PartB_00510,/root/autodl-tmp/helmet_yolo_v10/images/train/PartB_00510.jpg,.jpg,defocus_blur,3,1382738198,PartB_00510__A1C__defocus_blur__s3.png
PartB_00511,/root/autodl-tmp/helmet_yolo_v10/images/train/PartB_00511.jpg,.jpg,impulse_noise,1,2354115019,PartB_00511__A1C__impulse_noise__s1.png
PartB_00512,/root/autodl-tmp/helmet_yolo_v10/images/train/PartB_00512.jpg,.jpg,impulse_noise,2,303848360,PartB_00512__A1C__impulse_noise__s2.png
PartB_00513,/root/autodl-tmp/helmet_yolo_v10/images/train/PartB_00513.jpg,.jpg,defocus_blur,2,1945430221,PartB_00513__A1C__defocus_blur__s2.png
PartB_00519,/root/autodl-tmp/helmet_yolo_v10/images/train/PartB_00519.jpg,.jpg,contrast,1,2452022638,PartB_00519__A1C__contrast__s1.png
PartB_00520,/root/autodl-tmp/helmet_yolo_v10/images/train/PartB_00520.jpg,.jpg,jpeg_compression,1,962495878,PartB_00520__A1C__jpeg_compression__s1.png
PartB_00521,/root/autodl-tmp/helmet_yolo_v10/images/train/PartB_00521.jpg,.jpg,brightness,3,1662525828,PartB_00521__A1C__brightness__s3.png
PartB_00522,/root/autodl-tmp/helmet_yolo_v10/images/train/PartB_00522.jpg,.jpg,snow,1,169323064,PartB_00522__A1C__snow__s1.png
PartB_00525,/root/autodl-tmp/helmet_yolo_v10/images/train/PartB_00525.jpg,.jpg,defocus_blur,2,1556769018,PartB_00525__A1C__defocus_blur__s2.png
PartB_00527,/root/autodl-tmp/helmet_yolo_v10/images/train/PartB_00527.jpg,.jpg,brightness,3,3326061245,PartB_00527__A1C__brightness__s3.png
PartB_00528,/root/autodl-tmp/helmet_yolo_v10/images/train/PartB_00528.jpg,.jpg,jpeg_compression,3,989791556,PartB_00528__A1C__jpeg_compression__s3.png
PartB_00529,/root/autodl-tmp/helmet_yolo_v10/images/train/PartB_00529.jpg,.jpg,pixelate,3,4004388572,PartB_00529__A1C__pixelate__s3.png
PartB_00530,/root/autodl-tmp/helmet_yolo_v10/images/train/PartB_00530.jpg,.jpg,frost,3,3144747914,PartB_00530__A1C__frost__s3.png
PartB_00531,/root/autodl-tmp/helmet_yolo_v10/images/train/PartB_00531.jpg,.jpg,glass_blur,3,2357316404,PartB_00531__A1C__glass_blur__s3.png
PartB_00532,/root/autodl-tmp/helmet_yolo_v10/images/train/PartB_00532.jpg,.jpg,impulse_noise,1,3693984475,PartB_00532__A1C__impulse_noise__s1.png
PartB_00533,/root/autodl-tmp/helmet_yolo_v10/images/train/PartB_00533.jpg,.jpg,zoom_blur,3,3775239946,PartB_00533__A1C__zoom_blur__s3.png
PartB_00534,/root/autodl-tmp/helmet_yolo_v10/images/train/PartB_00534.jpg,.jpg,defocus_blur,3,3003814708,PartB_00534__A1C__defocus_blur__s3.png
PartB_00535,/root/autodl-tmp/helmet_yolo_v10/images/train/PartB_00535.jpg,.jpg,gaussian_noise,1,966746080,PartB_00535__A1C__gaussian_noise__s1.png
PartB_00536,/root/autodl-tmp/helmet_yolo_v10/images/train/PartB_00536.jpg,.jpg,jpeg_compression,2,1639597996,PartB_00536__A1C__jpeg_compression__s2.png
PartB_00537,/root/autodl-tmp/helmet_yolo_v10/images/train/PartB_00537.jpg,.jpg,zoom_blur,3,1715427939,PartB_00537__A1C__zoom_blur__s3.png
PartB_00538,/root/autodl-tmp/helmet_yolo_v10/images/train/PartB_00538.jpg,.jpg,shot_noise,2,1203430836,PartB_00538__A1C__shot_noise__s2.png
PartB_00539,/root/autodl-tmp/helmet_yolo_v10/images/train/PartB_00539.jpg,.jpg,brightness,3,809093131,PartB_00539__A1C__brightness__s3.png
PartB_00541,/root/autodl-tmp/helmet_yolo_v10/images/train/PartB_00541.jpg,.jpg,contrast,1,1202730387,PartB_00541__A1C__contrast__s1.png
PartB_00542,/root/autodl-tmp/helmet_yolo_v10/images/train/PartB_00542.jpg,.jpg,zoom_blur,2,3217361950,PartB_00542__A1C__zoom_blur__s2.png
PartB_00545,/root/autodl-tmp/helmet_yolo_v10/images/train/PartB_00545.jpg,.jpg,brightness,3,2554374881,PartB_00545__A1C__brightness__s3.png
PartB_00546,/root/autodl-tmp/helmet_yolo_v10/images/train/PartB_00546.jpg,.jpg,zoom_blur,2,1204766542,PartB_00546__A1C__zoom_blur__s2.png
PartB_00547,/root/autodl-tmp/helmet_yolo_v10/images/train/PartB_00547.jpg,.jpg,fog,1,2353101391,PartB_00547__A1C__fog__s1.png
PartB_00548,/root/autodl-tmp/helmet_yolo_v10/images/train/PartB_00548.jpg,.jpg,brightness,2,3978776990,PartB_00548__A1C__brightness__s2.png
PartB_00549,/root/autodl-tmp/helmet_yolo_v10/images/train/PartB_00549.jpg,.jpg,defocus_blur,3,186570985,PartB_00549__A1C__defocus_blur__s3.png
PartB_00550,/root/autodl-tmp/helmet_yolo_v10/images/train/PartB_00550.jpg,.jpg,defocus_blur,1,2121623490,PartB_00550__A1C__defocus_blur__s1.png
PartB_00551,/root/autodl-tmp/helmet_yolo_v10/images/train/PartB_00551.jpg,.jpg,gaussian_noise,1,1550213416,PartB_00551__A1C__gaussian_noise__s1.png
PartB_00552,/root/autodl-tmp/helmet_yolo_v10/images/train/PartB_00552.jpg,.jpg,snow,2,3013777757,PartB_00552__A1C__snow__s2.png
PartB_00553,/root/autodl-tmp/helmet_yolo_v10/images/train/PartB_00553.jpg,.jpg,contrast,3,3051707740,PartB_00553__A1C__contrast__s3.png
PartB_00555,/root/autodl-tmp/helmet_yolo_v10/images/train/PartB_00555.jpg,.jpg,motion_blur,3,2103447989,PartB_00555__A1C__motion_blur__s3.png
PartB_00556,/root/autodl-tmp/helmet_yolo_v10/images/train/PartB_00556.jpg,.jpg,fog,3,2947776395,PartB_00556__A1C__fog__s3.png
PartB_00557,/root/autodl-tmp/helmet_yolo_v10/images/train/PartB_00557.jpg,.jpg,brightness,2,3745920416,PartB_00557__A1C__brightness__s2.png
PartB_00558,/root/autodl-tmp/helmet_yolo_v10/images/train/PartB_00558.jpg,.jpg,shot_noise,1,1893603820,PartB_00558__A1C__shot_noise__s1.png
PartB_00559,/root/autodl-tmp/helmet_yolo_v10/images/train/PartB_00559.jpg,.jpg,jpeg_compression,1,2106868387,PartB_00559__A1C__jpeg_compression__s1.png
PartB_00560,/root/autodl-tmp/helmet_yolo_v10/images/train/PartB_00560.jpg,.jpg,pixelate,1,1683024795,PartB_00560__A1C__pixelate__s1.png
PartB_00561,/root/autodl-tmp/helmet_yolo_v10/images/train/PartB_00561.jpg,.jpg,shot_noise,2,3653916723,PartB_00561__A1C__shot_noise__s2.png
PartB_00562,/root/autodl-tmp/helmet_yolo_v10/images/train/PartB_00562.jpg,.jpg,impulse_noise,2,892471562,PartB_00562__A1C__impulse_noise__s2.png
PartB_00564,/root/autodl-tmp/helmet_yolo_v10/images/train/PartB_00564.jpg,.jpg,motion_blur,3,98936181,PartB_00564__A1C__motion_blur__s3.png
PartB_00565,/root/autodl-tmp/helmet_yolo_v10/images/train/PartB_00565.jpg,.jpg,brightness,3,2790222848,PartB_00565__A1C__brightness__s3.png
PartB_00566,/root/autodl-tmp/helmet_yolo_v10/images/train/PartB_00566.jpg,.jpg,contrast,3,1489317760,PartB_00566__A1C__contrast__s3.png
PartB_00567,/root/autodl-tmp/helmet_yolo_v10/images/train/PartB_00567.jpg,.jpg,brightness,3,3131963892,PartB_00567__A1C__brightness__s3.png
PartB_00570,/root/autodl-tmp/helmet_yolo_v10/images/train/PartB_00570.jpg,.jpg,contrast,3,3231508446,PartB_00570__A1C__contrast__s3.png
PartB_00572,/root/autodl-tmp/helmet_yolo_v10/images/train/PartB_00572.jpg,.jpg,frost,2,2255408661,PartB_00572__A1C__frost__s2.png
PartB_00574,/root/autodl-tmp/helmet_yolo_v10/images/train/PartB_00574.jpg,.jpg,contrast,3,1842931744,PartB_00574__A1C__contrast__s3.png
PartB_00576,/root/autodl-tmp/helmet_yolo_v10/images/train/PartB_00576.jpg,.jpg,glass_blur,1,777468583,PartB_00576__A1C__glass_blur__s1.png
PartB_00577,/root/autodl-tmp/helmet_yolo_v10/images/train/PartB_00577.jpg,.jpg,impulse_noise,1,2112900100,PartB_00577__A1C__impulse_noise__s1.png
PartB_00578,/root/autodl-tmp/helmet_yolo_v10/images/train/PartB_00578.jpg,.jpg,snow,1,3548158889,PartB_00578__A1C__snow__s1.png
PartB_00580,/root/autodl-tmp/helmet_yolo_v10/images/train/PartB_00580.jpg,.jpg,contrast,1,2750916057,PartB_00580__A1C__contrast__s1.png
PartB_00581,/root/autodl-tmp/helmet_yolo_v10/images/train/PartB_00581.jpg,.jpg,contrast,3,14469970,PartB_00581__A1C__contrast__s3.png
PartB_00583,/root/autodl-tmp/helmet_yolo_v10/images/train/PartB_00583.jpg,.jpg,contrast,3,3698689603,PartB_00583__A1C__contrast__s3.png
PartB_00585,/root/autodl-tmp/helmet_yolo_v10/images/train/PartB_00585.jpg,.jpg,snow,2,4294532997,PartB_00585__A1C__snow__s2.png
PartB_00586,/root/autodl-tmp/helmet_yolo_v10/images/train/PartB_00586.jpg,.jpg,gaussian_noise,2,2328606466,PartB_00586__A1C__gaussian_noise__s2.png
PartB_00588,/root/autodl-tmp/helmet_yolo_v10/images/train/PartB_00588.jpg,.jpg,shot_noise,1,321304822,PartB_00588__A1C__shot_noise__s1.png
PartB_00589,/root/autodl-tmp/helmet_yolo_v10/images/train/PartB_00589.jpg,.jpg,pixelate,3,1150548335,PartB_00589__A1C__pixelate__s3.png
PartB_00591,/root/autodl-tmp/helmet_yolo_v10/images/train/PartB_00591.jpg,.jpg,pixelate,3,3048913568,PartB_00591__A1C__pixelate__s3.png
PartB_00592,/root/autodl-tmp/helmet_yolo_v10/images/train/PartB_00592.jpg,.jpg,defocus_blur,3,70149880,PartB_00592__A1C__defocus_blur__s3.png
PartB_00593,/root/autodl-tmp/helmet_yolo_v10/images/train/PartB_00593.jpg,.jpg,contrast,3,3861531293,PartB_00593__A1C__contrast__s3.png
PartB_00594,/root/autodl-tmp/helmet_yolo_v10/images/train/PartB_00594.jpg,.jpg,shot_noise,2,1357097478,PartB_00594__A1C__shot_noise__s2.png
PartB_00595,/root/autodl-tmp/helmet_yolo_v10/images/train/PartB_00595.jpg,.jpg,zoom_blur,1,2204128607,PartB_00595__A1C__zoom_blur__s1.png
PartB_00597,/root/autodl-tmp/helmet_yolo_v10/images/train/PartB_00597.jpg,.jpg,motion_blur,1,1216627426,PartB_00597__A1C__motion_blur__s1.png
PartB_00599,/root/autodl-tmp/helmet_yolo_v10/images/train/PartB_00599.jpg,.jpg,impulse_noise,2,666494316,PartB_00599__A1C__impulse_noise__s2.png
PartB_00600,/root/autodl-tmp/helmet_yolo_v10/images/train/PartB_00600.jpg,.jpg,gaussian_noise,2,390816432,PartB_00600__A1C__gaussian_noise__s2.png
PartB_00601,/root/autodl-tmp/helmet_yolo_v10/images/train/PartB_00601.jpg,.jpg,frost,3,514708450,PartB_00601__A1C__frost__s3.png
PartB_00602,/root/autodl-tmp/helmet_yolo_v10/images/train/PartB_00602.jpg,.jpg,glass_blur,3,1863060519,PartB_00602__A1C__glass_blur__s3.png
PartB_00603,/root/autodl-tmp/helmet_yolo_v10/images/train/PartB_00603.jpg,.jpg,zoom_blur,2,551802117,PartB_00603__A1C__zoom_blur__s2.png
PartB_00606,/root/autodl-tmp/helmet_yolo_v10/images/train/PartB_00606.jpg,.jpg,pixelate,3,3767980574,PartB_00606__A1C__pixelate__s3.png
PartB_00608,/root/autodl-tmp/helmet_yolo_v10/images/train/PartB_00608.jpg,.jpg,motion_blur,2,2635931784,PartB_00608__A1C__motion_blur__s2.png
PartB_00610,/root/autodl-tmp/helmet_yolo_v10/images/train/PartB_00610.jpg,.jpg,jpeg_compression,1,171003827,PartB_00610__A1C__jpeg_compression__s1.png
PartB_00611,/root/autodl-tmp/helmet_yolo_v10/images/train/PartB_00611.jpg,.jpg,frost,3,1832883882,PartB_00611__A1C__frost__s3.png
PartB_00612,/root/autodl-tmp/helmet_yolo_v10/images/train/PartB_00612.jpg,.jpg,frost,3,3851140820,PartB_00612__A1C__frost__s3.png
PartB_00613,/root/autodl-tmp/helmet_yolo_v10/images/train/PartB_00613.jpg,.jpg,zoom_blur,1,2894162106,PartB_00613__A1C__zoom_blur__s1.png
PartB_00614,/root/autodl-tmp/helmet_yolo_v10/images/train/PartB_00614.jpg,.jpg,frost,1,1936955595,PartB_00614__A1C__frost__s1.png
PartB_00615,/root/autodl-tmp/helmet_yolo_v10/images/train/PartB_00615.jpg,.jpg,defocus_blur,2,3189459303,PartB_00615__A1C__defocus_blur__s2.png
PartB_00616,/root/autodl-tmp/helmet_yolo_v10/images/train/PartB_00616.jpg,.jpg,pixelate,2,4190555465,PartB_00616__A1C__pixelate__s2.png
PartB_00617,/root/autodl-tmp/helmet_yolo_v10/images/train/PartB_00617.jpg,.jpg,jpeg_compression,1,1772188608,PartB_00617__A1C__jpeg_compression__s1.png
PartB_00620,/root/autodl-tmp/helmet_yolo_v10/images/train/PartB_00620.jpg,.jpg,jpeg_compression,2,2846325004,PartB_00620__A1C__jpeg_compression__s2.png
PartB_00621,/root/autodl-tmp/helmet_yolo_v10/images/train/PartB_00621.jpg,.jpg,shot_noise,2,431019187,PartB_00621__A1C__shot_noise__s2.png
PartB_00622,/root/autodl-tmp/helmet_yolo_v10/images/train/PartB_00622.jpg,.jpg,motion_blur,1,3101285753,PartB_00622__A1C__motion_blur__s1.png
PartB_00623,/root/autodl-tmp/helmet_yolo_v10/images/train/PartB_00623.jpg,.jpg,contrast,2,340917523,PartB_00623__A1C__contrast__s2.png
PartB_00625,/root/autodl-tmp/helmet_yolo_v10/images/train/PartB_00625.jpg,.jpg,snow,2,4010311418,PartB_00625__A1C__snow__s2.png
PartB_00626,/root/autodl-tmp/helmet_yolo_v10/images/train/PartB_00626.jpg,.jpg,pixelate,3,3534657740,PartB_00626__A1C__pixelate__s3.png
PartB_00627,/root/autodl-tmp/helmet_yolo_v10/images/train/PartB_00627.jpg,.jpg,jpeg_compression,1,2745016552,PartB_00627__A1C__jpeg_compression__s1.png
PartB_00628,/root/autodl-tmp/helmet_yolo_v10/images/train/PartB_00628.jpg,.jpg,pixelate,2,4243144358,PartB_00628__A1C__pixelate__s2.png
PartB_00629,/root/autodl-tmp/helmet_yolo_v10/images/train/PartB_00629.jpg,.jpg,glass_blur,3,4174513523,PartB_00629__A1C__glass_blur__s3.png
PartB_00631,/root/autodl-tmp/helmet_yolo_v10/images/train/PartB_00631.jpg,.jpg,shot_noise,2,3979227961,PartB_00631__A1C__shot_noise__s2.png
PartB_00632,/root/autodl-tmp/helmet_yolo_v10/images/train/PartB_00632.jpg,.jpg,brightness,3,1824912694,PartB_00632__A1C__brightness__s3.png
PartB_00633,/root/autodl-tmp/helmet_yolo_v10/images/train/PartB_00633.jpg,.jpg,impulse_noise,3,3774054128,PartB_00633__A1C__impulse_noise__s3.png
PartB_00635,/root/autodl-tmp/helmet_yolo_v10/images/train/PartB_00635.jpg,.jpg,glass_blur,1,3571229980,PartB_00635__A1C__glass_blur__s1.png
PartB_00636,/root/autodl-tmp/helmet_yolo_v10/images/train/PartB_00636.jpg,.jpg,gaussian_noise,1,2289042685,PartB_00636__A1C__gaussian_noise__s1.png
PartB_00638,/root/autodl-tmp/helmet_yolo_v10/images/train/PartB_00638.jpg,.jpg,motion_blur,2,565618837,PartB_00638__A1C__motion_blur__s2.png
PartB_00639,/root/autodl-tmp/helmet_yolo_v10/images/train/PartB_00639.jpg,.jpg,defocus_blur,2,1275554443,PartB_00639__A1C__defocus_blur__s2.png
PartB_00640,/root/autodl-tmp/helmet_yolo_v10/images/train/PartB_00640.jpg,.jpg,fog,2,1094018090,PartB_00640__A1C__fog__s2.png
PartB_00641,/root/autodl-tmp/helmet_yolo_v10/images/train/PartB_00641.jpg,.jpg,zoom_blur,2,4085801160,PartB_00641__A1C__zoom_blur__s2.png
PartB_00643,/root/autodl-tmp/helmet_yolo_v10/images/train/PartB_00643.jpg,.jpg,impulse_noise,3,224259258,PartB_00643__A1C__impulse_noise__s3.png
PartB_00644,/root/autodl-tmp/helmet_yolo_v10/images/train/PartB_00644.jpg,.jpg,frost,2,858957918,PartB_00644__A1C__frost__s2.png
PartB_00646,/root/autodl-tmp/helmet_yolo_v10/images/train/PartB_00646.jpg,.jpg,snow,2,1479659143,PartB_00646__A1C__snow__s2.png
PartB_00648,/root/autodl-tmp/helmet_yolo_v10/images/train/PartB_00648.jpg,.jpg,motion_blur,2,469595941,PartB_00648__A1C__motion_blur__s2.png
PartB_00649,/root/autodl-tmp/helmet_yolo_v10/images/train/PartB_00649.jpg,.jpg,contrast,2,2963005158,PartB_00649__A1C__contrast__s2.png
PartB_00650,/root/autodl-tmp/helmet_yolo_v10/images/train/PartB_00650.jpg,.jpg,glass_blur,1,208536814,PartB_00650__A1C__glass_blur__s1.png
PartB_00653,/root/autodl-tmp/helmet_yolo_v10/images/train/PartB_00653.jpg,.jpg,jpeg_compression,3,1166831418,PartB_00653__A1C__jpeg_compression__s3.png
PartB_00655,/root/autodl-tmp/helmet_yolo_v10/images/train/PartB_00655.jpg,.jpg,gaussian_noise,1,4048929613,PartB_00655__A1C__gaussian_noise__s1.png
PartB_00658,/root/autodl-tmp/helmet_yolo_v10/images/train/PartB_00658.jpg,.jpg,fog,1,621654163,PartB_00658__A1C__fog__s1.png
PartB_00659,/root/autodl-tmp/helmet_yolo_v10/images/train/PartB_00659.jpg,.jpg,zoom_blur,3,3006603350,PartB_00659__A1C__zoom_blur__s3.png
PartB_00660,/root/autodl-tmp/helmet_yolo_v10/images/train/PartB_00660.jpg,.jpg,brightness,3,4082351367,PartB_00660__A1C__brightness__s3.png
PartB_00661,/root/autodl-tmp/helmet_yolo_v10/images/train/PartB_00661.jpg,.jpg,frost,2,3972396865,PartB_00661__A1C__frost__s2.png
PartB_00662,/root/autodl-tmp/helmet_yolo_v10/images/train/PartB_00662.jpg,.jpg,contrast,1,3381935704,PartB_00662__A1C__contrast__s1.png
PartB_00663,/root/autodl-tmp/helmet_yolo_v10/images/train/PartB_00663.jpg,.jpg,fog,1,1489821261,PartB_00663__A1C__fog__s1.png
PartB_00665,/root/autodl-tmp/helmet_yolo_v10/images/train/PartB_00665.jpg,.jpg,shot_noise,2,3743609727,PartB_00665__A1C__shot_noise__s2.png
PartB_00667,/root/autodl-tmp/helmet_yolo_v10/images/train/PartB_00667.jpg,.jpg,glass_blur,3,2997543596,PartB_00667__A1C__glass_blur__s3.png
PartB_00668,/root/autodl-tmp/helmet_yolo_v10/images/train/PartB_00668.jpg,.jpg,defocus_blur,3,3511092706,PartB_00668__A1C__defocus_blur__s3.png
PartB_00670,/root/autodl-tmp/helmet_yolo_v10/images/train/PartB_00670.jpg,.jpg,motion_blur,2,3103748382,PartB_00670__A1C__motion_blur__s2.png
PartB_00672,/root/autodl-tmp/helmet_yolo_v10/images/train/PartB_00672.jpg,.jpg,gaussian_noise,3,1894685743,PartB_00672__A1C__gaussian_noise__s3.png
PartB_00673,/root/autodl-tmp/helmet_yolo_v10/images/train/PartB_00673.jpg,.jpg,brightness,3,561690351,PartB_00673__A1C__brightness__s3.png
PartB_00675,/root/autodl-tmp/helmet_yolo_v10/images/train/PartB_00675.jpg,.jpg,contrast,2,1543349210,PartB_00675__A1C__contrast__s2.png
PartB_00676,/root/autodl-tmp/helmet_yolo_v10/images/train/PartB_00676.jpg,.jpg,jpeg_compression,3,1506370924,PartB_00676__A1C__jpeg_compression__s3.png
PartB_00677,/root/autodl-tmp/helmet_yolo_v10/images/train/PartB_00677.jpg,.jpg,shot_noise,3,1540079065,PartB_00677__A1C__shot_noise__s3.png
PartB_00678,/root/autodl-tmp/helmet_yolo_v10/images/train/PartB_00678.jpg,.jpg,pixelate,1,1634217689,PartB_00678__A1C__pixelate__s1.png
PartB_00679,/root/autodl-tmp/helmet_yolo_v10/images/train/PartB_00679.jpg,.jpg,motion_blur,3,1702356637,PartB_00679__A1C__motion_blur__s3.png
PartB_00680,/root/autodl-tmp/helmet_yolo_v10/images/train/PartB_00680.jpg,.jpg,impulse_noise,3,1281575214,PartB_00680__A1C__impulse_noise__s3.png
PartB_00681,/root/autodl-tmp/helmet_yolo_v10/images/train/PartB_00681.jpg,.jpg,frost,2,2279608621,PartB_00681__A1C__frost__s2.png
PartB_00682,/root/autodl-tmp/helmet_yolo_v10/images/train/PartB_00682.jpg,.jpg,frost,1,493443869,PartB_00682__A1C__frost__s1.png
PartB_00683,/root/autodl-tmp/helmet_yolo_v10/images/train/PartB_00683.jpg,.jpg,jpeg_compression,2,71092751,PartB_00683__A1C__jpeg_compression__s2.png
PartB_00684,/root/autodl-tmp/helmet_yolo_v10/images/train/PartB_00684.jpg,.jpg,shot_noise,3,3381487161,PartB_00684__A1C__shot_noise__s3.png
PartB_00686,/root/autodl-tmp/helmet_yolo_v10/images/train/PartB_00686.jpg,.jpg,jpeg_compression,2,3283046075,PartB_00686__A1C__jpeg_compression__s2.png
PartB_00688,/root/autodl-tmp/helmet_yolo_v10/images/train/PartB_00688.jpg,.jpg,gaussian_noise,2,1806205981,PartB_00688__A1C__gaussian_noise__s2.png
PartB_00692,/root/autodl-tmp/helmet_yolo_v10/images/train/PartB_00692.jpg,.jpg,contrast,1,2200586317,PartB_00692__A1C__contrast__s1.png
PartB_00695,/root/autodl-tmp/helmet_yolo_v10/images/train/PartB_00695.jpg,.jpg,gaussian_noise,3,3053265337,PartB_00695__A1C__gaussian_noise__s3.png
PartB_00696,/root/autodl-tmp/helmet_yolo_v10/images/train/PartB_00696.jpg,.jpg,zoom_blur,2,1247710834,PartB_00696__A1C__zoom_blur__s2.png
PartB_00697,/root/autodl-tmp/helmet_yolo_v10/images/train/PartB_00697.jpg,.jpg,glass_blur,2,2798367807,PartB_00697__A1C__glass_blur__s2.png
PartB_00698,/root/autodl-tmp/helmet_yolo_v10/images/train/PartB_00698.jpg,.jpg,glass_blur,3,1970850612,PartB_00698__A1C__glass_blur__s3.png
PartB_00701,/root/autodl-tmp/helmet_yolo_v10/images/train/PartB_00701.jpg,.jpg,impulse_noise,1,4111374740,PartB_00701__A1C__impulse_noise__s1.png
PartB_00702,/root/autodl-tmp/helmet_yolo_v10/images/train/PartB_00702.jpg,.jpg,zoom_blur,3,380778840,PartB_00702__A1C__zoom_blur__s3.png
PartB_00703,/root/autodl-tmp/helmet_yolo_v10/images/train/PartB_00703.jpg,.jpg,shot_noise,1,3520552808,PartB_00703__A1C__shot_noise__s1.png
PartB_00704,/root/autodl-tmp/helmet_yolo_v10/images/train/PartB_00704.jpg,.jpg,snow,3,4061020242,PartB_00704__A1C__snow__s3.png
PartB_00705,/root/autodl-tmp/helmet_yolo_v10/images/train/PartB_00705.jpg,.jpg,pixelate,1,2947194087,PartB_00705__A1C__pixelate__s1.png
PartB_00706,/root/autodl-tmp/helmet_yolo_v10/images/train/PartB_00706.jpg,.jpg,pixelate,1,3572216214,PartB_00706__A1C__pixelate__s1.png
PartB_00707,/root/autodl-tmp/helmet_yolo_v10/images/train/PartB_00707.jpg,.jpg,shot_noise,3,231776339,PartB_00707__A1C__shot_noise__s3.png
PartB_00708,/root/autodl-tmp/helmet_yolo_v10/images/train/PartB_00708.jpg,.jpg,brightness,1,2372441069,PartB_00708__A1C__brightness__s1.png
PartB_00709,/root/autodl-tmp/helmet_yolo_v10/images/train/PartB_00709.jpg,.jpg,fog,1,2735399212,PartB_00709__A1C__fog__s1.png
PartB_00710,/root/autodl-tmp/helmet_yolo_v10/images/train/PartB_00710.jpg,.jpg,contrast,3,1348191275,PartB_00710__A1C__contrast__s3.png
PartB_00711,/root/autodl-tmp/helmet_yolo_v10/images/train/PartB_00711.jpg,.jpg,motion_blur,3,692310400,PartB_00711__A1C__motion_blur__s3.png
PartB_00712,/root/autodl-tmp/helmet_yolo_v10/images/train/PartB_00712.jpg,.jpg,fog,2,1963791031,PartB_00712__A1C__fog__s2.png
PartB_00713,/root/autodl-tmp/helmet_yolo_v10/images/train/PartB_00713.jpg,.jpg,defocus_blur,2,2722971070,PartB_00713__A1C__defocus_blur__s2.png
PartB_00714,/root/autodl-tmp/helmet_yolo_v10/images/train/PartB_00714.jpg,.jpg,gaussian_noise,2,1988966773,PartB_00714__A1C__gaussian_noise__s2.png
PartB_00716,/root/autodl-tmp/helmet_yolo_v10/images/train/PartB_00716.jpg,.jpg,defocus_blur,1,3098996648,PartB_00716__A1C__defocus_blur__s1.png
PartB_00717,/root/autodl-tmp/helmet_yolo_v10/images/train/PartB_00717.jpg,.jpg,glass_blur,2,3577982494,PartB_00717__A1C__glass_blur__s2.png
PartB_00718,/root/autodl-tmp/helmet_yolo_v10/images/train/PartB_00718.jpg,.jpg,impulse_noise,1,4003871212,PartB_00718__A1C__impulse_noise__s1.png
PartB_00720,/root/autodl-tmp/helmet_yolo_v10/images/train/PartB_00720.jpg,.jpg,shot_noise,3,882498817,PartB_00720__A1C__shot_noise__s3.png
PartB_00721,/root/autodl-tmp/helmet_yolo_v10/images/train/PartB_00721.jpg,.jpg,snow,2,1064328971,PartB_00721__A1C__snow__s2.png
PartB_00722,/root/autodl-tmp/helmet_yolo_v10/images/train/PartB_00722.jpg,.jpg,defocus_blur,2,3282472991,PartB_00722__A1C__defocus_blur__s2.png
PartB_00723,/root/autodl-tmp/helmet_yolo_v10/images/train/PartB_00723.jpg,.jpg,fog,1,2763974214,PartB_00723__A1C__fog__s1.png
PartB_00724,/root/autodl-tmp/helmet_yolo_v10/images/train/PartB_00724.jpg,.jpg,brightness,1,3066870066,PartB_00724__A1C__brightness__s1.png
PartB_00725,/root/autodl-tmp/helmet_yolo_v10/images/train/PartB_00725.jpg,.jpg,pixelate,1,2632126649,PartB_00725__A1C__pixelate__s1.png
PartB_00728,/root/autodl-tmp/helmet_yolo_v10/images/train/PartB_00728.jpg,.jpg,brightness,2,1309282867,PartB_00728__A1C__brightness__s2.png
PartB_00729,/root/autodl-tmp/helmet_yolo_v10/images/train/PartB_00729.jpg,.jpg,zoom_blur,3,2364410545,PartB_00729__A1C__zoom_blur__s3.png
PartB_00730,/root/autodl-tmp/helmet_yolo_v10/images/train/PartB_00730.jpg,.jpg,gaussian_noise,3,1284453633,PartB_00730__A1C__gaussian_noise__s3.png
PartB_00731,/root/autodl-tmp/helmet_yolo_v10/images/train/PartB_00731.jpg,.jpg,zoom_blur,3,1927680354,PartB_00731__A1C__zoom_blur__s3.png
PartB_00733,/root/autodl-tmp/helmet_yolo_v10/images/train/PartB_00733.jpg,.jpg,impulse_noise,1,2522155190,PartB_00733__A1C__impulse_noise__s1.png
PartB_00734,/root/autodl-tmp/helmet_yolo_v10/images/train/PartB_00734.jpg,.jpg,frost,3,477996713,PartB_00734__A1C__frost__s3.png
PartB_00735,/root/autodl-tmp/helmet_yolo_v10/images/train/PartB_00735.jpg,.jpg,motion_blur,1,2953197016,PartB_00735__A1C__motion_blur__s1.png
PartB_00736,/root/autodl-tmp/helmet_yolo_v10/images/train/PartB_00736.jpg,.jpg,shot_noise,1,1804162514,PartB_00736__A1C__shot_noise__s1.png
PartB_00737,/root/autodl-tmp/helmet_yolo_v10/images/train/PartB_00737.jpg,.jpg,fog,3,2957998662,PartB_00737__A1C__fog__s3.png
PartB_00738,/root/autodl-tmp/helmet_yolo_v10/images/train/PartB_00738.jpg,.jpg,jpeg_compression,1,3616644136,PartB_00738__A1C__jpeg_compression__s1.png
PartB_00740,/root/autodl-tmp/helmet_yolo_v10/images/train/PartB_00740.jpg,.jpg,pixelate,3,1845830898,PartB_00740__A1C__pixelate__s3.png
PartB_00741,/root/autodl-tmp/helmet_yolo_v10/images/train/PartB_00741.jpg,.jpg,zoom_blur,1,2700573225,PartB_00741__A1C__zoom_blur__s1.png
PartB_00742,/root/autodl-tmp/helmet_yolo_v10/images/train/PartB_00742.jpg,.jpg,contrast,1,4200160087,PartB_00742__A1C__contrast__s1.png
PartB_00743,/root/autodl-tmp/helmet_yolo_v10/images/train/PartB_00743.jpg,.jpg,defocus_blur,1,3450056638,PartB_00743__A1C__defocus_blur__s1.png
PartB_00744,/root/autodl-tmp/helmet_yolo_v10/images/train/PartB_00744.jpg,.jpg,zoom_blur,1,3668090493,PartB_00744__A1C__zoom_blur__s1.png
PartB_00745,/root/autodl-tmp/helmet_yolo_v10/images/train/PartB_00745.jpg,.jpg,glass_blur,3,2088588931,PartB_00745__A1C__glass_blur__s3.png
PartB_00746,/root/autodl-tmp/helmet_yolo_v10/images/train/PartB_00746.jpg,.jpg,snow,1,422555125,PartB_00746__A1C__snow__s1.png
PartB_00747,/root/autodl-tmp/helmet_yolo_v10/images/train/PartB_00747.jpg,.jpg,contrast,2,1288873361,PartB_00747__A1C__contrast__s2.png
PartB_00748,/root/autodl-tmp/helmet_yolo_v10/images/train/PartB_00748.jpg,.jpg,snow,1,3322754273,PartB_00748__A1C__snow__s1.png
PartB_00751,/root/autodl-tmp/helmet_yolo_v10/images/train/PartB_00751.jpg,.jpg,snow,3,894143785,PartB_00751__A1C__snow__s3.png
PartB_00752,/root/autodl-tmp/helmet_yolo_v10/images/train/PartB_00752.jpg,.jpg,defocus_blur,3,3809994368,PartB_00752__A1C__defocus_blur__s3.png
PartB_00753,/root/autodl-tmp/helmet_yolo_v10/images/train/PartB_00753.jpg,.jpg,brightness,3,341326468,PartB_00753__A1C__brightness__s3.png
PartB_00754,/root/autodl-tmp/helmet_yolo_v10/images/train/PartB_00754.jpg,.jpg,contrast,1,3770192453,PartB_00754__A1C__contrast__s1.png
PartB_00755,/root/autodl-tmp/helmet_yolo_v10/images/train/PartB_00755.jpg,.jpg,brightness,3,2345531087,PartB_00755__A1C__brightness__s3.png
PartB_00756,/root/autodl-tmp/helmet_yolo_v10/images/train/PartB_00756.jpg,.jpg,impulse_noise,2,3415651189,PartB_00756__A1C__impulse_noise__s2.png
PartB_00761,/root/autodl-tmp/helmet_yolo_v10/images/train/PartB_00761.jpg,.jpg,snow,1,3983157757,PartB_00761__A1C__snow__s1.png
PartB_00764,/root/autodl-tmp/helmet_yolo_v10/images/train/PartB_00764.jpg,.jpg,brightness,1,1022236151,PartB_00764__A1C__brightness__s1.png
PartB_00766,/root/autodl-tmp/helmet_yolo_v10/images/train/PartB_00766.jpg,.jpg,frost,3,1084244971,PartB_00766__A1C__frost__s3.png
PartB_00767,/root/autodl-tmp/helmet_yolo_v10/images/train/PartB_00767.jpg,.jpg,contrast,1,4293874626,PartB_00767__A1C__contrast__s1.png
PartB_00768,/root/autodl-tmp/helmet_yolo_v10/images/train/PartB_00768.jpg,.jpg,defocus_blur,2,4244049136,PartB_00768__A1C__defocus_blur__s2.png
PartB_00769,/root/autodl-tmp/helmet_yolo_v10/images/train/PartB_00769.jpg,.jpg,shot_noise,1,1218242351,PartB_00769__A1C__shot_noise__s1.png
PartB_00772,/root/autodl-tmp/helmet_yolo_v10/images/train/PartB_00772.jpg,.jpg,fog,2,3504952743,PartB_00772__A1C__fog__s2.png
PartB_00773,/root/autodl-tmp/helmet_yolo_v10/images/train/PartB_00773.jpg,.jpg,zoom_blur,1,1590317214,PartB_00773__A1C__zoom_blur__s1.png
PartB_00776,/root/autodl-tmp/helmet_yolo_v10/images/train/PartB_00776.jpg,.jpg,zoom_blur,2,613207915,PartB_00776__A1C__zoom_blur__s2.png
PartB_00779,/root/autodl-tmp/helmet_yolo_v10/images/train/PartB_00779.jpg,.jpg,motion_blur,2,1145370375,PartB_00779__A1C__motion_blur__s2.png
PartB_00780,/root/autodl-tmp/helmet_yolo_v10/images/train/PartB_00780.jpg,.jpg,shot_noise,3,2122067434,PartB_00780__A1C__shot_noise__s3.png
PartB_00781,/root/autodl-tmp/helmet_yolo_v10/images/train/PartB_00781.jpg,.jpg,gaussian_noise,1,583359842,PartB_00781__A1C__gaussian_noise__s1.png
PartB_00782,/root/autodl-tmp/helmet_yolo_v10/images/train/PartB_00782.jpg,.jpg,frost,2,3112090366,PartB_00782__A1C__frost__s2.png
PartB_00784,/root/autodl-tmp/helmet_yolo_v10/images/train/PartB_00784.jpg,.jpg,frost,1,3134214948,PartB_00784__A1C__frost__s1.png
PartB_00786,/root/autodl-tmp/helmet_yolo_v10/images/train/PartB_00786.jpg,.jpg,pixelate,1,1084293161,PartB_00786__A1C__pixelate__s1.png
PartB_00787,/root/autodl-tmp/helmet_yolo_v10/images/train/PartB_00787.jpg,.jpg,impulse_noise,3,2106722206,PartB_00787__A1C__impulse_noise__s3.png
PartB_00788,/root/autodl-tmp/helmet_yolo_v10/images/train/PartB_00788.jpg,.jpg,shot_noise,3,710090317,PartB_00788__A1C__shot_noise__s3.png
PartB_00789,/root/autodl-tmp/helmet_yolo_v10/images/train/PartB_00789.jpg,.jpg,defocus_blur,1,1280484986,PartB_00789__A1C__defocus_blur__s1.png
PartB_00791,/root/autodl-tmp/helmet_yolo_v10/images/train/PartB_00791.jpg,.jpg,defocus_blur,1,2588846895,PartB_00791__A1C__defocus_blur__s1.png
PartB_00792,/root/autodl-tmp/helmet_yolo_v10/images/train/PartB_00792.jpg,.jpg,shot_noise,3,1269731119,PartB_00792__A1C__shot_noise__s3.png
PartB_00793,/root/autodl-tmp/helmet_yolo_v10/images/train/PartB_00793.jpg,.jpg,defocus_blur,2,3898925129,PartB_00793__A1C__defocus_blur__s2.png
PartB_00794,/root/autodl-tmp/helmet_yolo_v10/images/train/PartB_00794.jpg,.jpg,frost,3,2857009973,PartB_00794__A1C__frost__s3.png
PartB_00795,/root/autodl-tmp/helmet_yolo_v10/images/train/PartB_00795.jpg,.jpg,snow,1,1102007809,PartB_00795__A1C__snow__s1.png
PartB_00796,/root/autodl-tmp/helmet_yolo_v10/images/train/PartB_00796.jpg,.jpg,jpeg_compression,3,3120977941,PartB_00796__A1C__jpeg_compression__s3.png
PartB_00797,/root/autodl-tmp/helmet_yolo_v10/images/train/PartB_00797.jpg,.jpg,defocus_blur,1,2121793830,PartB_00797__A1C__defocus_blur__s1.png
PartB_00799,/root/autodl-tmp/helmet_yolo_v10/images/train/PartB_00799.jpg,.jpg,zoom_blur,1,613437407,PartB_00799__A1C__zoom_blur__s1.png
PartB_00800,/root/autodl-tmp/helmet_yolo_v10/images/train/PartB_00800.jpg,.jpg,fog,2,2449253287,PartB_00800__A1C__fog__s2.png
PartB_00801,/root/autodl-tmp/helmet_yolo_v10/images/train/PartB_00801.jpg,.jpg,impulse_noise,1,1722883636,PartB_00801__A1C__impulse_noise__s1.png
PartB_00802,/root/autodl-tmp/helmet_yolo_v10/images/train/PartB_00802.jpg,.jpg,brightness,2,1825926271,PartB_00802__A1C__brightness__s2.png
PartB_00804,/root/autodl-tmp/helmet_yolo_v10/images/train/PartB_00804.jpg,.jpg,snow,1,2653587568,PartB_00804__A1C__snow__s1.png
PartB_00805,/root/autodl-tmp/helmet_yolo_v10/images/train/PartB_00805.jpg,.jpg,shot_noise,1,3170918119,PartB_00805__A1C__shot_noise__s1.png
PartB_00807,/root/autodl-tmp/helmet_yolo_v10/images/train/PartB_00807.jpg,.jpg,defocus_blur,3,4252233009,PartB_00807__A1C__defocus_blur__s3.png
PartB_00808,/root/autodl-tmp/helmet_yolo_v10/images/train/PartB_00808.jpg,.jpg,impulse_noise,1,451058293,PartB_00808__A1C__impulse_noise__s1.png
PartB_00809,/root/autodl-tmp/helmet_yolo_v10/images/train/PartB_00809.jpg,.jpg,pixelate,3,1390286209,PartB_00809__A1C__pixelate__s3.png
PartB_00811,/root/autodl-tmp/helmet_yolo_v10/images/train/PartB_00811.jpg,.jpg,motion_blur,2,1636574816,PartB_00811__A1C__motion_blur__s2.png
PartB_00813,/root/autodl-tmp/helmet_yolo_v10/images/train/PartB_00813.jpg,.jpg,brightness,1,1035201747,PartB_00813__A1C__brightness__s1.png
PartB_00814,/root/autodl-tmp/helmet_yolo_v10/images/train/PartB_00814.jpg,.jpg,contrast,3,1398413184,PartB_00814__A1C__contrast__s3.png
PartB_00815,/root/autodl-tmp/helmet_yolo_v10/images/train/PartB_00815.jpg,.jpg,glass_blur,3,2633798076,PartB_00815__A1C__glass_blur__s3.png
PartB_00816,/root/autodl-tmp/helmet_yolo_v10/images/train/PartB_00816.jpg,.jpg,defocus_blur,3,1620444137,PartB_00816__A1C__defocus_blur__s3.png
PartB_00817,/root/autodl-tmp/helmet_yolo_v10/images/train/PartB_00817.jpg,.jpg,motion_blur,2,3329875252,PartB_00817__A1C__motion_blur__s2.png
PartB_00821,/root/autodl-tmp/helmet_yolo_v10/images/train/PartB_00821.jpg,.jpg,defocus_blur,3,4049646780,PartB_00821__A1C__defocus_blur__s3.png
PartB_00822,/root/autodl-tmp/helmet_yolo_v10/images/train/PartB_00822.jpg,.jpg,impulse_noise,2,528293290,PartB_00822__A1C__impulse_noise__s2.png
PartB_00824,/root/autodl-tmp/helmet_yolo_v10/images/train/PartB_00824.jpg,.jpg,frost,3,1383429736,PartB_00824__A1C__frost__s3.png
PartB_00825,/root/autodl-tmp/helmet_yolo_v10/images/train/PartB_00825.jpg,.jpg,zoom_blur,2,1591149920,PartB_00825__A1C__zoom_blur__s2.png
PartB_00828,/root/autodl-tmp/helmet_yolo_v10/images/train/PartB_00828.jpg,.jpg,snow,2,977699733,PartB_00828__A1C__snow__s2.png
PartB_00829,/root/autodl-tmp/helmet_yolo_v10/images/train/PartB_00829.jpg,.jpg,jpeg_compression,1,3429080960,PartB_00829__A1C__jpeg_compression__s1.png
PartB_00831,/root/autodl-tmp/helmet_yolo_v10/images/train/PartB_00831.jpg,.jpg,jpeg_compression,2,3130927984,PartB_00831__A1C__jpeg_compression__s2.png
PartB_00832,/root/autodl-tmp/helmet_yolo_v10/images/train/PartB_00832.jpg,.jpg,glass_blur,3,222727971,PartB_00832__A1C__glass_blur__s3.png
PartB_00834,/root/autodl-tmp/helmet_yolo_v10/images/train/PartB_00834.jpg,.jpg,fog,3,3180837635,PartB_00834__A1C__fog__s3.png
PartB_00835,/root/autodl-tmp/helmet_yolo_v10/images/train/PartB_00835.jpg,.jpg,jpeg_compression,1,2213695872,PartB_00835__A1C__jpeg_compression__s1.png
PartB_00837,/root/autodl-tmp/helmet_yolo_v10/images/train/PartB_00837.jpg,.jpg,fog,1,2186970259,PartB_00837__A1C__fog__s1.png
PartB_00838,/root/autodl-tmp/helmet_yolo_v10/images/train/PartB_00838.jpg,.jpg,defocus_blur,1,41844921,PartB_00838__A1C__defocus_blur__s1.png
PartB_00839,/root/autodl-tmp/helmet_yolo_v10/images/train/PartB_00839.jpg,.jpg,jpeg_compression,1,3741582102,PartB_00839__A1C__jpeg_compression__s1.png
PartB_00842,/root/autodl-tmp/helmet_yolo_v10/images/train/PartB_00842.jpg,.jpg,fog,2,1491544456,PartB_00842__A1C__fog__s2.png
PartB_00843,/root/autodl-tmp/helmet_yolo_v10/images/train/PartB_00843.jpg,.jpg,glass_blur,3,2903992270,PartB_00843__A1C__glass_blur__s3.png
PartB_00846,/root/autodl-tmp/helmet_yolo_v10/images/train/PartB_00846.jpg,.jpg,fog,1,1644385712,PartB_00846__A1C__fog__s1.png
PartB_00847,/root/autodl-tmp/helmet_yolo_v10/images/train/PartB_00847.jpg,.jpg,zoom_blur,1,1006457784,PartB_00847__A1C__zoom_blur__s1.png
PartB_00848,/root/autodl-tmp/helmet_yolo_v10/images/train/PartB_00848.jpg,.jpg,zoom_blur,1,3294027359,PartB_00848__A1C__zoom_blur__s1.png
PartB_00849,/root/autodl-tmp/helmet_yolo_v10/images/train/PartB_00849.jpg,.jpg,contrast,3,1739736680,PartB_00849__A1C__contrast__s3.png
PartB_00850,/root/autodl-tmp/helmet_yolo_v10/images/train/PartB_00850.jpg,.jpg,jpeg_compression,3,366928470,PartB_00850__A1C__jpeg_compression__s3.png
PartB_00851,/root/autodl-tmp/helmet_yolo_v10/images/train/PartB_00851.jpg,.jpg,fog,2,2425035731,PartB_00851__A1C__fog__s2.png
PartB_00852,/root/autodl-tmp/helmet_yolo_v10/images/train/PartB_00852.jpg,.jpg,fog,1,3056603852,PartB_00852__A1C__fog__s1.png
PartB_00853,/root/autodl-tmp/helmet_yolo_v10/images/train/PartB_00853.jpg,.jpg,pixelate,3,556775721,PartB_00853__A1C__pixelate__s3.png
PartB_00854,/root/autodl-tmp/helmet_yolo_v10/images/train/PartB_00854.jpg,.jpg,pixelate,2,3161547124,PartB_00854__A1C__pixelate__s2.png
PartB_00855,/root/autodl-tmp/helmet_yolo_v10/images/train/PartB_00855.jpg,.jpg,fog,1,1726253688,PartB_00855__A1C__fog__s1.png
PartB_00856,/root/autodl-tmp/helmet_yolo_v10/images/train/PartB_00856.jpg,.jpg,impulse_noise,1,752364710,PartB_00856__A1C__impulse_noise__s1.png
PartB_00859,/root/autodl-tmp/helmet_yolo_v10/images/train/PartB_00859.jpg,.jpg,brightness,3,1586247422,PartB_00859__A1C__brightness__s3.png
PartB_00860,/root/autodl-tmp/helmet_yolo_v10/images/train/PartB_00860.jpg,.jpg,contrast,1,2869213213,PartB_00860__A1C__contrast__s1.png
PartB_00861,/root/autodl-tmp/helmet_yolo_v10/images/train/PartB_00861.jpg,.jpg,pixelate,2,3033470932,PartB_00861__A1C__pixelate__s2.png
PartB_00863,/root/autodl-tmp/helmet_yolo_v10/images/train/PartB_00863.jpg,.jpg,brightness,2,2456834683,PartB_00863__A1C__brightness__s2.png
PartB_00864,/root/autodl-tmp/helmet_yolo_v10/images/train/PartB_00864.jpg,.jpg,impulse_noise,1,1281213548,PartB_00864__A1C__impulse_noise__s1.png
PartB_00865,/root/autodl-tmp/helmet_yolo_v10/images/train/PartB_00865.jpg,.jpg,shot_noise,2,2064846678,PartB_00865__A1C__shot_noise__s2.png
PartB_00866,/root/autodl-tmp/helmet_yolo_v10/images/train/PartB_00866.jpg,.jpg,brightness,3,1492812376,PartB_00866__A1C__brightness__s3.png
PartB_00867,/root/autodl-tmp/helmet_yolo_v10/images/train/PartB_00867.jpg,.jpg,pixelate,2,1896259523,PartB_00867__A1C__pixelate__s2.png
PartB_00869,/root/autodl-tmp/helmet_yolo_v10/images/train/PartB_00869.jpg,.jpg,frost,1,3976268716,PartB_00869__A1C__frost__s1.png
PartB_00870,/root/autodl-tmp/helmet_yolo_v10/images/train/PartB_00870.jpg,.jpg,zoom_blur,1,1684024522,PartB_00870__A1C__zoom_blur__s1.png
PartB_00872,/root/autodl-tmp/helmet_yolo_v10/images/train/PartB_00872.jpg,.jpg,glass_blur,3,2810622709,PartB_00872__A1C__glass_blur__s3.png
PartB_00873,/root/autodl-tmp/helmet_yolo_v10/images/train/PartB_00873.jpg,.jpg,glass_blur,1,4029248076,PartB_00873__A1C__glass_blur__s1.png
PartB_00874,/root/autodl-tmp/helmet_yolo_v10/images/train/PartB_00874.jpg,.jpg,defocus_blur,1,4116686125,PartB_00874__A1C__defocus_blur__s1.png
PartB_00875,/root/autodl-tmp/helmet_yolo_v10/images/train/PartB_00875.jpg,.jpg,snow,2,2616962712,PartB_00875__A1C__snow__s2.png
PartB_00876,/root/autodl-tmp/helmet_yolo_v10/images/train/PartB_00876.jpg,.jpg,pixelate,1,713694873,PartB_00876__A1C__pixelate__s1.png
PartB_00877,/root/autodl-tmp/helmet_yolo_v10/images/train/PartB_00877.jpg,.jpg,fog,1,3022873219,PartB_00877__A1C__fog__s1.png
PartB_00878,/root/autodl-tmp/helmet_yolo_v10/images/train/PartB_00878.jpg,.jpg,jpeg_compression,3,1137913339,PartB_00878__A1C__jpeg_compression__s3.png
PartB_00879,/root/autodl-tmp/helmet_yolo_v10/images/train/PartB_00879.jpg,.jpg,pixelate,2,429629041,PartB_00879__A1C__pixelate__s2.png
PartB_00880,/root/autodl-tmp/helmet_yolo_v10/images/train/PartB_00880.jpg,.jpg,shot_noise,3,1595014678,PartB_00880__A1C__shot_noise__s3.png
PartB_00881,/root/autodl-tmp/helmet_yolo_v10/images/train/PartB_00881.jpg,.jpg,brightness,1,600071699,PartB_00881__A1C__brightness__s1.png
PartB_00885,/root/autodl-tmp/helmet_yolo_v10/images/train/PartB_00885.jpg,.jpg,contrast,2,259174499,PartB_00885__A1C__contrast__s2.png
PartB_00887,/root/autodl-tmp/helmet_yolo_v10/images/train/PartB_00887.jpg,.jpg,shot_noise,2,853882619,PartB_00887__A1C__shot_noise__s2.png
PartB_00888,/root/autodl-tmp/helmet_yolo_v10/images/train/PartB_00888.jpg,.jpg,impulse_noise,2,3917784002,PartB_00888__A1C__impulse_noise__s2.png
PartB_00889,/root/autodl-tmp/helmet_yolo_v10/images/train/PartB_00889.jpg,.jpg,jpeg_compression,3,1112056786,PartB_00889__A1C__jpeg_compression__s3.png
PartB_00890,/root/autodl-tmp/helmet_yolo_v10/images/train/PartB_00890.jpg,.jpg,defocus_blur,3,207549350,PartB_00890__A1C__defocus_blur__s3.png
PartB_00891,/root/autodl-tmp/helmet_yolo_v10/images/train/PartB_00891.jpg,.jpg,jpeg_compression,2,1325000660,PartB_00891__A1C__jpeg_compression__s2.png
PartB_00892,/root/autodl-tmp/helmet_yolo_v10/images/train/PartB_00892.jpg,.jpg,motion_blur,1,444072625,PartB_00892__A1C__motion_blur__s1.png
PartB_00893,/root/autodl-tmp/helmet_yolo_v10/images/train/PartB_00893.jpg,.jpg,glass_blur,3,313050921,PartB_00893__A1C__glass_blur__s3.png
PartB_00894,/root/autodl-tmp/helmet_yolo_v10/images/train/PartB_00894.jpg,.jpg,brightness,1,2024244685,PartB_00894__A1C__brightness__s1.png
PartB_00895,/root/autodl-tmp/helmet_yolo_v10/images/train/PartB_00895.jpg,.jpg,glass_blur,1,796055077,PartB_00895__A1C__glass_blur__s1.png
PartB_00896,/root/autodl-tmp/helmet_yolo_v10/images/train/PartB_00896.jpg,.jpg,brightness,2,544464871,PartB_00896__A1C__brightness__s2.png
PartB_00900,/root/autodl-tmp/helmet_yolo_v10/images/train/PartB_00900.jpg,.jpg,motion_blur,1,4228496422,PartB_00900__A1C__motion_blur__s1.png
PartB_00901,/root/autodl-tmp/helmet_yolo_v10/images/train/PartB_00901.jpg,.jpg,gaussian_noise,1,3553522032,PartB_00901__A1C__gaussian_noise__s1.png
PartB_00902,/root/autodl-tmp/helmet_yolo_v10/images/train/PartB_00902.jpg,.jpg,jpeg_compression,2,2095939968,PartB_00902__A1C__jpeg_compression__s2.png
PartB_00903,/root/autodl-tmp/helmet_yolo_v10/images/train/PartB_00903.jpg,.jpg,shot_noise,2,1663925176,PartB_00903__A1C__shot_noise__s2.png
PartB_00904,/root/autodl-tmp/helmet_yolo_v10/images/train/PartB_00904.jpg,.jpg,brightness,2,107425758,PartB_00904__A1C__brightness__s2.png
PartB_00905,/root/autodl-tmp/helmet_yolo_v10/images/train/PartB_00905.jpg,.jpg,defocus_blur,3,1405506764,PartB_00905__A1C__defocus_blur__s3.png
PartB_00909,/root/autodl-tmp/helmet_yolo_v10/images/train/PartB_00909.jpg,.jpg,brightness,2,194496410,PartB_00909__A1C__brightness__s2.png
PartB_00910,/root/autodl-tmp/helmet_yolo_v10/images/train/PartB_00910.jpg,.jpg,shot_noise,1,403275586,PartB_00910__A1C__shot_noise__s1.png
PartB_00911,/root/autodl-tmp/helmet_yolo_v10/images/train/PartB_00911.jpg,.jpg,glass_blur,3,593755344,PartB_00911__A1C__glass_blur__s3.png
PartB_00912,/root/autodl-tmp/helmet_yolo_v10/images/train/PartB_00912.jpg,.jpg,jpeg_compression,1,2549947038,PartB_00912__A1C__jpeg_compression__s1.png
PartB_00917,/root/autodl-tmp/helmet_yolo_v10/images/train/PartB_00917.jpg,.jpg,defocus_blur,2,1902790545,PartB_00917__A1C__defocus_blur__s2.png
PartB_00918,/root/autodl-tmp/helmet_yolo_v10/images/train/PartB_00918.jpg,.jpg,jpeg_compression,2,456887800,PartB_00918__A1C__jpeg_compression__s2.png
PartB_00919,/root/autodl-tmp/helmet_yolo_v10/images/train/PartB_00919.jpg,.jpg,impulse_noise,2,2954460424,PartB_00919__A1C__impulse_noise__s2.png
PartB_00921,/root/autodl-tmp/helmet_yolo_v10/images/train/PartB_00921.jpg,.jpg,impulse_noise,3,1602230955,PartB_00921__A1C__impulse_noise__s3.png
PartB_00922,/root/autodl-tmp/helmet_yolo_v10/images/train/PartB_00922.jpg,.jpg,pixelate,3,2461803641,PartB_00922__A1C__pixelate__s3.png
PartB_00923,/root/autodl-tmp/helmet_yolo_v10/images/train/PartB_00923.jpg,.jpg,impulse_noise,1,4233109993,PartB_00923__A1C__impulse_noise__s1.png
PartB_00924,/root/autodl-tmp/helmet_yolo_v10/images/train/PartB_00924.jpg,.jpg,jpeg_compression,1,1358137501,PartB_00924__A1C__jpeg_compression__s1.png
PartB_00926,/root/autodl-tmp/helmet_yolo_v10/images/train/PartB_00926.jpg,.jpg,impulse_noise,3,3010503884,PartB_00926__A1C__impulse_noise__s3.png
PartB_00927,/root/autodl-tmp/helmet_yolo_v10/images/train/PartB_00927.jpg,.jpg,shot_noise,1,1257912268,PartB_00927__A1C__shot_noise__s1.png
PartB_00928,/root/autodl-tmp/helmet_yolo_v10/images/train/PartB_00928.jpg,.jpg,defocus_blur,3,3988437236,PartB_00928__A1C__defocus_blur__s3.png
PartB_00929,/root/autodl-tmp/helmet_yolo_v10/images/train/PartB_00929.jpg,.jpg,pixelate,2,1430246114,PartB_00929__A1C__pixelate__s2.png
PartB_00931,/root/autodl-tmp/helmet_yolo_v10/images/train/PartB_00931.jpg,.jpg,impulse_noise,1,2609471161,PartB_00931__A1C__impulse_noise__s1.png
PartB_00934,/root/autodl-tmp/helmet_yolo_v10/images/train/PartB_00934.jpg,.jpg,contrast,2,1509302001,PartB_00934__A1C__contrast__s2.png
PartB_00936,/root/autodl-tmp/helmet_yolo_v10/images/train/PartB_00936.jpg,.jpg,glass_blur,3,1431805522,PartB_00936__A1C__glass_blur__s3.png
PartB_00938,/root/autodl-tmp/helmet_yolo_v10/images/train/PartB_00938.jpg,.jpg,jpeg_compression,3,423343039,PartB_00938__A1C__jpeg_compression__s3.png
PartB_00939,/root/autodl-tmp/helmet_yolo_v10/images/train/PartB_00939.jpg,.jpg,glass_blur,1,4129977395,PartB_00939__A1C__glass_blur__s1.png
PartB_00940,/root/autodl-tmp/helmet_yolo_v10/images/train/PartB_00940.jpg,.jpg,frost,1,693410658,PartB_00940__A1C__frost__s1.png
PartB_00941,/root/autodl-tmp/helmet_yolo_v10/images/train/PartB_00941.jpg,.jpg,frost,2,371003693,PartB_00941__A1C__frost__s2.png
PartB_00942,/root/autodl-tmp/helmet_yolo_v10/images/train/PartB_00942.jpg,.jpg,impulse_noise,1,3726160815,PartB_00942__A1C__impulse_noise__s1.png
PartB_00943,/root/autodl-tmp/helmet_yolo_v10/images/train/PartB_00943.jpg,.jpg,contrast,2,1583717941,PartB_00943__A1C__contrast__s2.png
PartB_00944,/root/autodl-tmp/helmet_yolo_v10/images/train/PartB_00944.jpg,.jpg,snow,3,1197040279,PartB_00944__A1C__snow__s3.png
PartB_00945,/root/autodl-tmp/helmet_yolo_v10/images/train/PartB_00945.jpg,.jpg,fog,3,3540361677,PartB_00945__A1C__fog__s3.png
PartB_00948,/root/autodl-tmp/helmet_yolo_v10/images/train/PartB_00948.jpg,.jpg,contrast,1,2955795365,PartB_00948__A1C__contrast__s1.png
PartB_00949,/root/autodl-tmp/helmet_yolo_v10/images/train/PartB_00949.jpg,.jpg,fog,2,1980256388,PartB_00949__A1C__fog__s2.png
PartB_00950,/root/autodl-tmp/helmet_yolo_v10/images/train/PartB_00950.jpg,.jpg,brightness,3,434546985,PartB_00950__A1C__brightness__s3.png
PartB_00953,/root/autodl-tmp/helmet_yolo_v10/images/train/PartB_00953.jpg,.jpg,glass_blur,3,2463155391,PartB_00953__A1C__glass_blur__s3.png
PartB_00955,/root/autodl-tmp/helmet_yolo_v10/images/train/PartB_00955.jpg,.jpg,glass_blur,3,3488054541,PartB_00955__A1C__glass_blur__s3.png
PartB_00956,/root/autodl-tmp/helmet_yolo_v10/images/train/PartB_00956.jpg,.jpg,impulse_noise,1,792962295,PartB_00956__A1C__impulse_noise__s1.png
PartB_00958,/root/autodl-tmp/helmet_yolo_v10/images/train/PartB_00958.jpg,.jpg,pixelate,2,319983629,PartB_00958__A1C__pixelate__s2.png
PartB_00960,/root/autodl-tmp/helmet_yolo_v10/images/train/PartB_00960.jpg,.jpg,impulse_noise,1,14621697,PartB_00960__A1C__impulse_noise__s1.png
PartB_00961,/root/autodl-tmp/helmet_yolo_v10/images/train/PartB_00961.jpg,.jpg,brightness,1,1442147330,PartB_00961__A1C__brightness__s1.png
PartB_00963,/root/autodl-tmp/helmet_yolo_v10/images/train/PartB_00963.jpg,.jpg,impulse_noise,3,672312961,PartB_00963__A1C__impulse_noise__s3.png
PartB_00965,/root/autodl-tmp/helmet_yolo_v10/images/train/PartB_00965.jpg,.jpg,motion_blur,3,3270543269,PartB_00965__A1C__motion_blur__s3.png
PartB_00966,/root/autodl-tmp/helmet_yolo_v10/images/train/PartB_00966.jpg,.jpg,gaussian_noise,3,2745323600,PartB_00966__A1C__gaussian_noise__s3.png
PartB_00967,/root/autodl-tmp/helmet_yolo_v10/images/train/PartB_00967.jpg,.jpg,gaussian_noise,1,137429397,PartB_00967__A1C__gaussian_noise__s1.png
PartB_00968,/root/autodl-tmp/helmet_yolo_v10/images/train/PartB_00968.jpg,.jpg,contrast,3,3238010517,PartB_00968__A1C__contrast__s3.png
PartB_00969,/root/autodl-tmp/helmet_yolo_v10/images/train/PartB_00969.jpg,.jpg,fog,2,958884977,PartB_00969__A1C__fog__s2.png
PartB_00971,/root/autodl-tmp/helmet_yolo_v10/images/train/PartB_00971.jpg,.jpg,frost,2,1548031430,PartB_00971__A1C__frost__s2.png
PartB_00972,/root/autodl-tmp/helmet_yolo_v10/images/train/PartB_00972.jpg,.jpg,zoom_blur,2,553029353,PartB_00972__A1C__zoom_blur__s2.png
PartB_00973,/root/autodl-tmp/helmet_yolo_v10/images/train/PartB_00973.jpg,.jpg,motion_blur,2,4142958393,PartB_00973__A1C__motion_blur__s2.png
PartB_00974,/root/autodl-tmp/helmet_yolo_v10/images/train/PartB_00974.jpg,.jpg,motion_blur,3,2176477274,PartB_00974__A1C__motion_blur__s3.png
PartB_00976,/root/autodl-tmp/helmet_yolo_v10/images/train/PartB_00976.jpg,.jpg,motion_blur,1,2795968425,PartB_00976__A1C__motion_blur__s1.png
PartB_00977,/root/autodl-tmp/helmet_yolo_v10/images/train/PartB_00977.jpg,.jpg,gaussian_noise,1,616955052,PartB_00977__A1C__gaussian_noise__s1.png
PartB_00978,/root/autodl-tmp/helmet_yolo_v10/images/train/PartB_00978.jpg,.jpg,impulse_noise,2,2624631661,PartB_00978__A1C__impulse_noise__s2.png
PartB_00980,/root/autodl-tmp/helmet_yolo_v10/images/train/PartB_00980.jpg,.jpg,impulse_noise,1,317150420,PartB_00980__A1C__impulse_noise__s1.png
PartB_00982,/root/autodl-tmp/helmet_yolo_v10/images/train/PartB_00982.jpg,.jpg,defocus_blur,1,1319997807,PartB_00982__A1C__defocus_blur__s1.png
PartB_00984,/root/autodl-tmp/helmet_yolo_v10/images/train/PartB_00984.jpg,.jpg,gaussian_noise,2,4000807343,PartB_00984__A1C__gaussian_noise__s2.png
PartB_00985,/root/autodl-tmp/helmet_yolo_v10/images/train/PartB_00985.jpg,.jpg,jpeg_compression,3,458499729,PartB_00985__A1C__jpeg_compression__s3.png
PartB_00987,/root/autodl-tmp/helmet_yolo_v10/images/train/PartB_00987.jpg,.jpg,motion_blur,3,2768721539,PartB_00987__A1C__motion_blur__s3.png
PartB_00988,/root/autodl-tmp/helmet_yolo_v10/images/train/PartB_00988.jpg,.jpg,snow,2,1278017311,PartB_00988__A1C__snow__s2.png
PartB_00990,/root/autodl-tmp/helmet_yolo_v10/images/train/PartB_00990.jpg,.jpg,gaussian_noise,3,2085793693,PartB_00990__A1C__gaussian_noise__s3.png
PartB_00991,/root/autodl-tmp/helmet_yolo_v10/images/train/PartB_00991.jpg,.jpg,zoom_blur,3,1482340292,PartB_00991__A1C__zoom_blur__s3.png
PartB_00994,/root/autodl-tmp/helmet_yolo_v10/images/train/PartB_00994.jpg,.jpg,shot_noise,1,1356053970,PartB_00994__A1C__shot_noise__s1.png
PartB_00996,/root/autodl-tmp/helmet_yolo_v10/images/train/PartB_00996.jpg,.jpg,glass_blur,3,1249921868,PartB_00996__A1C__glass_blur__s3.png
PartB_00997,/root/autodl-tmp/helmet_yolo_v10/images/train/PartB_00997.jpg,.jpg,snow,3,4089900806,PartB_00997__A1C__snow__s3.png
PartB_00998,/root/autodl-tmp/helmet_yolo_v10/images/train/PartB_00998.jpg,.jpg,contrast,1,1066941089,PartB_00998__A1C__contrast__s1.png
PartB_01001,/root/autodl-tmp/helmet_yolo_v10/images/train/PartB_01001.jpg,.jpg,impulse_noise,2,2500357553,PartB_01001__A1C__impulse_noise__s2.png
PartB_01002,/root/autodl-tmp/helmet_yolo_v10/images/train/PartB_01002.jpg,.jpg,zoom_blur,1,3204169577,PartB_01002__A1C__zoom_blur__s1.png
PartB_01003,/root/autodl-tmp/helmet_yolo_v10/images/train/PartB_01003.jpg,.jpg,brightness,2,1191139398,PartB_01003__A1C__brightness__s2.png
PartB_01004,/root/autodl-tmp/helmet_yolo_v10/images/train/PartB_01004.jpg,.jpg,frost,3,1419944400,PartB_01004__A1C__frost__s3.png
PartB_01005,/root/autodl-tmp/helmet_yolo_v10/images/train/PartB_01005.jpg,.jpg,zoom_blur,3,1301453976,PartB_01005__A1C__zoom_blur__s3.png
PartB_01006,/root/autodl-tmp/helmet_yolo_v10/images/train/PartB_01006.jpg,.jpg,glass_blur,3,165334886,PartB_01006__A1C__glass_blur__s3.png
PartB_01007,/root/autodl-tmp/helmet_yolo_v10/images/train/PartB_01007.jpg,.jpg,impulse_noise,1,2446770286,PartB_01007__A1C__impulse_noise__s1.png
PartB_01008,/root/autodl-tmp/helmet_yolo_v10/images/train/PartB_01008.jpg,.jpg,zoom_blur,2,2583531417,PartB_01008__A1C__zoom_blur__s2.png
PartB_01009,/root/autodl-tmp/helmet_yolo_v10/images/train/PartB_01009.jpg,.jpg,motion_blur,3,3441477692,PartB_01009__A1C__motion_blur__s3.png
PartB_01010,/root/autodl-tmp/helmet_yolo_v10/images/train/PartB_01010.jpg,.jpg,motion_blur,1,2170027702,PartB_01010__A1C__motion_blur__s1.png
PartB_01012,/root/autodl-tmp/helmet_yolo_v10/images/train/PartB_01012.jpg,.jpg,defocus_blur,2,1127586244,PartB_01012__A1C__defocus_blur__s2.png
PartB_01013,/root/autodl-tmp/helmet_yolo_v10/images/train/PartB_01013.jpg,.jpg,shot_noise,3,4000773306,PartB_01013__A1C__shot_noise__s3.png
PartB_01014,/root/autodl-tmp/helmet_yolo_v10/images/train/PartB_01014.jpg,.jpg,defocus_blur,3,2451732997,PartB_01014__A1C__defocus_blur__s3.png
PartB_01016,/root/autodl-tmp/helmet_yolo_v10/images/train/PartB_01016.jpg,.jpg,shot_noise,1,433530218,PartB_01016__A1C__shot_noise__s1.png
PartB_01017,/root/autodl-tmp/helmet_yolo_v10/images/train/PartB_01017.jpg,.jpg,frost,3,2496835675,PartB_01017__A1C__frost__s3.png
PartB_01018,/root/autodl-tmp/helmet_yolo_v10/images/train/PartB_01018.jpg,.jpg,snow,1,2915588287,PartB_01018__A1C__snow__s1.png
PartB_01019,/root/autodl-tmp/helmet_yolo_v10/images/train/PartB_01019.jpg,.jpg,frost,3,1477808577,PartB_01019__A1C__frost__s3.png
PartB_01021,/root/autodl-tmp/helmet_yolo_v10/images/train/PartB_01021.jpg,.jpg,gaussian_noise,3,3364977511,PartB_01021__A1C__gaussian_noise__s3.png
PartB_01023,/root/autodl-tmp/helmet_yolo_v10/images/train/PartB_01023.jpg,.jpg,shot_noise,3,3745840304,PartB_01023__A1C__shot_noise__s3.png
PartB_01024,/root/autodl-tmp/helmet_yolo_v10/images/train/PartB_01024.jpg,.jpg,impulse_noise,2,917767437,PartB_01024__A1C__impulse_noise__s2.png
PartB_01025,/root/autodl-tmp/helmet_yolo_v10/images/train/PartB_01025.jpg,.jpg,shot_noise,1,3485130754,PartB_01025__A1C__shot_noise__s1.png
PartB_01026,/root/autodl-tmp/helmet_yolo_v10/images/train/PartB_01026.jpg,.jpg,motion_blur,2,3463364546,PartB_01026__A1C__motion_blur__s2.png
PartB_01027,/root/autodl-tmp/helmet_yolo_v10/images/train/PartB_01027.jpg,.jpg,gaussian_noise,3,1882141415,PartB_01027__A1C__gaussian_noise__s3.png
PartB_01029,/root/autodl-tmp/helmet_yolo_v10/images/train/PartB_01029.jpg,.jpg,snow,1,3391051576,PartB_01029__A1C__snow__s1.png
PartB_01030,/root/autodl-tmp/helmet_yolo_v10/images/train/PartB_01030.jpg,.jpg,zoom_blur,3,4285047732,PartB_01030__A1C__zoom_blur__s3.png
PartB_01031,/root/autodl-tmp/helmet_yolo_v10/images/train/PartB_01031.jpg,.jpg,pixelate,3,1999586392,PartB_01031__A1C__pixelate__s3.png
PartB_01032,/root/autodl-tmp/helmet_yolo_v10/images/train/PartB_01032.jpg,.jpg,fog,3,2503684417,PartB_01032__A1C__fog__s3.png
PartB_01033,/root/autodl-tmp/helmet_yolo_v10/images/train/PartB_01033.jpg,.jpg,shot_noise,1,1977888121,PartB_01033__A1C__shot_noise__s1.png
PartB_01034,/root/autodl-tmp/helmet_yolo_v10/images/train/PartB_01034.jpg,.jpg,contrast,3,4677345,PartB_01034__A1C__contrast__s3.png
PartB_01035,/root/autodl-tmp/helmet_yolo_v10/images/train/PartB_01035.jpg,.jpg,shot_noise,3,1319516059,PartB_01035__A1C__shot_noise__s3.png
PartB_01038,/root/autodl-tmp/helmet_yolo_v10/images/train/PartB_01038.jpg,.jpg,zoom_blur,3,1356368472,PartB_01038__A1C__zoom_blur__s3.png
PartB_01039,/root/autodl-tmp/helmet_yolo_v10/images/train/PartB_01039.jpg,.jpg,frost,3,2326202566,PartB_01039__A1C__frost__s3.png
PartB_01040,/root/autodl-tmp/helmet_yolo_v10/images/train/PartB_01040.jpg,.jpg,impulse_noise,3,1239122724,PartB_01040__A1C__impulse_noise__s3.png
PartB_01042,/root/autodl-tmp/helmet_yolo_v10/images/train/PartB_01042.jpg,.jpg,motion_blur,2,2226649792,PartB_01042__A1C__motion_blur__s2.png
PartB_01043,/root/autodl-tmp/helmet_yolo_v10/images/train/PartB_01043.jpg,.jpg,zoom_blur,2,3315097661,PartB_01043__A1C__zoom_blur__s2.png
PartB_01045,/root/autodl-tmp/helmet_yolo_v10/images/train/PartB_01045.jpg,.jpg,fog,2,3069869108,PartB_01045__A1C__fog__s2.png
PartB_01047,/root/autodl-tmp/helmet_yolo_v10/images/train/PartB_01047.jpg,.jpg,jpeg_compression,3,2704633682,PartB_01047__A1C__jpeg_compression__s3.png
PartB_01049,/root/autodl-tmp/helmet_yolo_v10/images/train/PartB_01049.jpg,.jpg,zoom_blur,2,4076830122,PartB_01049__A1C__zoom_blur__s2.png
PartB_01050,/root/autodl-tmp/helmet_yolo_v10/images/train/PartB_01050.jpg,.jpg,pixelate,1,486896373,PartB_01050__A1C__pixelate__s1.png
PartB_01052,/root/autodl-tmp/helmet_yolo_v10/images/train/PartB_01052.jpg,.jpg,shot_noise,1,578817621,PartB_01052__A1C__shot_noise__s1.png
PartB_01053,/root/autodl-tmp/helmet_yolo_v10/images/train/PartB_01053.jpg,.jpg,shot_noise,1,1220068720,PartB_01053__A1C__shot_noise__s1.png
PartB_01054,/root/autodl-tmp/helmet_yolo_v10/images/train/PartB_01054.jpg,.jpg,glass_blur,1,1893884940,PartB_01054__A1C__glass_blur__s1.png
PartB_01055,/root/autodl-tmp/helmet_yolo_v10/images/train/PartB_01055.jpg,.jpg,motion_blur,3,4230349119,PartB_01055__A1C__motion_blur__s3.png
PartB_01056,/root/autodl-tmp/helmet_yolo_v10/images/train/PartB_01056.jpg,.jpg,glass_blur,2,507515273,PartB_01056__A1C__glass_blur__s2.png
PartB_01057,/root/autodl-tmp/helmet_yolo_v10/images/train/PartB_01057.jpg,.jpg,gaussian_noise,2,1549768477,PartB_01057__A1C__gaussian_noise__s2.png
PartB_01058,/root/autodl-tmp/helmet_yolo_v10/images/train/PartB_01058.jpg,.jpg,pixelate,2,99765122,PartB_01058__A1C__pixelate__s2.png
PartB_01060,/root/autodl-tmp/helmet_yolo_v10/images/train/PartB_01060.jpg,.jpg,gaussian_noise,3,3056657999,PartB_01060__A1C__gaussian_noise__s3.png
PartB_01061,/root/autodl-tmp/helmet_yolo_v10/images/train/PartB_01061.jpg,.jpg,brightness,2,1797057661,PartB_01061__A1C__brightness__s2.png
PartB_01062,/root/autodl-tmp/helmet_yolo_v10/images/train/PartB_01062.jpg,.jpg,shot_noise,1,2418338101,PartB_01062__A1C__shot_noise__s1.png
PartB_01064,/root/autodl-tmp/helmet_yolo_v10/images/train/PartB_01064.jpg,.jpg,jpeg_compression,1,2112865320,PartB_01064__A1C__jpeg_compression__s1.png
PartB_01065,/root/autodl-tmp/helmet_yolo_v10/images/train/PartB_01065.jpg,.jpg,zoom_blur,1,859115992,PartB_01065__A1C__zoom_blur__s1.png
PartB_01066,/root/autodl-tmp/helmet_yolo_v10/images/train/PartB_01066.jpg,.jpg,contrast,3,875690032,PartB_01066__A1C__contrast__s3.png
PartB_01068,/root/autodl-tmp/helmet_yolo_v10/images/train/PartB_01068.jpg,.jpg,gaussian_noise,1,2698920920,PartB_01068__A1C__gaussian_noise__s1.png
PartB_01069,/root/autodl-tmp/helmet_yolo_v10/images/train/PartB_01069.jpg,.jpg,glass_blur,2,1092871602,PartB_01069__A1C__glass_blur__s2.png
PartB_01071,/root/autodl-tmp/helmet_yolo_v10/images/train/PartB_01071.jpg,.jpg,pixelate,3,2141780021,PartB_01071__A1C__pixelate__s3.png
PartB_01072,/root/autodl-tmp/helmet_yolo_v10/images/train/PartB_01072.jpg,.jpg,snow,3,2872585008,PartB_01072__A1C__snow__s3.png
PartB_01073,/root/autodl-tmp/helmet_yolo_v10/images/train/PartB_01073.jpg,.jpg,impulse_noise,1,695463223,PartB_01073__A1C__impulse_noise__s1.png
PartB_01074,/root/autodl-tmp/helmet_yolo_v10/images/train/PartB_01074.jpg,.jpg,fog,1,448368706,PartB_01074__A1C__fog__s1.png
PartB_01075,/root/autodl-tmp/helmet_yolo_v10/images/train/PartB_01075.jpg,.jpg,motion_blur,3,2260699166,PartB_01075__A1C__motion_blur__s3.png
PartB_01077,/root/autodl-tmp/helmet_yolo_v10/images/train/PartB_01077.jpg,.jpg,jpeg_compression,3,1601080484,PartB_01077__A1C__jpeg_compression__s3.png
PartB_01078,/root/autodl-tmp/helmet_yolo_v10/images/train/PartB_01078.jpg,.jpg,impulse_noise,1,1247846985,PartB_01078__A1C__impulse_noise__s1.png
PartB_01079,/root/autodl-tmp/helmet_yolo_v10/images/train/PartB_01079.jpg,.jpg,brightness,3,2012352397,PartB_01079__A1C__brightness__s3.png
PartB_01080,/root/autodl-tmp/helmet_yolo_v10/images/train/PartB_01080.jpg,.jpg,impulse_noise,3,2269363381,PartB_01080__A1C__impulse_noise__s3.png
PartB_01081,/root/autodl-tmp/helmet_yolo_v10/images/train/PartB_01081.jpg,.jpg,frost,3,3598019854,PartB_01081__A1C__frost__s3.png
PartB_01082,/root/autodl-tmp/helmet_yolo_v10/images/train/PartB_01082.jpg,.jpg,defocus_blur,3,4164248616,PartB_01082__A1C__defocus_blur__s3.png
PartB_01083,/root/autodl-tmp/helmet_yolo_v10/images/train/PartB_01083.jpg,.jpg,snow,1,3629818832,PartB_01083__A1C__snow__s1.png
PartB_01087,/root/autodl-tmp/helmet_yolo_v10/images/train/PartB_01087.jpg,.jpg,pixelate,2,854512816,PartB_01087__A1C__pixelate__s2.png
PartB_01089,/root/autodl-tmp/helmet_yolo_v10/images/train/PartB_01089.jpg,.jpg,defocus_blur,2,2376563517,PartB_01089__A1C__defocus_blur__s2.png
PartB_01090,/root/autodl-tmp/helmet_yolo_v10/images/train/PartB_01090.jpg,.jpg,fog,3,46249582,PartB_01090__A1C__fog__s3.png
PartB_01092,/root/autodl-tmp/helmet_yolo_v10/images/train/PartB_01092.jpg,.jpg,brightness,3,988150427,PartB_01092__A1C__brightness__s3.png
PartB_01094,/root/autodl-tmp/helmet_yolo_v10/images/train/PartB_01094.jpg,.jpg,impulse_noise,2,2533796677,PartB_01094__A1C__impulse_noise__s2.png
PartB_01095,/root/autodl-tmp/helmet_yolo_v10/images/train/PartB_01095.jpg,.jpg,brightness,1,163508442,PartB_01095__A1C__brightness__s1.png
PartB_01097,/root/autodl-tmp/helmet_yolo_v10/images/train/PartB_01097.jpg,.jpg,glass_blur,2,3689728979,PartB_01097__A1C__glass_blur__s2.png
PartB_01098,/root/autodl-tmp/helmet_yolo_v10/images/train/PartB_01098.jpg,.jpg,fog,3,1886223158,PartB_01098__A1C__fog__s3.png
PartB_01099,/root/autodl-tmp/helmet_yolo_v10/images/train/PartB_01099.jpg,.jpg,gaussian_noise,3,3093079216,PartB_01099__A1C__gaussian_noise__s3.png
PartB_01100,/root/autodl-tmp/helmet_yolo_v10/images/train/PartB_01100.jpg,.jpg,snow,2,3284526790,PartB_01100__A1C__snow__s2.png
PartB_01103,/root/autodl-tmp/helmet_yolo_v10/images/train/PartB_01103.jpg,.jpg,fog,3,3191310960,PartB_01103__A1C__fog__s3.png
PartB_01104,/root/autodl-tmp/helmet_yolo_v10/images/train/PartB_01104.jpg,.jpg,snow,1,1591434903,PartB_01104__A1C__snow__s1.png
PartB_01105,/root/autodl-tmp/helmet_yolo_v10/images/train/PartB_01105.jpg,.jpg,snow,1,478684939,PartB_01105__A1C__snow__s1.png
PartB_01106,/root/autodl-tmp/helmet_yolo_v10/images/train/PartB_01106.jpg,.jpg,shot_noise,3,3125739854,PartB_01106__A1C__shot_noise__s3.png
PartB_01110,/root/autodl-tmp/helmet_yolo_v10/images/train/PartB_01110.jpg,.jpg,fog,2,3291986263,PartB_01110__A1C__fog__s2.png
PartB_01111,/root/autodl-tmp/helmet_yolo_v10/images/train/PartB_01111.jpg,.jpg,jpeg_compression,2,4081076110,PartB_01111__A1C__jpeg_compression__s2.png
PartB_01112,/root/autodl-tmp/helmet_yolo_v10/images/train/PartB_01112.jpg,.jpg,zoom_blur,1,3279052990,PartB_01112__A1C__zoom_blur__s1.png
PartB_01113,/root/autodl-tmp/helmet_yolo_v10/images/train/PartB_01113.jpg,.jpg,brightness,2,177557690,PartB_01113__A1C__brightness__s2.png
PartB_01114,/root/autodl-tmp/helmet_yolo_v10/images/train/PartB_01114.jpg,.jpg,brightness,3,1035253935,PartB_01114__A1C__brightness__s3.png
PartB_01115,/root/autodl-tmp/helmet_yolo_v10/images/train/PartB_01115.jpg,.jpg,fog,1,1655053316,PartB_01115__A1C__fog__s1.png
PartB_01117,/root/autodl-tmp/helmet_yolo_v10/images/train/PartB_01117.jpg,.jpg,glass_blur,2,2153593565,PartB_01117__A1C__glass_blur__s2.png
PartB_01118,/root/autodl-tmp/helmet_yolo_v10/images/train/PartB_01118.jpg,.jpg,jpeg_compression,2,447218130,PartB_01118__A1C__jpeg_compression__s2.png
PartB_01121,/root/autodl-tmp/helmet_yolo_v10/images/train/PartB_01121.jpg,.jpg,snow,1,2472705704,PartB_01121__A1C__snow__s1.png
PartB_01122,/root/autodl-tmp/helmet_yolo_v10/images/train/PartB_01122.jpg,.jpg,snow,1,2227558680,PartB_01122__A1C__snow__s1.png
PartB_01123,/root/autodl-tmp/helmet_yolo_v10/images/train/PartB_01123.jpg,.jpg,brightness,2,2256915885,PartB_01123__A1C__brightness__s2.png
PartB_01125,/root/autodl-tmp/helmet_yolo_v10/images/train/PartB_01125.jpg,.jpg,brightness,3,2772298889,PartB_01125__A1C__brightness__s3.png
PartB_01126,/root/autodl-tmp/helmet_yolo_v10/images/train/PartB_01126.jpg,.jpg,fog,2,3902562866,PartB_01126__A1C__fog__s2.png
PartB_01127,/root/autodl-tmp/helmet_yolo_v10/images/train/PartB_01127.jpg,.jpg,shot_noise,2,1774578087,PartB_01127__A1C__shot_noise__s2.png
PartB_01128,/root/autodl-tmp/helmet_yolo_v10/images/train/PartB_01128.jpg,.jpg,jpeg_compression,2,2807787606,PartB_01128__A1C__jpeg_compression__s2.png
PartB_01130,/root/autodl-tmp/helmet_yolo_v10/images/train/PartB_01130.jpg,.jpg,zoom_blur,2,1437251964,PartB_01130__A1C__zoom_blur__s2.png
PartB_01131,/root/autodl-tmp/helmet_yolo_v10/images/train/PartB_01131.jpg,.jpg,frost,2,2664179193,PartB_01131__A1C__frost__s2.png
PartB_01132,/root/autodl-tmp/helmet_yolo_v10/images/train/PartB_01132.jpg,.jpg,snow,2,884122809,PartB_01132__A1C__snow__s2.png
PartB_01133,/root/autodl-tmp/helmet_yolo_v10/images/train/PartB_01133.jpg,.jpg,defocus_blur,1,277557037,PartB_01133__A1C__defocus_blur__s1.png
PartB_01135,/root/autodl-tmp/helmet_yolo_v10/images/train/PartB_01135.jpg,.jpg,gaussian_noise,2,1703075941,PartB_01135__A1C__gaussian_noise__s2.png
PartB_01136,/root/autodl-tmp/helmet_yolo_v10/images/train/PartB_01136.jpg,.jpg,gaussian_noise,2,4056772842,PartB_01136__A1C__gaussian_noise__s2.png
PartB_01137,/root/autodl-tmp/helmet_yolo_v10/images/train/PartB_01137.jpg,.jpg,frost,2,1378089096,PartB_01137__A1C__frost__s2.png
PartB_01138,/root/autodl-tmp/helmet_yolo_v10/images/train/PartB_01138.jpg,.jpg,fog,3,1119189992,PartB_01138__A1C__fog__s3.png
PartB_01139,/root/autodl-tmp/helmet_yolo_v10/images/train/PartB_01139.jpg,.jpg,impulse_noise,1,1690519916,PartB_01139__A1C__impulse_noise__s1.png
PartB_01140,/root/autodl-tmp/helmet_yolo_v10/images/train/PartB_01140.jpg,.jpg,pixelate,1,2745083655,PartB_01140__A1C__pixelate__s1.png
PartB_01141,/root/autodl-tmp/helmet_yolo_v10/images/train/PartB_01141.jpg,.jpg,impulse_noise,1,1722457327,PartB_01141__A1C__impulse_noise__s1.png
PartB_01142,/root/autodl-tmp/helmet_yolo_v10/images/train/PartB_01142.jpg,.jpg,snow,2,3167033342,PartB_01142__A1C__snow__s2.png
PartB_01144,/root/autodl-tmp/helmet_yolo_v10/images/train/PartB_01144.jpg,.jpg,fog,1,283893173,PartB_01144__A1C__fog__s1.png
PartB_01146,/root/autodl-tmp/helmet_yolo_v10/images/train/PartB_01146.jpg,.jpg,motion_blur,3,214788560,PartB_01146__A1C__motion_blur__s3.png
PartB_01148,/root/autodl-tmp/helmet_yolo_v10/images/train/PartB_01148.jpg,.jpg,brightness,1,3064509088,PartB_01148__A1C__brightness__s1.png
PartB_01149,/root/autodl-tmp/helmet_yolo_v10/images/train/PartB_01149.jpg,.jpg,defocus_blur,2,949517022,PartB_01149__A1C__defocus_blur__s2.png
PartB_01153,/root/autodl-tmp/helmet_yolo_v10/images/train/PartB_01153.jpg,.jpg,zoom_blur,2,771606291,PartB_01153__A1C__zoom_blur__s2.png
PartB_01154,/root/autodl-tmp/helmet_yolo_v10/images/train/PartB_01154.jpg,.jpg,jpeg_compression,3,2304999769,PartB_01154__A1C__jpeg_compression__s3.png
PartB_01155,/root/autodl-tmp/helmet_yolo_v10/images/train/PartB_01155.jpg,.jpg,impulse_noise,2,3176965822,PartB_01155__A1C__impulse_noise__s2.png
PartB_01156,/root/autodl-tmp/helmet_yolo_v10/images/train/PartB_01156.jpg,.jpg,glass_blur,1,1864710646,PartB_01156__A1C__glass_blur__s1.png
PartB_01158,/root/autodl-tmp/helmet_yolo_v10/images/train/PartB_01158.jpg,.jpg,brightness,1,746845946,PartB_01158__A1C__brightness__s1.png
PartB_01160,/root/autodl-tmp/helmet_yolo_v10/images/train/PartB_01160.jpg,.jpg,pixelate,2,1416573588,PartB_01160__A1C__pixelate__s2.png
PartB_01161,/root/autodl-tmp/helmet_yolo_v10/images/train/PartB_01161.jpg,.jpg,contrast,1,349681562,PartB_01161__A1C__contrast__s1.png
PartB_01162,/root/autodl-tmp/helmet_yolo_v10/images/train/PartB_01162.jpg,.jpg,pixelate,2,2031624705,PartB_01162__A1C__pixelate__s2.png
PartB_01163,/root/autodl-tmp/helmet_yolo_v10/images/train/PartB_01163.jpg,.jpg,snow,2,2647351873,PartB_01163__A1C__snow__s2.png
PartB_01165,/root/autodl-tmp/helmet_yolo_v10/images/train/PartB_01165.jpg,.jpg,jpeg_compression,3,3842054503,PartB_01165__A1C__jpeg_compression__s3.png
PartB_01166,/root/autodl-tmp/helmet_yolo_v10/images/train/PartB_01166.jpg,.jpg,pixelate,3,2450738572,PartB_01166__A1C__pixelate__s3.png
PartB_01168,/root/autodl-tmp/helmet_yolo_v10/images/train/PartB_01168.jpg,.jpg,motion_blur,1,665264659,PartB_01168__A1C__motion_blur__s1.png
PartB_01169,/root/autodl-tmp/helmet_yolo_v10/images/train/PartB_01169.jpg,.jpg,jpeg_compression,2,2711748467,PartB_01169__A1C__jpeg_compression__s2.png
PartB_01171,/root/autodl-tmp/helmet_yolo_v10/images/train/PartB_01171.jpg,.jpg,frost,1,1470690327,PartB_01171__A1C__frost__s1.png
PartB_01173,/root/autodl-tmp/helmet_yolo_v10/images/train/PartB_01173.jpg,.jpg,motion_blur,2,3967176142,PartB_01173__A1C__motion_blur__s2.png
PartB_01176,/root/autodl-tmp/helmet_yolo_v10/images/train/PartB_01176.jpg,.jpg,fog,1,4022565800,PartB_01176__A1C__fog__s1.png
PartB_01177,/root/autodl-tmp/helmet_yolo_v10/images/train/PartB_01177.jpg,.jpg,impulse_noise,2,2039731093,PartB_01177__A1C__impulse_noise__s2.png
PartB_01178,/root/autodl-tmp/helmet_yolo_v10/images/train/PartB_01178.jpg,.jpg,jpeg_compression,2,1351272017,PartB_01178__A1C__jpeg_compression__s2.png
PartB_01179,/root/autodl-tmp/helmet_yolo_v10/images/train/PartB_01179.jpg,.jpg,snow,2,3154582010,PartB_01179__A1C__snow__s2.png
PartB_01180,/root/autodl-tmp/helmet_yolo_v10/images/train/PartB_01180.jpg,.jpg,pixelate,2,3232211131,PartB_01180__A1C__pixelate__s2.png
PartB_01181,/root/autodl-tmp/helmet_yolo_v10/images/train/PartB_01181.jpg,.jpg,shot_noise,3,895984604,PartB_01181__A1C__shot_noise__s3.png
PartB_01183,/root/autodl-tmp/helmet_yolo_v10/images/train/PartB_01183.jpg,.jpg,frost,3,1949526513,PartB_01183__A1C__frost__s3.png
PartB_01184,/root/autodl-tmp/helmet_yolo_v10/images/train/PartB_01184.jpg,.jpg,snow,1,2706345709,PartB_01184__A1C__snow__s1.png
PartB_01185,/root/autodl-tmp/helmet_yolo_v10/images/train/PartB_01185.jpg,.jpg,impulse_noise,3,2721383025,PartB_01185__A1C__impulse_noise__s3.png
PartB_01186,/root/autodl-tmp/helmet_yolo_v10/images/train/PartB_01186.jpg,.jpg,brightness,1,1835983109,PartB_01186__A1C__brightness__s1.png
PartB_01187,/root/autodl-tmp/helmet_yolo_v10/images/train/PartB_01187.jpg,.jpg,fog,2,3918896537,PartB_01187__A1C__fog__s2.png
PartB_01188,/root/autodl-tmp/helmet_yolo_v10/images/train/PartB_01188.jpg,.jpg,defocus_blur,1,3244517771,PartB_01188__A1C__defocus_blur__s1.png
PartB_01189,/root/autodl-tmp/helmet_yolo_v10/images/train/PartB_01189.jpg,.jpg,jpeg_compression,2,1316283042,PartB_01189__A1C__jpeg_compression__s2.png
PartB_01191,/root/autodl-tmp/helmet_yolo_v10/images/train/PartB_01191.jpg,.jpg,shot_noise,3,4017024347,PartB_01191__A1C__shot_noise__s3.png
PartB_01192,/root/autodl-tmp/helmet_yolo_v10/images/train/PartB_01192.jpg,.jpg,snow,2,377031472,PartB_01192__A1C__snow__s2.png
PartB_01193,/root/autodl-tmp/helmet_yolo_v10/images/train/PartB_01193.jpg,.jpg,motion_blur,1,2774719446,PartB_01193__A1C__motion_blur__s1.png
PartB_01197,/root/autodl-tmp/helmet_yolo_v10/images/train/PartB_01197.jpg,.jpg,brightness,3,3149472609,PartB_01197__A1C__brightness__s3.png
PartB_01198,/root/autodl-tmp/helmet_yolo_v10/images/train/PartB_01198.jpg,.jpg,frost,2,2499423400,PartB_01198__A1C__frost__s2.png
PartB_01199,/root/autodl-tmp/helmet_yolo_v10/images/train/PartB_01199.jpg,.jpg,brightness,1,533877696,PartB_01199__A1C__brightness__s1.png
PartB_01200,/root/autodl-tmp/helmet_yolo_v10/images/train/PartB_01200.jpg,.jpg,zoom_blur,2,458817482,PartB_01200__A1C__zoom_blur__s2.png
PartB_01201,/root/autodl-tmp/helmet_yolo_v10/images/train/PartB_01201.jpg,.jpg,pixelate,3,2266444683,PartB_01201__A1C__pixelate__s3.png
PartB_01202,/root/autodl-tmp/helmet_yolo_v10/images/train/PartB_01202.jpg,.jpg,impulse_noise,2,1994780908,PartB_01202__A1C__impulse_noise__s2.png
PartB_01203,/root/autodl-tmp/helmet_yolo_v10/images/train/PartB_01203.jpg,.jpg,motion_blur,2,252984075,PartB_01203__A1C__motion_blur__s2.png
PartB_01204,/root/autodl-tmp/helmet_yolo_v10/images/train/PartB_01204.jpg,.jpg,frost,1,124065562,PartB_01204__A1C__frost__s1.png
PartB_01205,/root/autodl-tmp/helmet_yolo_v10/images/train/PartB_01205.jpg,.jpg,motion_blur,2,3366273606,PartB_01205__A1C__motion_blur__s2.png
PartB_01206,/root/autodl-tmp/helmet_yolo_v10/images/train/PartB_01206.jpg,.jpg,jpeg_compression,3,3880486313,PartB_01206__A1C__jpeg_compression__s3.png
PartB_01208,/root/autodl-tmp/helmet_yolo_v10/images/train/PartB_01208.jpg,.jpg,glass_blur,3,37117205,PartB_01208__A1C__glass_blur__s3.png
PartB_01209,/root/autodl-tmp/helmet_yolo_v10/images/train/PartB_01209.jpg,.jpg,zoom_blur,2,2193698956,PartB_01209__A1C__zoom_blur__s2.png
PartB_01210,/root/autodl-tmp/helmet_yolo_v10/images/train/PartB_01210.jpg,.jpg,frost,2,1362402728,PartB_01210__A1C__frost__s2.png
PartB_01211,/root/autodl-tmp/helmet_yolo_v10/images/train/PartB_01211.jpg,.jpg,jpeg_compression,3,159860971,PartB_01211__A1C__jpeg_compression__s3.png
PartB_01212,/root/autodl-tmp/helmet_yolo_v10/images/train/PartB_01212.jpg,.jpg,frost,1,350926697,PartB_01212__A1C__frost__s1.png
PartB_01213,/root/autodl-tmp/helmet_yolo_v10/images/train/PartB_01213.jpg,.jpg,gaussian_noise,2,1018707269,PartB_01213__A1C__gaussian_noise__s2.png
PartB_01214,/root/autodl-tmp/helmet_yolo_v10/images/train/PartB_01214.jpg,.jpg,pixelate,3,441820004,PartB_01214__A1C__pixelate__s3.png
PartB_01215,/root/autodl-tmp/helmet_yolo_v10/images/train/PartB_01215.jpg,.jpg,shot_noise,2,215805696,PartB_01215__A1C__shot_noise__s2.png
PartB_01216,/root/autodl-tmp/helmet_yolo_v10/images/train/PartB_01216.jpg,.jpg,fog,1,461836756,PartB_01216__A1C__fog__s1.png
PartB_01218,/root/autodl-tmp/helmet_yolo_v10/images/train/PartB_01218.jpg,.jpg,brightness,2,2204841840,PartB_01218__A1C__brightness__s2.png
PartB_01219,/root/autodl-tmp/helmet_yolo_v10/images/train/PartB_01219.jpg,.jpg,shot_noise,2,2191363027,PartB_01219__A1C__shot_noise__s2.png
PartB_01220,/root/autodl-tmp/helmet_yolo_v10/images/train/PartB_01220.jpg,.jpg,shot_noise,1,712911365,PartB_01220__A1C__shot_noise__s1.png
PartB_01221,/root/autodl-tmp/helmet_yolo_v10/images/train/PartB_01221.jpg,.jpg,brightness,3,60688726,PartB_01221__A1C__brightness__s3.png
PartB_01222,/root/autodl-tmp/helmet_yolo_v10/images/train/PartB_01222.jpg,.jpg,motion_blur,1,1693588729,PartB_01222__A1C__motion_blur__s1.png
PartB_01223,/root/autodl-tmp/helmet_yolo_v10/images/train/PartB_01223.jpg,.jpg,contrast,1,4005920957,PartB_01223__A1C__contrast__s1.png
PartB_01224,/root/autodl-tmp/helmet_yolo_v10/images/train/PartB_01224.jpg,.jpg,jpeg_compression,3,1645529980,PartB_01224__A1C__jpeg_compression__s3.png
PartB_01225,/root/autodl-tmp/helmet_yolo_v10/images/train/PartB_01225.jpg,.jpg,glass_blur,2,841320829,PartB_01225__A1C__glass_blur__s2.png
PartB_01226,/root/autodl-tmp/helmet_yolo_v10/images/train/PartB_01226.jpg,.jpg,shot_noise,3,604723534,PartB_01226__A1C__shot_noise__s3.png
PartB_01229,/root/autodl-tmp/helmet_yolo_v10/images/train/PartB_01229.jpg,.jpg,brightness,3,1749579027,PartB_01229__A1C__brightness__s3.png
PartB_01231,/root/autodl-tmp/helmet_yolo_v10/images/train/PartB_01231.jpg,.jpg,gaussian_noise,1,3694185706,PartB_01231__A1C__gaussian_noise__s1.png
PartB_01232,/root/autodl-tmp/helmet_yolo_v10/images/train/PartB_01232.jpg,.jpg,pixelate,1,1922576067,PartB_01232__A1C__pixelate__s1.png
PartB_01233,/root/autodl-tmp/helmet_yolo_v10/images/train/PartB_01233.jpg,.jpg,jpeg_compression,2,661286147,PartB_01233__A1C__jpeg_compression__s2.png
PartB_01234,/root/autodl-tmp/helmet_yolo_v10/images/train/PartB_01234.jpg,.jpg,motion_blur,3,4033011819,PartB_01234__A1C__motion_blur__s3.png
PartB_01235,/root/autodl-tmp/helmet_yolo_v10/images/train/PartB_01235.jpg,.jpg,gaussian_noise,2,2444094387,PartB_01235__A1C__gaussian_noise__s2.png
PartB_01237,/root/autodl-tmp/helmet_yolo_v10/images/train/PartB_01237.jpg,.jpg,motion_blur,3,1131896303,PartB_01237__A1C__motion_blur__s3.png
PartB_01238,/root/autodl-tmp/helmet_yolo_v10/images/train/PartB_01238.jpg,.jpg,gaussian_noise,3,2066221221,PartB_01238__A1C__gaussian_noise__s3.png
PartB_01240,/root/autodl-tmp/helmet_yolo_v10/images/train/PartB_01240.jpg,.jpg,shot_noise,3,3708292389,PartB_01240__A1C__shot_noise__s3.png
PartB_01242,/root/autodl-tmp/helmet_yolo_v10/images/train/PartB_01242.jpg,.jpg,fog,1,3049135058,PartB_01242__A1C__fog__s1.png
PartB_01247,/root/autodl-tmp/helmet_yolo_v10/images/train/PartB_01247.jpg,.jpg,impulse_noise,2,1866407147,PartB_01247__A1C__impulse_noise__s2.png
PartB_01248,/root/autodl-tmp/helmet_yolo_v10/images/train/PartB_01248.jpg,.jpg,fog,1,4074723465,PartB_01248__A1C__fog__s1.png
PartB_01249,/root/autodl-tmp/helmet_yolo_v10/images/train/PartB_01249.jpg,.jpg,zoom_blur,3,3196338361,PartB_01249__A1C__zoom_blur__s3.png
PartB_01253,/root/autodl-tmp/helmet_yolo_v10/images/train/PartB_01253.jpg,.jpg,brightness,1,4101999471,PartB_01253__A1C__brightness__s1.png
PartB_01254,/root/autodl-tmp/helmet_yolo_v10/images/train/PartB_01254.jpg,.jpg,defocus_blur,2,1158893375,PartB_01254__A1C__defocus_blur__s2.png
PartB_01255,/root/autodl-tmp/helmet_yolo_v10/images/train/PartB_01255.jpg,.jpg,frost,1,757369109,PartB_01255__A1C__frost__s1.png
PartB_01257,/root/autodl-tmp/helmet_yolo_v10/images/train/PartB_01257.jpg,.jpg,gaussian_noise,3,923550003,PartB_01257__A1C__gaussian_noise__s3.png
PartB_01258,/root/autodl-tmp/helmet_yolo_v10/images/train/PartB_01258.jpg,.jpg,shot_noise,2,2122346335,PartB_01258__A1C__shot_noise__s2.png
PartB_01260,/root/autodl-tmp/helmet_yolo_v10/images/train/PartB_01260.jpg,.jpg,gaussian_noise,1,727366182,PartB_01260__A1C__gaussian_noise__s1.png
PartB_01262,/root/autodl-tmp/helmet_yolo_v10/images/train/PartB_01262.jpg,.jpg,gaussian_noise,3,1032714800,PartB_01262__A1C__gaussian_noise__s3.png
PartB_01265,/root/autodl-tmp/helmet_yolo_v10/images/train/PartB_01265.jpg,.jpg,shot_noise,3,3638830004,PartB_01265__A1C__shot_noise__s3.png
PartB_01266,/root/autodl-tmp/helmet_yolo_v10/images/train/PartB_01266.jpg,.jpg,brightness,2,442213600,PartB_01266__A1C__brightness__s2.png
PartB_01267,/root/autodl-tmp/helmet_yolo_v10/images/train/PartB_01267.jpg,.jpg,jpeg_compression,2,1613149931,PartB_01267__A1C__jpeg_compression__s2.png
PartB_01268,/root/autodl-tmp/helmet_yolo_v10/images/train/PartB_01268.jpg,.jpg,jpeg_compression,3,3269347633,PartB_01268__A1C__jpeg_compression__s3.png
PartB_01270,/root/autodl-tmp/helmet_yolo_v10/images/train/PartB_01270.jpg,.jpg,jpeg_compression,2,689774707,PartB_01270__A1C__jpeg_compression__s2.png
PartB_01271,/root/autodl-tmp/helmet_yolo_v10/images/train/PartB_01271.jpg,.jpg,defocus_blur,3,3957820475,PartB_01271__A1C__defocus_blur__s3.png
PartB_01273,/root/autodl-tmp/helmet_yolo_v10/images/train/PartB_01273.jpg,.jpg,motion_blur,1,2911760054,PartB_01273__A1C__motion_blur__s1.png
PartB_01274,/root/autodl-tmp/helmet_yolo_v10/images/train/PartB_01274.jpg,.jpg,motion_blur,3,1420325700,PartB_01274__A1C__motion_blur__s3.png
PartB_01275,/root/autodl-tmp/helmet_yolo_v10/images/train/PartB_01275.jpg,.jpg,frost,2,3156379710,PartB_01275__A1C__frost__s2.png
PartB_01276,/root/autodl-tmp/helmet_yolo_v10/images/train/PartB_01276.jpg,.jpg,snow,3,1424745242,PartB_01276__A1C__snow__s3.png
PartB_01277,/root/autodl-tmp/helmet_yolo_v10/images/train/PartB_01277.jpg,.jpg,jpeg_compression,2,2589951262,PartB_01277__A1C__jpeg_compression__s2.png
PartB_01278,/root/autodl-tmp/helmet_yolo_v10/images/train/PartB_01278.jpg,.jpg,fog,3,2028832163,PartB_01278__A1C__fog__s3.png
PartB_01279,/root/autodl-tmp/helmet_yolo_v10/images/train/PartB_01279.jpg,.jpg,glass_blur,2,1288017636,PartB_01279__A1C__glass_blur__s2.png
PartB_01280,/root/autodl-tmp/helmet_yolo_v10/images/train/PartB_01280.jpg,.jpg,gaussian_noise,1,77757006,PartB_01280__A1C__gaussian_noise__s1.png
PartB_01282,/root/autodl-tmp/helmet_yolo_v10/images/train/PartB_01282.jpg,.jpg,impulse_noise,2,867629258,PartB_01282__A1C__impulse_noise__s2.png
PartB_01283,/root/autodl-tmp/helmet_yolo_v10/images/train/PartB_01283.jpg,.jpg,glass_blur,1,435092468,PartB_01283__A1C__glass_blur__s1.png
PartB_01285,/root/autodl-tmp/helmet_yolo_v10/images/train/PartB_01285.jpg,.jpg,gaussian_noise,3,874606882,PartB_01285__A1C__gaussian_noise__s3.png
PartB_01286,/root/autodl-tmp/helmet_yolo_v10/images/train/PartB_01286.jpg,.jpg,jpeg_compression,1,1876263414,PartB_01286__A1C__jpeg_compression__s1.png
PartB_01288,/root/autodl-tmp/helmet_yolo_v10/images/train/PartB_01288.jpg,.jpg,gaussian_noise,1,488043122,PartB_01288__A1C__gaussian_noise__s1.png
PartB_01290,/root/autodl-tmp/helmet_yolo_v10/images/train/PartB_01290.jpg,.jpg,motion_blur,3,3465378079,PartB_01290__A1C__motion_blur__s3.png
PartB_01291,/root/autodl-tmp/helmet_yolo_v10/images/train/PartB_01291.jpg,.jpg,defocus_blur,1,2282926343,PartB_01291__A1C__defocus_blur__s1.png
PartB_01292,/root/autodl-tmp/helmet_yolo_v10/images/train/PartB_01292.jpg,.jpg,shot_noise,2,1411409969,PartB_01292__A1C__shot_noise__s2.png
PartB_01293,/root/autodl-tmp/helmet_yolo_v10/images/train/PartB_01293.jpg,.jpg,glass_blur,1,1726667860,PartB_01293__A1C__glass_blur__s1.png
PartB_01295,/root/autodl-tmp/helmet_yolo_v10/images/train/PartB_01295.jpg,.jpg,zoom_blur,1,1333249978,PartB_01295__A1C__zoom_blur__s1.png
PartB_01296,/root/autodl-tmp/helmet_yolo_v10/images/train/PartB_01296.jpg,.jpg,frost,3,2420529963,PartB_01296__A1C__frost__s3.png
PartB_01297,/root/autodl-tmp/helmet_yolo_v10/images/train/PartB_01297.jpg,.jpg,defocus_blur,1,2751948612,PartB_01297__A1C__defocus_blur__s1.png
PartB_01298,/root/autodl-tmp/helmet_yolo_v10/images/train/PartB_01298.jpg,.jpg,zoom_blur,1,4022978615,PartB_01298__A1C__zoom_blur__s1.png
PartB_01299,/root/autodl-tmp/helmet_yolo_v10/images/train/PartB_01299.jpg,.jpg,snow,2,763520384,PartB_01299__A1C__snow__s2.png
PartB_01300,/root/autodl-tmp/helmet_yolo_v10/images/train/PartB_01300.jpg,.jpg,contrast,1,2857742065,PartB_01300__A1C__contrast__s1.png
PartB_01302,/root/autodl-tmp/helmet_yolo_v10/images/train/PartB_01302.jpg,.jpg,glass_blur,3,3442455883,PartB_01302__A1C__glass_blur__s3.png
PartB_01303,/root/autodl-tmp/helmet_yolo_v10/images/train/PartB_01303.jpg,.jpg,contrast,3,3638761135,PartB_01303__A1C__contrast__s3.png
PartB_01304,/root/autodl-tmp/helmet_yolo_v10/images/train/PartB_01304.jpg,.jpg,frost,3,3149021484,PartB_01304__A1C__frost__s3.png
PartB_01305,/root/autodl-tmp/helmet_yolo_v10/images/train/PartB_01305.jpg,.jpg,gaussian_noise,2,3869512281,PartB_01305__A1C__gaussian_noise__s2.png
PartB_01306,/root/autodl-tmp/helmet_yolo_v10/images/train/PartB_01306.jpg,.jpg,impulse_noise,1,1602953610,PartB_01306__A1C__impulse_noise__s1.png
PartB_01307,/root/autodl-tmp/helmet_yolo_v10/images/train/PartB_01307.jpg,.jpg,impulse_noise,1,2869266282,PartB_01307__A1C__impulse_noise__s1.png
PartB_01308,/root/autodl-tmp/helmet_yolo_v10/images/train/PartB_01308.jpg,.jpg,contrast,1,2253498848,PartB_01308__A1C__contrast__s1.png
PartB_01311,/root/autodl-tmp/helmet_yolo_v10/images/train/PartB_01311.jpg,.jpg,impulse_noise,3,42637066,PartB_01311__A1C__impulse_noise__s3.png
PartB_01312,/root/autodl-tmp/helmet_yolo_v10/images/train/PartB_01312.jpg,.jpg,jpeg_compression,1,511132450,PartB_01312__A1C__jpeg_compression__s1.png
PartB_01313,/root/autodl-tmp/helmet_yolo_v10/images/train/PartB_01313.jpg,.jpg,brightness,2,4064773745,PartB_01313__A1C__brightness__s2.png
PartB_01315,/root/autodl-tmp/helmet_yolo_v10/images/train/PartB_01315.jpg,.jpg,impulse_noise,1,1285542312,PartB_01315__A1C__impulse_noise__s1.png
PartB_01316,/root/autodl-tmp/helmet_yolo_v10/images/train/PartB_01316.jpg,.jpg,pixelate,3,2450379136,PartB_01316__A1C__pixelate__s3.png
PartB_01317,/root/autodl-tmp/helmet_yolo_v10/images/train/PartB_01317.jpg,.jpg,gaussian_noise,2,885398892,PartB_01317__A1C__gaussian_noise__s2.png
PartB_01318,/root/autodl-tmp/helmet_yolo_v10/images/train/PartB_01318.jpg,.jpg,frost,2,966952080,PartB_01318__A1C__frost__s2.png
PartB_01319,/root/autodl-tmp/helmet_yolo_v10/images/train/PartB_01319.jpg,.jpg,pixelate,3,451031544,PartB_01319__A1C__pixelate__s3.png
PartB_01320,/root/autodl-tmp/helmet_yolo_v10/images/train/PartB_01320.jpg,.jpg,zoom_blur,2,1441525941,PartB_01320__A1C__zoom_blur__s2.png
PartB_01322,/root/autodl-tmp/helmet_yolo_v10/images/train/PartB_01322.jpg,.jpg,glass_blur,2,1524314357,PartB_01322__A1C__glass_blur__s2.png
PartB_01323,/root/autodl-tmp/helmet_yolo_v10/images/train/PartB_01323.jpg,.jpg,shot_noise,3,2989901093,PartB_01323__A1C__shot_noise__s3.png
PartB_01325,/root/autodl-tmp/helmet_yolo_v10/images/train/PartB_01325.jpg,.jpg,fog,2,3690406091,PartB_01325__A1C__fog__s2.png
PartB_01327,/root/autodl-tmp/helmet_yolo_v10/images/train/PartB_01327.jpg,.jpg,frost,2,1669587001,PartB_01327__A1C__frost__s2.png
PartB_01328,/root/autodl-tmp/helmet_yolo_v10/images/train/PartB_01328.jpg,.jpg,fog,3,1874120230,PartB_01328__A1C__fog__s3.png
PartB_01329,/root/autodl-tmp/helmet_yolo_v10/images/train/PartB_01329.jpg,.jpg,frost,2,1089967726,PartB_01329__A1C__frost__s2.png
PartB_01332,/root/autodl-tmp/helmet_yolo_v10/images/train/PartB_01332.jpg,.jpg,fog,1,184195444,PartB_01332__A1C__fog__s1.png
PartB_01333,/root/autodl-tmp/helmet_yolo_v10/images/train/PartB_01333.jpg,.jpg,defocus_blur,2,1640244842,PartB_01333__A1C__defocus_blur__s2.png
PartB_01336,/root/autodl-tmp/helmet_yolo_v10/images/train/PartB_01336.jpg,.jpg,impulse_noise,1,2551322780,PartB_01336__A1C__impulse_noise__s1.png
PartB_01337,/root/autodl-tmp/helmet_yolo_v10/images/train/PartB_01337.jpg,.jpg,defocus_blur,3,871975289,PartB_01337__A1C__defocus_blur__s3.png
PartB_01340,/root/autodl-tmp/helmet_yolo_v10/images/train/PartB_01340.jpg,.jpg,gaussian_noise,1,2668483220,PartB_01340__A1C__gaussian_noise__s1.png
PartB_01341,/root/autodl-tmp/helmet_yolo_v10/images/train/PartB_01341.jpg,.jpg,frost,2,971069460,PartB_01341__A1C__frost__s2.png
PartB_01343,/root/autodl-tmp/helmet_yolo_v10/images/train/PartB_01343.jpg,.jpg,fog,3,4051003152,PartB_01343__A1C__fog__s3.png
PartB_01344,/root/autodl-tmp/helmet_yolo_v10/images/train/PartB_01344.jpg,.jpg,snow,2,3229588235,PartB_01344__A1C__snow__s2.png
PartB_01345,/root/autodl-tmp/helmet_yolo_v10/images/train/PartB_01345.jpg,.jpg,glass_blur,2,919765518,PartB_01345__A1C__glass_blur__s2.png
PartB_01346,/root/autodl-tmp/helmet_yolo_v10/images/train/PartB_01346.jpg,.jpg,frost,1,457327548,PartB_01346__A1C__frost__s1.png
PartB_01347,/root/autodl-tmp/helmet_yolo_v10/images/train/PartB_01347.jpg,.jpg,pixelate,3,1556314644,PartB_01347__A1C__pixelate__s3.png
PartB_01348,/root/autodl-tmp/helmet_yolo_v10/images/train/PartB_01348.jpg,.jpg,brightness,3,3656048713,PartB_01348__A1C__brightness__s3.png
PartB_01350,/root/autodl-tmp/helmet_yolo_v10/images/train/PartB_01350.jpg,.jpg,snow,3,2470004455,PartB_01350__A1C__snow__s3.png
PartB_01351,/root/autodl-tmp/helmet_yolo_v10/images/train/PartB_01351.jpg,.jpg,pixelate,1,2318066263,PartB_01351__A1C__pixelate__s1.png
PartB_01352,/root/autodl-tmp/helmet_yolo_v10/images/train/PartB_01352.jpg,.jpg,pixelate,3,3764585916,PartB_01352__A1C__pixelate__s3.png
PartB_01354,/root/autodl-tmp/helmet_yolo_v10/images/train/PartB_01354.jpg,.jpg,snow,2,3413010354,PartB_01354__A1C__snow__s2.png
PartB_01356,/root/autodl-tmp/helmet_yolo_v10/images/train/PartB_01356.jpg,.jpg,jpeg_compression,3,4220288252,PartB_01356__A1C__jpeg_compression__s3.png
PartB_01357,/root/autodl-tmp/helmet_yolo_v10/images/train/PartB_01357.jpg,.jpg,zoom_blur,1,2475971264,PartB_01357__A1C__zoom_blur__s1.png
PartB_01358,/root/autodl-tmp/helmet_yolo_v10/images/train/PartB_01358.jpg,.jpg,pixelate,2,2282276321,PartB_01358__A1C__pixelate__s2.png
PartB_01359,/root/autodl-tmp/helmet_yolo_v10/images/train/PartB_01359.jpg,.jpg,motion_blur,3,2693202934,PartB_01359__A1C__motion_blur__s3.png
PartB_01360,/root/autodl-tmp/helmet_yolo_v10/images/train/PartB_01360.jpg,.jpg,shot_noise,1,329232667,PartB_01360__A1C__shot_noise__s1.png
PartB_01363,/root/autodl-tmp/helmet_yolo_v10/images/train/PartB_01363.jpg,.jpg,frost,3,818750305,PartB_01363__A1C__frost__s3.png
PartB_01366,/root/autodl-tmp/helmet_yolo_v10/images/train/PartB_01366.jpg,.jpg,contrast,3,545865048,PartB_01366__A1C__contrast__s3.png
PartB_01368,/root/autodl-tmp/helmet_yolo_v10/images/train/PartB_01368.jpg,.jpg,gaussian_noise,3,4284704023,PartB_01368__A1C__gaussian_noise__s3.png
PartB_01369,/root/autodl-tmp/helmet_yolo_v10/images/train/PartB_01369.jpg,.jpg,zoom_blur,1,484714783,PartB_01369__A1C__zoom_blur__s1.png
PartB_01370,/root/autodl-tmp/helmet_yolo_v10/images/train/PartB_01370.jpg,.jpg,snow,1,2575104509,PartB_01370__A1C__snow__s1.png
PartB_01371,/root/autodl-tmp/helmet_yolo_v10/images/train/PartB_01371.jpg,.jpg,shot_noise,1,2437291154,PartB_01371__A1C__shot_noise__s1.png
PartB_01373,/root/autodl-tmp/helmet_yolo_v10/images/train/PartB_01373.jpg,.jpg,glass_blur,3,4085848081,PartB_01373__A1C__glass_blur__s3.png
PartB_01374,/root/autodl-tmp/helmet_yolo_v10/images/train/PartB_01374.jpg,.jpg,contrast,1,2364734,PartB_01374__A1C__contrast__s1.png
PartB_01375,/root/autodl-tmp/helmet_yolo_v10/images/train/PartB_01375.jpg,.jpg,contrast,2,297170808,PartB_01375__A1C__contrast__s2.png
PartB_01376,/root/autodl-tmp/helmet_yolo_v10/images/train/PartB_01376.jpg,.jpg,jpeg_compression,2,262094820,PartB_01376__A1C__jpeg_compression__s2.png
PartB_01377,/root/autodl-tmp/helmet_yolo_v10/images/train/PartB_01377.jpg,.jpg,gaussian_noise,1,1868809774,PartB_01377__A1C__gaussian_noise__s1.png
PartB_01378,/root/autodl-tmp/helmet_yolo_v10/images/train/PartB_01378.jpg,.jpg,contrast,3,1652448267,PartB_01378__A1C__contrast__s3.png
PartB_01379,/root/autodl-tmp/helmet_yolo_v10/images/train/PartB_01379.jpg,.jpg,glass_blur,3,1775718731,PartB_01379__A1C__glass_blur__s3.png
PartB_01380,/root/autodl-tmp/helmet_yolo_v10/images/train/PartB_01380.jpg,.jpg,shot_noise,2,2068203208,PartB_01380__A1C__shot_noise__s2.png
PartB_01381,/root/autodl-tmp/helmet_yolo_v10/images/train/PartB_01381.jpg,.jpg,impulse_noise,2,4241727117,PartB_01381__A1C__impulse_noise__s2.png
PartB_01382,/root/autodl-tmp/helmet_yolo_v10/images/train/PartB_01382.jpg,.jpg,jpeg_compression,1,2453691781,PartB_01382__A1C__jpeg_compression__s1.png
PartB_01383,/root/autodl-tmp/helmet_yolo_v10/images/train/PartB_01383.jpg,.jpg,defocus_blur,1,1519583490,PartB_01383__A1C__defocus_blur__s1.png
PartB_01384,/root/autodl-tmp/helmet_yolo_v10/images/train/PartB_01384.jpg,.jpg,fog,1,1659389353,PartB_01384__A1C__fog__s1.png
PartB_01385,/root/autodl-tmp/helmet_yolo_v10/images/train/PartB_01385.jpg,.jpg,brightness,2,2259708760,PartB_01385__A1C__brightness__s2.png
PartB_01386,/root/autodl-tmp/helmet_yolo_v10/images/train/PartB_01386.jpg,.jpg,brightness,3,3853641064,PartB_01386__A1C__brightness__s3.png
PartB_01389,/root/autodl-tmp/helmet_yolo_v10/images/train/PartB_01389.jpg,.jpg,zoom_blur,1,967500318,PartB_01389__A1C__zoom_blur__s1.png
PartB_01390,/root/autodl-tmp/helmet_yolo_v10/images/train/PartB_01390.jpg,.jpg,motion_blur,1,3567208720,PartB_01390__A1C__motion_blur__s1.png
PartB_01391,/root/autodl-tmp/helmet_yolo_v10/images/train/PartB_01391.jpg,.jpg,pixelate,1,168036637,PartB_01391__A1C__pixelate__s1.png
PartB_01392,/root/autodl-tmp/helmet_yolo_v10/images/train/PartB_01392.jpg,.jpg,glass_blur,1,2240121188,PartB_01392__A1C__glass_blur__s1.png
PartB_01393,/root/autodl-tmp/helmet_yolo_v10/images/train/PartB_01393.jpg,.jpg,glass_blur,2,3393372297,PartB_01393__A1C__glass_blur__s2.png
PartB_01394,/root/autodl-tmp/helmet_yolo_v10/images/train/PartB_01394.jpg,.jpg,gaussian_noise,1,2031992784,PartB_01394__A1C__gaussian_noise__s1.png
PartB_01395,/root/autodl-tmp/helmet_yolo_v10/images/train/PartB_01395.jpg,.jpg,glass_blur,3,2167833905,PartB_01395__A1C__glass_blur__s3.png
PartB_01396,/root/autodl-tmp/helmet_yolo_v10/images/train/PartB_01396.jpg,.jpg,zoom_blur,3,1121731670,PartB_01396__A1C__zoom_blur__s3.png
PartB_01398,/root/autodl-tmp/helmet_yolo_v10/images/train/PartB_01398.jpg,.jpg,motion_blur,1,2281521833,PartB_01398__A1C__motion_blur__s1.png
PartB_01399,/root/autodl-tmp/helmet_yolo_v10/images/train/PartB_01399.jpg,.jpg,zoom_blur,2,3526231839,PartB_01399__A1C__zoom_blur__s2.png
PartB_01400,/root/autodl-tmp/helmet_yolo_v10/images/train/PartB_01400.jpg,.jpg,contrast,3,1707877751,PartB_01400__A1C__contrast__s3.png
PartB_01401,/root/autodl-tmp/helmet_yolo_v10/images/train/PartB_01401.jpg,.jpg,impulse_noise,2,2460823112,PartB_01401__A1C__impulse_noise__s2.png
PartB_01402,/root/autodl-tmp/helmet_yolo_v10/images/train/PartB_01402.jpg,.jpg,jpeg_compression,2,151641682,PartB_01402__A1C__jpeg_compression__s2.png
PartB_01404,/root/autodl-tmp/helmet_yolo_v10/images/train/PartB_01404.jpg,.jpg,glass_blur,3,2175909394,PartB_01404__A1C__glass_blur__s3.png
PartB_01405,/root/autodl-tmp/helmet_yolo_v10/images/train/PartB_01405.jpg,.jpg,fog,2,3486251204,PartB_01405__A1C__fog__s2.png
PartB_01407,/root/autodl-tmp/helmet_yolo_v10/images/train/PartB_01407.jpg,.jpg,jpeg_compression,2,599242128,PartB_01407__A1C__jpeg_compression__s2.png
PartB_01411,/root/autodl-tmp/helmet_yolo_v10/images/train/PartB_01411.jpg,.jpg,brightness,3,3512162822,PartB_01411__A1C__brightness__s3.png
PartB_01412,/root/autodl-tmp/helmet_yolo_v10/images/train/PartB_01412.jpg,.jpg,impulse_noise,2,333849866,PartB_01412__A1C__impulse_noise__s2.png
PartB_01413,/root/autodl-tmp/helmet_yolo_v10/images/train/PartB_01413.jpg,.jpg,frost,2,11869154,PartB_01413__A1C__frost__s2.png
PartB_01414,/root/autodl-tmp/helmet_yolo_v10/images/train/PartB_01414.jpg,.jpg,snow,1,3844930142,PartB_01414__A1C__snow__s1.png
PartB_01415,/root/autodl-tmp/helmet_yolo_v10/images/train/PartB_01415.jpg,.jpg,contrast,2,204186684,PartB_01415__A1C__contrast__s2.png
PartB_01417,/root/autodl-tmp/helmet_yolo_v10/images/train/PartB_01417.jpg,.jpg,jpeg_compression,1,2483361855,PartB_01417__A1C__jpeg_compression__s1.png
PartB_01418,/root/autodl-tmp/helmet_yolo_v10/images/train/PartB_01418.jpg,.jpg,contrast,2,3870668692,PartB_01418__A1C__contrast__s2.png
PartB_01419,/root/autodl-tmp/helmet_yolo_v10/images/train/PartB_01419.jpg,.jpg,defocus_blur,1,671933137,PartB_01419__A1C__defocus_blur__s1.png
PartB_01420,/root/autodl-tmp/helmet_yolo_v10/images/train/PartB_01420.jpg,.jpg,pixelate,2,1771755016,PartB_01420__A1C__pixelate__s2.png
PartB_01421,/root/autodl-tmp/helmet_yolo_v10/images/train/PartB_01421.jpg,.jpg,contrast,1,1311716306,PartB_01421__A1C__contrast__s1.png
PartB_01423,/root/autodl-tmp/helmet_yolo_v10/images/train/PartB_01423.jpg,.jpg,impulse_noise,2,2835218054,PartB_01423__A1C__impulse_noise__s2.png
PartB_01424,/root/autodl-tmp/helmet_yolo_v10/images/train/PartB_01424.jpg,.jpg,motion_blur,1,1105140294,PartB_01424__A1C__motion_blur__s1.png
PartB_01425,/root/autodl-tmp/helmet_yolo_v10/images/train/PartB_01425.jpg,.jpg,snow,3,489932595,PartB_01425__A1C__snow__s3.png
PartB_01426,/root/autodl-tmp/helmet_yolo_v10/images/train/PartB_01426.jpg,.jpg,contrast,2,4213763926,PartB_01426__A1C__contrast__s2.png
PartB_01427,/root/autodl-tmp/helmet_yolo_v10/images/train/PartB_01427.jpg,.jpg,snow,1,2959140457,PartB_01427__A1C__snow__s1.png
PartB_01428,/root/autodl-tmp/helmet_yolo_v10/images/train/PartB_01428.jpg,.jpg,pixelate,3,3141087577,PartB_01428__A1C__pixelate__s3.png
PartB_01432,/root/autodl-tmp/helmet_yolo_v10/images/train/PartB_01432.jpg,.jpg,glass_blur,3,2539174676,PartB_01432__A1C__glass_blur__s3.png
PartB_01433,/root/autodl-tmp/helmet_yolo_v10/images/train/PartB_01433.jpg,.jpg,shot_noise,1,2307788053,PartB_01433__A1C__shot_noise__s1.png
PartB_01434,/root/autodl-tmp/helmet_yolo_v10/images/train/PartB_01434.jpg,.jpg,frost,3,702207410,PartB_01434__A1C__frost__s3.png
PartB_01435,/root/autodl-tmp/helmet_yolo_v10/images/train/PartB_01435.jpg,.jpg,impulse_noise,3,1348496484,PartB_01435__A1C__impulse_noise__s3.png
PartB_01437,/root/autodl-tmp/helmet_yolo_v10/images/train/PartB_01437.jpg,.jpg,contrast,2,1364562878,PartB_01437__A1C__contrast__s2.png
PartB_01438,/root/autodl-tmp/helmet_yolo_v10/images/train/PartB_01438.jpg,.jpg,snow,2,3897675802,PartB_01438__A1C__snow__s2.png
PartB_01439,/root/autodl-tmp/helmet_yolo_v10/images/train/PartB_01439.jpg,.jpg,glass_blur,3,4273261684,PartB_01439__A1C__glass_blur__s3.png
PartB_01441,/root/autodl-tmp/helmet_yolo_v10/images/train/PartB_01441.jpg,.jpg,pixelate,2,1212228615,PartB_01441__A1C__pixelate__s2.png
PartB_01442,/root/autodl-tmp/helmet_yolo_v10/images/train/PartB_01442.jpg,.jpg,defocus_blur,3,1218506926,PartB_01442__A1C__defocus_blur__s3.png
PartB_01443,/root/autodl-tmp/helmet_yolo_v10/images/train/PartB_01443.jpg,.jpg,shot_noise,3,2199150575,PartB_01443__A1C__shot_noise__s3.png
PartB_01444,/root/autodl-tmp/helmet_yolo_v10/images/train/PartB_01444.jpg,.jpg,shot_noise,1,704720563,PartB_01444__A1C__shot_noise__s1.png
PartB_01445,/root/autodl-tmp/helmet_yolo_v10/images/train/PartB_01445.jpg,.jpg,jpeg_compression,2,564040427,PartB_01445__A1C__jpeg_compression__s2.png
PartB_01446,/root/autodl-tmp/helmet_yolo_v10/images/train/PartB_01446.jpg,.jpg,glass_blur,1,1212252463,PartB_01446__A1C__glass_blur__s1.png
PartB_01447,/root/autodl-tmp/helmet_yolo_v10/images/train/PartB_01447.jpg,.jpg,snow,3,2912622997,PartB_01447__A1C__snow__s3.png
PartB_01448,/root/autodl-tmp/helmet_yolo_v10/images/train/PartB_01448.jpg,.jpg,shot_noise,2,1270168586,PartB_01448__A1C__shot_noise__s2.png
PartB_01452,/root/autodl-tmp/helmet_yolo_v10/images/train/PartB_01452.jpg,.jpg,brightness,2,3568522001,PartB_01452__A1C__brightness__s2.png
PartB_01453,/root/autodl-tmp/helmet_yolo_v10/images/train/PartB_01453.jpg,.jpg,jpeg_compression,3,2490324892,PartB_01453__A1C__jpeg_compression__s3.png
PartB_01454,/root/autodl-tmp/helmet_yolo_v10/images/train/PartB_01454.jpg,.jpg,gaussian_noise,3,166058239,PartB_01454__A1C__gaussian_noise__s3.png
PartB_01457,/root/autodl-tmp/helmet_yolo_v10/images/train/PartB_01457.jpg,.jpg,zoom_blur,2,2298165539,PartB_01457__A1C__zoom_blur__s2.png
PartB_01459,/root/autodl-tmp/helmet_yolo_v10/images/train/PartB_01459.jpg,.jpg,motion_blur,1,2386402610,PartB_01459__A1C__motion_blur__s1.png
PartB_01460,/root/autodl-tmp/helmet_yolo_v10/images/train/PartB_01460.jpg,.jpg,shot_noise,2,3823644207,PartB_01460__A1C__shot_noise__s2.png
PartB_01461,/root/autodl-tmp/helmet_yolo_v10/images/train/PartB_01461.jpg,.jpg,fog,3,3727535187,PartB_01461__A1C__fog__s3.png
PartB_01462,/root/autodl-tmp/helmet_yolo_v10/images/train/PartB_01462.jpg,.jpg,jpeg_compression,1,2860566172,PartB_01462__A1C__jpeg_compression__s1.png
PartB_01463,/root/autodl-tmp/helmet_yolo_v10/images/train/PartB_01463.jpg,.jpg,frost,2,3195761020,PartB_01463__A1C__frost__s2.png
PartB_01464,/root/autodl-tmp/helmet_yolo_v10/images/train/PartB_01464.jpg,.jpg,pixelate,2,779448060,PartB_01464__A1C__pixelate__s2.png
PartB_01465,/root/autodl-tmp/helmet_yolo_v10/images/train/PartB_01465.jpg,.jpg,brightness,1,3041405663,PartB_01465__A1C__brightness__s1.png
PartB_01466,/root/autodl-tmp/helmet_yolo_v10/images/train/PartB_01466.jpg,.jpg,motion_blur,3,3198948545,PartB_01466__A1C__motion_blur__s3.png
PartB_01467,/root/autodl-tmp/helmet_yolo_v10/images/train/PartB_01467.jpg,.jpg,zoom_blur,3,218106442,PartB_01467__A1C__zoom_blur__s3.png
PartB_01468,/root/autodl-tmp/helmet_yolo_v10/images/train/PartB_01468.jpg,.jpg,pixelate,3,1007246121,PartB_01468__A1C__pixelate__s3.png
PartB_01469,/root/autodl-tmp/helmet_yolo_v10/images/train/PartB_01469.jpg,.jpg,jpeg_compression,1,2126646371,PartB_01469__A1C__jpeg_compression__s1.png
PartB_01471,/root/autodl-tmp/helmet_yolo_v10/images/train/PartB_01471.jpg,.jpg,pixelate,1,4092458454,PartB_01471__A1C__pixelate__s1.png
PartB_01473,/root/autodl-tmp/helmet_yolo_v10/images/train/PartB_01473.jpg,.jpg,brightness,2,756295995,PartB_01473__A1C__brightness__s2.png
PartB_01474,/root/autodl-tmp/helmet_yolo_v10/images/train/PartB_01474.jpg,.jpg,motion_blur,2,847866397,PartB_01474__A1C__motion_blur__s2.png
PartB_01475,/root/autodl-tmp/helmet_yolo_v10/images/train/PartB_01475.jpg,.jpg,zoom_blur,3,679729952,PartB_01475__A1C__zoom_blur__s3.png
PartB_01476,/root/autodl-tmp/helmet_yolo_v10/images/train/PartB_01476.jpg,.jpg,zoom_blur,2,3968530032,PartB_01476__A1C__zoom_blur__s2.png
PartB_01477,/root/autodl-tmp/helmet_yolo_v10/images/train/PartB_01477.jpg,.jpg,jpeg_compression,3,2857938769,PartB_01477__A1C__jpeg_compression__s3.png
PartB_01479,/root/autodl-tmp/helmet_yolo_v10/images/train/PartB_01479.jpg,.jpg,zoom_blur,3,413855523,PartB_01479__A1C__zoom_blur__s3.png
PartB_01480,/root/autodl-tmp/helmet_yolo_v10/images/train/PartB_01480.jpg,.jpg,snow,2,5230381,PartB_01480__A1C__snow__s2.png
PartB_01481,/root/autodl-tmp/helmet_yolo_v10/images/train/PartB_01481.jpg,.jpg,brightness,1,3847556251,PartB_01481__A1C__brightness__s1.png
PartB_01482,/root/autodl-tmp/helmet_yolo_v10/images/train/PartB_01482.jpg,.jpg,pixelate,3,1263639506,PartB_01482__A1C__pixelate__s3.png
PartB_01484,/root/autodl-tmp/helmet_yolo_v10/images/train/PartB_01484.jpg,.jpg,defocus_blur,3,540612951,PartB_01484__A1C__defocus_blur__s3.png
PartB_01485,/root/autodl-tmp/helmet_yolo_v10/images/train/PartB_01485.jpg,.jpg,jpeg_compression,2,3847056943,PartB_01485__A1C__jpeg_compression__s2.png
PartB_01486,/root/autodl-tmp/helmet_yolo_v10/images/train/PartB_01486.jpg,.jpg,snow,3,855936501,PartB_01486__A1C__snow__s3.png
PartB_01487,/root/autodl-tmp/helmet_yolo_v10/images/train/PartB_01487.jpg,.jpg,frost,2,173921616,PartB_01487__A1C__frost__s2.png
PartB_01488,/root/autodl-tmp/helmet_yolo_v10/images/train/PartB_01488.jpg,.jpg,defocus_blur,1,1855779065,PartB_01488__A1C__defocus_blur__s1.png
PartB_01490,/root/autodl-tmp/helmet_yolo_v10/images/train/PartB_01490.jpg,.jpg,brightness,2,1690003879,PartB_01490__A1C__brightness__s2.png
PartB_01491,/root/autodl-tmp/helmet_yolo_v10/images/train/PartB_01491.jpg,.jpg,fog,2,3006236003,PartB_01491__A1C__fog__s2.png
PartB_01493,/root/autodl-tmp/helmet_yolo_v10/images/train/PartB_01493.jpg,.jpg,jpeg_compression,3,2422751674,PartB_01493__A1C__jpeg_compression__s3.png
PartB_01494,/root/autodl-tmp/helmet_yolo_v10/images/train/PartB_01494.jpg,.jpg,gaussian_noise,3,1714845812,PartB_01494__A1C__gaussian_noise__s3.png
PartB_01496,/root/autodl-tmp/helmet_yolo_v10/images/train/PartB_01496.jpg,.jpg,brightness,1,2440561368,PartB_01496__A1C__brightness__s1.png
PartB_01497,/root/autodl-tmp/helmet_yolo_v10/images/train/PartB_01497.jpg,.jpg,gaussian_noise,3,3989152510,PartB_01497__A1C__gaussian_noise__s3.png
PartB_01498,/root/autodl-tmp/helmet_yolo_v10/images/train/PartB_01498.jpg,.jpg,pixelate,3,3202074851,PartB_01498__A1C__pixelate__s3.png
PartB_01500,/root/autodl-tmp/helmet_yolo_v10/images/train/PartB_01500.jpg,.jpg,gaussian_noise,1,933219040,PartB_01500__A1C__gaussian_noise__s1.png
PartB_01501,/root/autodl-tmp/helmet_yolo_v10/images/train/PartB_01501.jpg,.jpg,pixelate,2,3987478435,PartB_01501__A1C__pixelate__s2.png
PartB_01502,/root/autodl-tmp/helmet_yolo_v10/images/train/PartB_01502.jpg,.jpg,jpeg_compression,2,3334498506,PartB_01502__A1C__jpeg_compression__s2.png
PartB_01503,/root/autodl-tmp/helmet_yolo_v10/images/train/PartB_01503.jpg,.jpg,defocus_blur,3,2257377852,PartB_01503__A1C__defocus_blur__s3.png
PartB_01504,/root/autodl-tmp/helmet_yolo_v10/images/train/PartB_01504.jpg,.jpg,jpeg_compression,2,3064284280,PartB_01504__A1C__jpeg_compression__s2.png
PartB_01505,/root/autodl-tmp/helmet_yolo_v10/images/train/PartB_01505.jpg,.jpg,snow,3,2417368832,PartB_01505__A1C__snow__s3.png
PartB_01506,/root/autodl-tmp/helmet_yolo_v10/images/train/PartB_01506.jpg,.jpg,impulse_noise,2,328242844,PartB_01506__A1C__impulse_noise__s2.png
PartB_01507,/root/autodl-tmp/helmet_yolo_v10/images/train/PartB_01507.jpg,.jpg,snow,1,2846382984,PartB_01507__A1C__snow__s1.png
PartB_01508,/root/autodl-tmp/helmet_yolo_v10/images/train/PartB_01508.jpg,.jpg,jpeg_compression,3,1278841975,PartB_01508__A1C__jpeg_compression__s3.png
PartB_01509,/root/autodl-tmp/helmet_yolo_v10/images/train/PartB_01509.jpg,.jpg,zoom_blur,1,339457183,PartB_01509__A1C__zoom_blur__s1.png
PartB_01510,/root/autodl-tmp/helmet_yolo_v10/images/train/PartB_01510.jpg,.jpg,motion_blur,2,2202770726,PartB_01510__A1C__motion_blur__s2.png
PartB_01513,/root/autodl-tmp/helmet_yolo_v10/images/train/PartB_01513.jpg,.jpg,jpeg_compression,2,1376131721,PartB_01513__A1C__jpeg_compression__s2.png
PartB_01514,/root/autodl-tmp/helmet_yolo_v10/images/train/PartB_01514.jpg,.jpg,frost,3,3123425058,PartB_01514__A1C__frost__s3.png
PartB_01516,/root/autodl-tmp/helmet_yolo_v10/images/train/PartB_01516.jpg,.jpg,zoom_blur,3,4244148637,PartB_01516__A1C__zoom_blur__s3.png
PartB_01517,/root/autodl-tmp/helmet_yolo_v10/images/train/PartB_01517.jpg,.jpg,fog,2,1095328310,PartB_01517__A1C__fog__s2.png
PartB_01519,/root/autodl-tmp/helmet_yolo_v10/images/train/PartB_01519.jpg,.jpg,brightness,2,1860374160,PartB_01519__A1C__brightness__s2.png
PartB_01520,/root/autodl-tmp/helmet_yolo_v10/images/train/PartB_01520.jpg,.jpg,brightness,3,2310054015,PartB_01520__A1C__brightness__s3.png
PartB_01521,/root/autodl-tmp/helmet_yolo_v10/images/train/PartB_01521.jpg,.jpg,fog,2,2273051321,PartB_01521__A1C__fog__s2.png
PartB_01522,/root/autodl-tmp/helmet_yolo_v10/images/train/PartB_01522.jpg,.jpg,impulse_noise,3,2783490747,PartB_01522__A1C__impulse_noise__s3.png
PartB_01523,/root/autodl-tmp/helmet_yolo_v10/images/train/PartB_01523.jpg,.jpg,snow,3,289550231,PartB_01523__A1C__snow__s3.png
PartB_01524,/root/autodl-tmp/helmet_yolo_v10/images/train/PartB_01524.jpg,.jpg,shot_noise,1,1629219617,PartB_01524__A1C__shot_noise__s1.png
PartB_01525,/root/autodl-tmp/helmet_yolo_v10/images/train/PartB_01525.jpg,.jpg,zoom_blur,3,429131737,PartB_01525__A1C__zoom_blur__s3.png
PartB_01526,/root/autodl-tmp/helmet_yolo_v10/images/train/PartB_01526.jpg,.jpg,jpeg_compression,2,2085368878,PartB_01526__A1C__jpeg_compression__s2.png
PartB_01527,/root/autodl-tmp/helmet_yolo_v10/images/train/PartB_01527.jpg,.jpg,defocus_blur,1,1418523034,PartB_01527__A1C__defocus_blur__s1.png
PartB_01528,/root/autodl-tmp/helmet_yolo_v10/images/train/PartB_01528.jpg,.jpg,impulse_noise,1,2102136197,PartB_01528__A1C__impulse_noise__s1.png
PartB_01529,/root/autodl-tmp/helmet_yolo_v10/images/train/PartB_01529.jpg,.jpg,brightness,1,2907317772,PartB_01529__A1C__brightness__s1.png
PartB_01532,/root/autodl-tmp/helmet_yolo_v10/images/train/PartB_01532.jpg,.jpg,fog,2,1484831190,PartB_01532__A1C__fog__s2.png
PartB_01533,/root/autodl-tmp/helmet_yolo_v10/images/train/PartB_01533.jpg,.jpg,jpeg_compression,1,999445143,PartB_01533__A1C__jpeg_compression__s1.png
PartB_01534,/root/autodl-tmp/helmet_yolo_v10/images/train/PartB_01534.jpg,.jpg,frost,3,1228191278,PartB_01534__A1C__frost__s3.png
PartB_01536,/root/autodl-tmp/helmet_yolo_v10/images/train/PartB_01536.jpg,.jpg,motion_blur,2,4084982806,PartB_01536__A1C__motion_blur__s2.png
PartB_01537,/root/autodl-tmp/helmet_yolo_v10/images/train/PartB_01537.jpg,.jpg,gaussian_noise,3,2383268879,PartB_01537__A1C__gaussian_noise__s3.png
PartB_01538,/root/autodl-tmp/helmet_yolo_v10/images/train/PartB_01538.jpg,.jpg,motion_blur,1,1138400507,PartB_01538__A1C__motion_blur__s1.png
PartB_01539,/root/autodl-tmp/helmet_yolo_v10/images/train/PartB_01539.jpg,.jpg,frost,2,776176767,PartB_01539__A1C__frost__s2.png
PartB_01540,/root/autodl-tmp/helmet_yolo_v10/images/train/PartB_01540.jpg,.jpg,gaussian_noise,1,4091189446,PartB_01540__A1C__gaussian_noise__s1.png
PartB_01541,/root/autodl-tmp/helmet_yolo_v10/images/train/PartB_01541.jpg,.jpg,pixelate,2,566990910,PartB_01541__A1C__pixelate__s2.png
PartB_01542,/root/autodl-tmp/helmet_yolo_v10/images/train/PartB_01542.jpg,.jpg,pixelate,1,3128244500,PartB_01542__A1C__pixelate__s1.png
PartB_01545,/root/autodl-tmp/helmet_yolo_v10/images/train/PartB_01545.jpg,.jpg,fog,2,3420633061,PartB_01545__A1C__fog__s2.png
PartB_01546,/root/autodl-tmp/helmet_yolo_v10/images/train/PartB_01546.jpg,.jpg,gaussian_noise,1,3278064203,PartB_01546__A1C__gaussian_noise__s1.png
PartB_01547,/root/autodl-tmp/helmet_yolo_v10/images/train/PartB_01547.jpg,.jpg,defocus_blur,3,2861193931,PartB_01547__A1C__defocus_blur__s3.png
PartB_01548,/root/autodl-tmp/helmet_yolo_v10/images/train/PartB_01548.jpg,.jpg,frost,3,3800593724,PartB_01548__A1C__frost__s3.png
PartB_01549,/root/autodl-tmp/helmet_yolo_v10/images/train/PartB_01549.jpg,.jpg,fog,2,3395036907,PartB_01549__A1C__fog__s2.png
PartB_01550,/root/autodl-tmp/helmet_yolo_v10/images/train/PartB_01550.jpg,.jpg,impulse_noise,3,3865650378,PartB_01550__A1C__impulse_noise__s3.png
PartB_01551,/root/autodl-tmp/helmet_yolo_v10/images/train/PartB_01551.jpg,.jpg,pixelate,1,2713414869,PartB_01551__A1C__pixelate__s1.png
PartB_01552,/root/autodl-tmp/helmet_yolo_v10/images/train/PartB_01552.jpg,.jpg,brightness,2,45290252,PartB_01552__A1C__brightness__s2.png
PartB_01554,/root/autodl-tmp/helmet_yolo_v10/images/train/PartB_01554.jpg,.jpg,motion_blur,1,1999411862,PartB_01554__A1C__motion_blur__s1.png
PartB_01557,/root/autodl-tmp/helmet_yolo_v10/images/train/PartB_01557.jpg,.jpg,zoom_blur,3,674420874,PartB_01557__A1C__zoom_blur__s3.png
PartB_01559,/root/autodl-tmp/helmet_yolo_v10/images/train/PartB_01559.jpg,.jpg,impulse_noise,1,643400303,PartB_01559__A1C__impulse_noise__s1.png
PartB_01562,/root/autodl-tmp/helmet_yolo_v10/images/train/PartB_01562.jpg,.jpg,brightness,2,1112064479,PartB_01562__A1C__brightness__s2.png
PartB_01563,/root/autodl-tmp/helmet_yolo_v10/images/train/PartB_01563.jpg,.jpg,jpeg_compression,1,3476723280,PartB_01563__A1C__jpeg_compression__s1.png
PartB_01564,/root/autodl-tmp/helmet_yolo_v10/images/train/PartB_01564.jpg,.jpg,brightness,3,2880020233,PartB_01564__A1C__brightness__s3.png
PartB_01565,/root/autodl-tmp/helmet_yolo_v10/images/train/PartB_01565.jpg,.jpg,zoom_blur,3,463225332,PartB_01565__A1C__zoom_blur__s3.png
PartB_01566,/root/autodl-tmp/helmet_yolo_v10/images/train/PartB_01566.jpg,.jpg,pixelate,2,888181246,PartB_01566__A1C__pixelate__s2.png
PartB_01568,/root/autodl-tmp/helmet_yolo_v10/images/train/PartB_01568.jpg,.jpg,impulse_noise,3,3953166349,PartB_01568__A1C__impulse_noise__s3.png
PartB_01571,/root/autodl-tmp/helmet_yolo_v10/images/train/PartB_01571.jpg,.jpg,shot_noise,3,1243322045,PartB_01571__A1C__shot_noise__s3.png
PartB_01572,/root/autodl-tmp/helmet_yolo_v10/images/train/PartB_01572.jpg,.jpg,defocus_blur,2,1848427798,PartB_01572__A1C__defocus_blur__s2.png
PartB_01573,/root/autodl-tmp/helmet_yolo_v10/images/train/PartB_01573.jpg,.jpg,fog,3,1737061005,PartB_01573__A1C__fog__s3.png
PartB_01574,/root/autodl-tmp/helmet_yolo_v10/images/train/PartB_01574.jpg,.jpg,frost,2,235546763,PartB_01574__A1C__frost__s2.png
PartB_01578,/root/autodl-tmp/helmet_yolo_v10/images/train/PartB_01578.jpg,.jpg,jpeg_compression,1,1460083761,PartB_01578__A1C__jpeg_compression__s1.png
PartB_01579,/root/autodl-tmp/helmet_yolo_v10/images/train/PartB_01579.jpg,.jpg,contrast,2,224971853,PartB_01579__A1C__contrast__s2.png
PartB_01580,/root/autodl-tmp/helmet_yolo_v10/images/train/PartB_01580.jpg,.jpg,shot_noise,1,267171485,PartB_01580__A1C__shot_noise__s1.png
PartB_01581,/root/autodl-tmp/helmet_yolo_v10/images/train/PartB_01581.jpg,.jpg,gaussian_noise,1,3367714932,PartB_01581__A1C__gaussian_noise__s1.png
PartB_01582,/root/autodl-tmp/helmet_yolo_v10/images/train/PartB_01582.jpg,.jpg,motion_blur,3,3994116883,PartB_01582__A1C__motion_blur__s3.png
PartB_01584,/root/autodl-tmp/helmet_yolo_v10/images/train/PartB_01584.jpg,.jpg,brightness,2,4024052694,PartB_01584__A1C__brightness__s2.png
PartB_01585,/root/autodl-tmp/helmet_yolo_v10/images/train/PartB_01585.jpg,.jpg,shot_noise,1,929176643,PartB_01585__A1C__shot_noise__s1.png
PartB_01586,/root/autodl-tmp/helmet_yolo_v10/images/train/PartB_01586.jpg,.jpg,brightness,2,2095002880,PartB_01586__A1C__brightness__s2.png
PartB_01587,/root/autodl-tmp/helmet_yolo_v10/images/train/PartB_01587.jpg,.jpg,gaussian_noise,1,2026057140,PartB_01587__A1C__gaussian_noise__s1.png
PartB_01591,/root/autodl-tmp/helmet_yolo_v10/images/train/PartB_01591.jpg,.jpg,snow,3,2010982906,PartB_01591__A1C__snow__s3.png
PartB_01593,/root/autodl-tmp/helmet_yolo_v10/images/train/PartB_01593.jpg,.jpg,defocus_blur,2,1589437340,PartB_01593__A1C__defocus_blur__s2.png
PartB_01595,/root/autodl-tmp/helmet_yolo_v10/images/train/PartB_01595.jpg,.jpg,fog,2,1728481553,PartB_01595__A1C__fog__s2.png
PartB_01596,/root/autodl-tmp/helmet_yolo_v10/images/train/PartB_01596.jpg,.jpg,gaussian_noise,1,2338165439,PartB_01596__A1C__gaussian_noise__s1.png
PartB_01597,/root/autodl-tmp/helmet_yolo_v10/images/train/PartB_01597.jpg,.jpg,defocus_blur,1,3831057187,PartB_01597__A1C__defocus_blur__s1.png
PartB_01598,/root/autodl-tmp/helmet_yolo_v10/images/train/PartB_01598.jpg,.jpg,pixelate,1,1824181398,PartB_01598__A1C__pixelate__s1.png
PartB_01599,/root/autodl-tmp/helmet_yolo_v10/images/train/PartB_01599.jpg,.jpg,glass_blur,3,2979101614,PartB_01599__A1C__glass_blur__s3.png
PartB_01600,/root/autodl-tmp/helmet_yolo_v10/images/train/PartB_01600.jpg,.jpg,frost,3,4135248863,PartB_01600__A1C__frost__s3.png
PartB_01602,/root/autodl-tmp/helmet_yolo_v10/images/train/PartB_01602.jpg,.jpg,frost,2,1342273016,PartB_01602__A1C__frost__s2.png
PartB_01603,/root/autodl-tmp/helmet_yolo_v10/images/train/PartB_01603.jpg,.jpg,shot_noise,2,2463658861,PartB_01603__A1C__shot_noise__s2.png
PartB_01604,/root/autodl-tmp/helmet_yolo_v10/images/train/PartB_01604.jpg,.jpg,fog,2,2197267760,PartB_01604__A1C__fog__s2.png
PartB_01605,/root/autodl-tmp/helmet_yolo_v10/images/train/PartB_01605.jpg,.jpg,pixelate,1,3520423004,PartB_01605__A1C__pixelate__s1.png
PartB_01606,/root/autodl-tmp/helmet_yolo_v10/images/train/PartB_01606.jpg,.jpg,jpeg_compression,3,576632455,PartB_01606__A1C__jpeg_compression__s3.png
PartB_01607,/root/autodl-tmp/helmet_yolo_v10/images/train/PartB_01607.jpg,.jpg,jpeg_compression,3,2724512948,PartB_01607__A1C__jpeg_compression__s3.png
PartB_01608,/root/autodl-tmp/helmet_yolo_v10/images/train/PartB_01608.jpg,.jpg,defocus_blur,1,3664205583,PartB_01608__A1C__defocus_blur__s1.png
PartB_01609,/root/autodl-tmp/helmet_yolo_v10/images/train/PartB_01609.jpg,.jpg,glass_blur,1,3687714201,PartB_01609__A1C__glass_blur__s1.png
PartB_01610,/root/autodl-tmp/helmet_yolo_v10/images/train/PartB_01610.jpg,.jpg,gaussian_noise,2,1243378227,PartB_01610__A1C__gaussian_noise__s2.png
PartB_01611,/root/autodl-tmp/helmet_yolo_v10/images/train/PartB_01611.jpg,.jpg,fog,2,1886993565,PartB_01611__A1C__fog__s2.png
PartB_01612,/root/autodl-tmp/helmet_yolo_v10/images/train/PartB_01612.jpg,.jpg,gaussian_noise,1,2162153888,PartB_01612__A1C__gaussian_noise__s1.png
PartB_01613,/root/autodl-tmp/helmet_yolo_v10/images/train/PartB_01613.jpg,.jpg,defocus_blur,1,2565774077,PartB_01613__A1C__defocus_blur__s1.png
PartB_01614,/root/autodl-tmp/helmet_yolo_v10/images/train/PartB_01614.jpg,.jpg,gaussian_noise,3,3027109043,PartB_01614__A1C__gaussian_noise__s3.png
PartB_01615,/root/autodl-tmp/helmet_yolo_v10/images/train/PartB_01615.jpg,.jpg,shot_noise,3,1091095777,PartB_01615__A1C__shot_noise__s3.png
PartB_01616,/root/autodl-tmp/helmet_yolo_v10/images/train/PartB_01616.jpg,.jpg,gaussian_noise,2,3907297394,PartB_01616__A1C__gaussian_noise__s2.png
PartB_01617,/root/autodl-tmp/helmet_yolo_v10/images/train/PartB_01617.jpg,.jpg,frost,1,2503570695,PartB_01617__A1C__frost__s1.png
PartB_01620,/root/autodl-tmp/helmet_yolo_v10/images/train/PartB_01620.jpg,.jpg,frost,2,929086232,PartB_01620__A1C__frost__s2.png
PartB_01621,/root/autodl-tmp/helmet_yolo_v10/images/train/PartB_01621.jpg,.jpg,glass_blur,2,1670960559,PartB_01621__A1C__glass_blur__s2.png
PartB_01623,/root/autodl-tmp/helmet_yolo_v10/images/train/PartB_01623.jpg,.jpg,jpeg_compression,2,3494074630,PartB_01623__A1C__jpeg_compression__s2.png
PartB_01625,/root/autodl-tmp/helmet_yolo_v10/images/train/PartB_01625.jpg,.jpg,brightness,3,3736150401,PartB_01625__A1C__brightness__s3.png
PartB_01626,/root/autodl-tmp/helmet_yolo_v10/images/train/PartB_01626.jpg,.jpg,glass_blur,2,3314561023,PartB_01626__A1C__glass_blur__s2.png
PartB_01627,/root/autodl-tmp/helmet_yolo_v10/images/train/PartB_01627.jpg,.jpg,brightness,1,3626145996,PartB_01627__A1C__brightness__s1.png
PartB_01628,/root/autodl-tmp/helmet_yolo_v10/images/train/PartB_01628.jpg,.jpg,pixelate,2,2275116914,PartB_01628__A1C__pixelate__s2.png
PartB_01629,/root/autodl-tmp/helmet_yolo_v10/images/train/PartB_01629.jpg,.jpg,pixelate,2,3663351929,PartB_01629__A1C__pixelate__s2.png
PartB_01631,/root/autodl-tmp/helmet_yolo_v10/images/train/PartB_01631.jpg,.jpg,contrast,1,147968026,PartB_01631__A1C__contrast__s1.png
PartB_01632,/root/autodl-tmp/helmet_yolo_v10/images/train/PartB_01632.jpg,.jpg,snow,2,2072086837,PartB_01632__A1C__snow__s2.png
PartB_01633,/root/autodl-tmp/helmet_yolo_v10/images/train/PartB_01633.jpg,.jpg,shot_noise,1,1986918257,PartB_01633__A1C__shot_noise__s1.png
PartB_01635,/root/autodl-tmp/helmet_yolo_v10/images/train/PartB_01635.jpg,.jpg,fog,1,1564272655,PartB_01635__A1C__fog__s1.png
PartB_01636,/root/autodl-tmp/helmet_yolo_v10/images/train/PartB_01636.jpg,.jpg,gaussian_noise,2,2160797415,PartB_01636__A1C__gaussian_noise__s2.png
PartB_01637,/root/autodl-tmp/helmet_yolo_v10/images/train/PartB_01637.jpg,.jpg,glass_blur,2,2334057644,PartB_01637__A1C__glass_blur__s2.png
PartB_01638,/root/autodl-tmp/helmet_yolo_v10/images/train/PartB_01638.jpg,.jpg,glass_blur,3,3676550861,PartB_01638__A1C__glass_blur__s3.png
PartB_01639,/root/autodl-tmp/helmet_yolo_v10/images/train/PartB_01639.jpg,.jpg,motion_blur,2,1959821657,PartB_01639__A1C__motion_blur__s2.png
PartB_01640,/root/autodl-tmp/helmet_yolo_v10/images/train/PartB_01640.jpg,.jpg,motion_blur,3,3312015683,PartB_01640__A1C__motion_blur__s3.png
PartB_01641,/root/autodl-tmp/helmet_yolo_v10/images/train/PartB_01641.jpg,.jpg,contrast,1,3513826553,PartB_01641__A1C__contrast__s1.png
PartB_01642,/root/autodl-tmp/helmet_yolo_v10/images/train/PartB_01642.jpg,.jpg,defocus_blur,3,4073491427,PartB_01642__A1C__defocus_blur__s3.png
PartB_01643,/root/autodl-tmp/helmet_yolo_v10/images/train/PartB_01643.jpg,.jpg,shot_noise,2,357180360,PartB_01643__A1C__shot_noise__s2.png
PartB_01644,/root/autodl-tmp/helmet_yolo_v10/images/train/PartB_01644.jpg,.jpg,gaussian_noise,1,2195376764,PartB_01644__A1C__gaussian_noise__s1.png
PartB_01645,/root/autodl-tmp/helmet_yolo_v10/images/train/PartB_01645.jpg,.jpg,pixelate,2,1382603008,PartB_01645__A1C__pixelate__s2.png
PartB_01646,/root/autodl-tmp/helmet_yolo_v10/images/train/PartB_01646.jpg,.jpg,shot_noise,3,2120559149,PartB_01646__A1C__shot_noise__s3.png
PartB_01647,/root/autodl-tmp/helmet_yolo_v10/images/train/PartB_01647.jpg,.jpg,brightness,3,4083682893,PartB_01647__A1C__brightness__s3.png
PartB_01649,/root/autodl-tmp/helmet_yolo_v10/images/train/PartB_01649.jpg,.jpg,snow,1,367608613,PartB_01649__A1C__snow__s1.png
PartB_01650,/root/autodl-tmp/helmet_yolo_v10/images/train/PartB_01650.jpg,.jpg,snow,2,3194317749,PartB_01650__A1C__snow__s2.png
PartB_01651,/root/autodl-tmp/helmet_yolo_v10/images/train/PartB_01651.jpg,.jpg,brightness,2,714103465,PartB_01651__A1C__brightness__s2.png
PartB_01652,/root/autodl-tmp/helmet_yolo_v10/images/train/PartB_01652.jpg,.jpg,fog,3,1834778821,PartB_01652__A1C__fog__s3.png
PartB_01655,/root/autodl-tmp/helmet_yolo_v10/images/train/PartB_01655.jpg,.jpg,pixelate,1,2536137094,PartB_01655__A1C__pixelate__s1.png
PartB_01657,/root/autodl-tmp/helmet_yolo_v10/images/train/PartB_01657.jpg,.jpg,impulse_noise,1,3543382389,PartB_01657__A1C__impulse_noise__s1.png
PartB_01658,/root/autodl-tmp/helmet_yolo_v10/images/train/PartB_01658.jpg,.jpg,glass_blur,3,1860545167,PartB_01658__A1C__glass_blur__s3.png
PartB_01659,/root/autodl-tmp/helmet_yolo_v10/images/train/PartB_01659.jpg,.jpg,shot_noise,3,1837551621,PartB_01659__A1C__shot_noise__s3.png
PartB_01660,/root/autodl-tmp/helmet_yolo_v10/images/train/PartB_01660.jpg,.jpg,brightness,2,1570869651,PartB_01660__A1C__brightness__s2.png
PartB_01661,/root/autodl-tmp/helmet_yolo_v10/images/train/PartB_01661.jpg,.jpg,shot_noise,3,770374417,PartB_01661__A1C__shot_noise__s3.png
PartB_01662,/root/autodl-tmp/helmet_yolo_v10/images/train/PartB_01662.jpg,.jpg,frost,1,3491730301,PartB_01662__A1C__frost__s1.png
PartB_01663,/root/autodl-tmp/helmet_yolo_v10/images/train/PartB_01663.jpg,.jpg,impulse_noise,3,3853695094,PartB_01663__A1C__impulse_noise__s3.png
PartB_01664,/root/autodl-tmp/helmet_yolo_v10/images/train/PartB_01664.jpg,.jpg,shot_noise,2,993599218,PartB_01664__A1C__shot_noise__s2.png
PartB_01667,/root/autodl-tmp/helmet_yolo_v10/images/train/PartB_01667.jpg,.jpg,snow,3,719724028,PartB_01667__A1C__snow__s3.png
PartB_01668,/root/autodl-tmp/helmet_yolo_v10/images/train/PartB_01668.jpg,.jpg,contrast,1,1132292633,PartB_01668__A1C__contrast__s1.png
PartB_01670,/root/autodl-tmp/helmet_yolo_v10/images/train/PartB_01670.jpg,.jpg,zoom_blur,3,796776900,PartB_01670__A1C__zoom_blur__s3.png
PartB_01672,/root/autodl-tmp/helmet_yolo_v10/images/train/PartB_01672.jpg,.jpg,pixelate,3,3536901456,PartB_01672__A1C__pixelate__s3.png
PartB_01673,/root/autodl-tmp/helmet_yolo_v10/images/train/PartB_01673.jpg,.jpg,frost,3,840528562,PartB_01673__A1C__frost__s3.png
PartB_01676,/root/autodl-tmp/helmet_yolo_v10/images/train/PartB_01676.jpg,.jpg,snow,1,1301964565,PartB_01676__A1C__snow__s1.png
PartB_01678,/root/autodl-tmp/helmet_yolo_v10/images/train/PartB_01678.jpg,.jpg,glass_blur,3,1469815498,PartB_01678__A1C__glass_blur__s3.png
PartB_01682,/root/autodl-tmp/helmet_yolo_v10/images/train/PartB_01682.jpg,.jpg,pixelate,3,2762673562,PartB_01682__A1C__pixelate__s3.png
PartB_01685,/root/autodl-tmp/helmet_yolo_v10/images/train/PartB_01685.jpg,.jpg,brightness,1,1184205557,PartB_01685__A1C__brightness__s1.png
PartB_01686,/root/autodl-tmp/helmet_yolo_v10/images/train/PartB_01686.jpg,.jpg,motion_blur,3,1920086107,PartB_01686__A1C__motion_blur__s3.png
PartB_01687,/root/autodl-tmp/helmet_yolo_v10/images/train/PartB_01687.jpg,.jpg,fog,3,2434695483,PartB_01687__A1C__fog__s3.png
PartB_01688,/root/autodl-tmp/helmet_yolo_v10/images/train/PartB_01688.jpg,.jpg,gaussian_noise,2,801285650,PartB_01688__A1C__gaussian_noise__s2.png
PartB_01691,/root/autodl-tmp/helmet_yolo_v10/images/train/PartB_01691.jpg,.jpg,motion_blur,3,525061638,PartB_01691__A1C__motion_blur__s3.png
PartB_01692,/root/autodl-tmp/helmet_yolo_v10/images/train/PartB_01692.jpg,.jpg,shot_noise,2,3887795411,PartB_01692__A1C__shot_noise__s2.png
PartB_01693,/root/autodl-tmp/helmet_yolo_v10/images/train/PartB_01693.jpg,.jpg,motion_blur,1,750553693,PartB_01693__A1C__motion_blur__s1.png
PartB_01694,/root/autodl-tmp/helmet_yolo_v10/images/train/PartB_01694.jpg,.jpg,frost,3,4093984185,PartB_01694__A1C__frost__s3.png
PartB_01695,/root/autodl-tmp/helmet_yolo_v10/images/train/PartB_01695.jpg,.jpg,jpeg_compression,3,217677451,PartB_01695__A1C__jpeg_compression__s3.png
PartB_01696,/root/autodl-tmp/helmet_yolo_v10/images/train/PartB_01696.jpg,.jpg,glass_blur,1,820271355,PartB_01696__A1C__glass_blur__s1.png
PartB_01697,/root/autodl-tmp/helmet_yolo_v10/images/train/PartB_01697.jpg,.jpg,pixelate,1,2668402791,PartB_01697__A1C__pixelate__s1.png
PartB_01698,/root/autodl-tmp/helmet_yolo_v10/images/train/PartB_01698.jpg,.jpg,contrast,1,3293458437,PartB_01698__A1C__contrast__s1.png
PartB_01699,/root/autodl-tmp/helmet_yolo_v10/images/train/PartB_01699.jpg,.jpg,frost,2,21922449,PartB_01699__A1C__frost__s2.png
PartB_01703,/root/autodl-tmp/helmet_yolo_v10/images/train/PartB_01703.jpg,.jpg,frost,1,1078882988,PartB_01703__A1C__frost__s1.png
PartB_01705,/root/autodl-tmp/helmet_yolo_v10/images/train/PartB_01705.jpg,.jpg,motion_blur,2,304055040,PartB_01705__A1C__motion_blur__s2.png
PartB_01706,/root/autodl-tmp/helmet_yolo_v10/images/train/PartB_01706.jpg,.jpg,glass_blur,2,2261193999,PartB_01706__A1C__glass_blur__s2.png
PartB_01707,/root/autodl-tmp/helmet_yolo_v10/images/train/PartB_01707.jpg,.jpg,contrast,2,1351368578,PartB_01707__A1C__contrast__s2.png
PartB_01708,/root/autodl-tmp/helmet_yolo_v10/images/train/PartB_01708.jpg,.jpg,snow,2,2145541182,PartB_01708__A1C__snow__s2.png
PartB_01709,/root/autodl-tmp/helmet_yolo_v10/images/train/PartB_01709.jpg,.jpg,shot_noise,3,2043318248,PartB_01709__A1C__shot_noise__s3.png
PartB_01710,/root/autodl-tmp/helmet_yolo_v10/images/train/PartB_01710.jpg,.jpg,frost,1,172396300,PartB_01710__A1C__frost__s1.png
PartB_01712,/root/autodl-tmp/helmet_yolo_v10/images/train/PartB_01712.jpg,.jpg,brightness,3,4224940164,PartB_01712__A1C__brightness__s3.png
PartB_01713,/root/autodl-tmp/helmet_yolo_v10/images/train/PartB_01713.jpg,.jpg,contrast,1,1395088619,PartB_01713__A1C__contrast__s1.png
PartB_01714,/root/autodl-tmp/helmet_yolo_v10/images/train/PartB_01714.jpg,.jpg,shot_noise,3,278346718,PartB_01714__A1C__shot_noise__s3.png
PartB_01715,/root/autodl-tmp/helmet_yolo_v10/images/train/PartB_01715.jpg,.jpg,fog,1,2165936157,PartB_01715__A1C__fog__s1.png
PartB_01717,/root/autodl-tmp/helmet_yolo_v10/images/train/PartB_01717.jpg,.jpg,brightness,3,1473932212,PartB_01717__A1C__brightness__s3.png
PartB_01719,/root/autodl-tmp/helmet_yolo_v10/images/train/PartB_01719.jpg,.jpg,fog,2,2957404076,PartB_01719__A1C__fog__s2.png
PartB_01721,/root/autodl-tmp/helmet_yolo_v10/images/train/PartB_01721.jpg,.jpg,snow,3,3543896118,PartB_01721__A1C__snow__s3.png
PartB_01722,/root/autodl-tmp/helmet_yolo_v10/images/train/PartB_01722.jpg,.jpg,contrast,1,1096519136,PartB_01722__A1C__contrast__s1.png
PartB_01723,/root/autodl-tmp/helmet_yolo_v10/images/train/PartB_01723.jpg,.jpg,pixelate,2,2636956804,PartB_01723__A1C__pixelate__s2.png
PartB_01724,/root/autodl-tmp/helmet_yolo_v10/images/train/PartB_01724.jpg,.jpg,pixelate,3,329047308,PartB_01724__A1C__pixelate__s3.png
PartB_01725,/root/autodl-tmp/helmet_yolo_v10/images/train/PartB_01725.jpg,.jpg,motion_blur,2,1500489115,PartB_01725__A1C__motion_blur__s2.png
PartB_01728,/root/autodl-tmp/helmet_yolo_v10/images/train/PartB_01728.jpg,.jpg,impulse_noise,2,3427920783,PartB_01728__A1C__impulse_noise__s2.png
PartB_01729,/root/autodl-tmp/helmet_yolo_v10/images/train/PartB_01729.jpg,.jpg,brightness,1,4281646013,PartB_01729__A1C__brightness__s1.png
PartB_01731,/root/autodl-tmp/helmet_yolo_v10/images/train/PartB_01731.jpg,.jpg,frost,1,2627809422,PartB_01731__A1C__frost__s1.png
PartB_01733,/root/autodl-tmp/helmet_yolo_v10/images/train/PartB_01733.jpg,.jpg,fog,3,353693173,PartB_01733__A1C__fog__s3.png
PartB_01734,/root/autodl-tmp/helmet_yolo_v10/images/train/PartB_01734.jpg,.jpg,jpeg_compression,2,1723064065,PartB_01734__A1C__jpeg_compression__s2.png
PartB_01735,/root/autodl-tmp/helmet_yolo_v10/images/train/PartB_01735.jpg,.jpg,glass_blur,3,2049810944,PartB_01735__A1C__glass_blur__s3.png
PartB_01737,/root/autodl-tmp/helmet_yolo_v10/images/train/PartB_01737.jpg,.jpg,impulse_noise,3,2526330947,PartB_01737__A1C__impulse_noise__s3.png
PartB_01739,/root/autodl-tmp/helmet_yolo_v10/images/train/PartB_01739.jpg,.jpg,zoom_blur,2,760284262,PartB_01739__A1C__zoom_blur__s2.png
PartB_01740,/root/autodl-tmp/helmet_yolo_v10/images/train/PartB_01740.jpg,.jpg,contrast,3,2486290135,PartB_01740__A1C__contrast__s3.png
PartB_01741,/root/autodl-tmp/helmet_yolo_v10/images/train/PartB_01741.jpg,.jpg,shot_noise,3,564458541,PartB_01741__A1C__shot_noise__s3.png
PartB_01742,/root/autodl-tmp/helmet_yolo_v10/images/train/PartB_01742.jpg,.jpg,fog,1,1361550736,PartB_01742__A1C__fog__s1.png
PartB_01743,/root/autodl-tmp/helmet_yolo_v10/images/train/PartB_01743.jpg,.jpg,glass_blur,3,3481777973,PartB_01743__A1C__glass_blur__s3.png
PartB_01744,/root/autodl-tmp/helmet_yolo_v10/images/train/PartB_01744.jpg,.jpg,jpeg_compression,3,810078008,PartB_01744__A1C__jpeg_compression__s3.png
PartB_01745,/root/autodl-tmp/helmet_yolo_v10/images/train/PartB_01745.jpg,.jpg,jpeg_compression,2,1625158810,PartB_01745__A1C__jpeg_compression__s2.png
PartB_01746,/root/autodl-tmp/helmet_yolo_v10/images/train/PartB_01746.jpg,.jpg,jpeg_compression,1,1074503403,PartB_01746__A1C__jpeg_compression__s1.png
PartB_01747,/root/autodl-tmp/helmet_yolo_v10/images/train/PartB_01747.jpg,.jpg,brightness,1,1932490887,PartB_01747__A1C__brightness__s1.png
PartB_01749,/root/autodl-tmp/helmet_yolo_v10/images/train/PartB_01749.jpg,.jpg,contrast,1,3033093323,PartB_01749__A1C__contrast__s1.png
PartB_01750,/root/autodl-tmp/helmet_yolo_v10/images/train/PartB_01750.jpg,.jpg,defocus_blur,2,3185117439,PartB_01750__A1C__defocus_blur__s2.png
PartB_01752,/root/autodl-tmp/helmet_yolo_v10/images/train/PartB_01752.jpg,.jpg,defocus_blur,3,2498366741,PartB_01752__A1C__defocus_blur__s3.png
PartB_01753,/root/autodl-tmp/helmet_yolo_v10/images/train/PartB_01753.jpg,.jpg,jpeg_compression,1,225627452,PartB_01753__A1C__jpeg_compression__s1.png
PartB_01754,/root/autodl-tmp/helmet_yolo_v10/images/train/PartB_01754.jpg,.jpg,impulse_noise,3,2080111473,PartB_01754__A1C__impulse_noise__s3.png
PartB_01755,/root/autodl-tmp/helmet_yolo_v10/images/train/PartB_01755.jpg,.jpg,defocus_blur,3,2988345138,PartB_01755__A1C__defocus_blur__s3.png
PartB_01756,/root/autodl-tmp/helmet_yolo_v10/images/train/PartB_01756.jpg,.jpg,impulse_noise,2,1223196489,PartB_01756__A1C__impulse_noise__s2.png
PartB_01757,/root/autodl-tmp/helmet_yolo_v10/images/train/PartB_01757.jpg,.jpg,frost,1,2026895071,PartB_01757__A1C__frost__s1.png
PartB_01758,/root/autodl-tmp/helmet_yolo_v10/images/train/PartB_01758.jpg,.jpg,zoom_blur,3,3589517739,PartB_01758__A1C__zoom_blur__s3.png
PartB_01759,/root/autodl-tmp/helmet_yolo_v10/images/train/PartB_01759.jpg,.jpg,impulse_noise,1,4271756250,PartB_01759__A1C__impulse_noise__s1.png
PartB_01760,/root/autodl-tmp/helmet_yolo_v10/images/train/PartB_01760.jpg,.jpg,frost,1,2004398175,PartB_01760__A1C__frost__s1.png
PartB_01763,/root/autodl-tmp/helmet_yolo_v10/images/train/PartB_01763.jpg,.jpg,zoom_blur,3,4208637201,PartB_01763__A1C__zoom_blur__s3.png
PartB_01764,/root/autodl-tmp/helmet_yolo_v10/images/train/PartB_01764.jpg,.jpg,defocus_blur,1,3076846490,PartB_01764__A1C__defocus_blur__s1.png
PartB_01766,/root/autodl-tmp/helmet_yolo_v10/images/train/PartB_01766.jpg,.jpg,pixelate,3,448106961,PartB_01766__A1C__pixelate__s3.png
PartB_01767,/root/autodl-tmp/helmet_yolo_v10/images/train/PartB_01767.jpg,.jpg,snow,2,1730990226,PartB_01767__A1C__snow__s2.png
PartB_01768,/root/autodl-tmp/helmet_yolo_v10/images/train/PartB_01768.jpg,.jpg,impulse_noise,3,2417537207,PartB_01768__A1C__impulse_noise__s3.png
PartB_01769,/root/autodl-tmp/helmet_yolo_v10/images/train/PartB_01769.jpg,.jpg,pixelate,1,977940075,PartB_01769__A1C__pixelate__s1.png
PartB_01770,/root/autodl-tmp/helmet_yolo_v10/images/train/PartB_01770.jpg,.jpg,impulse_noise,3,1922931399,PartB_01770__A1C__impulse_noise__s3.png
PartB_01771,/root/autodl-tmp/helmet_yolo_v10/images/train/PartB_01771.jpg,.jpg,impulse_noise,3,3269798646,PartB_01771__A1C__impulse_noise__s3.png
PartB_01772,/root/autodl-tmp/helmet_yolo_v10/images/train/PartB_01772.jpg,.jpg,defocus_blur,2,2281348237,PartB_01772__A1C__defocus_blur__s2.png
PartB_01773,/root/autodl-tmp/helmet_yolo_v10/images/train/PartB_01773.jpg,.jpg,defocus_blur,1,2543613845,PartB_01773__A1C__defocus_blur__s1.png
PartB_01774,/root/autodl-tmp/helmet_yolo_v10/images/train/PartB_01774.jpg,.jpg,defocus_blur,1,2872658991,PartB_01774__A1C__defocus_blur__s1.png
PartB_01775,/root/autodl-tmp/helmet_yolo_v10/images/train/PartB_01775.jpg,.jpg,motion_blur,1,3248691617,PartB_01775__A1C__motion_blur__s1.png
PartB_01776,/root/autodl-tmp/helmet_yolo_v10/images/train/PartB_01776.jpg,.jpg,brightness,3,174443438,PartB_01776__A1C__brightness__s3.png
PartB_01780,/root/autodl-tmp/helmet_yolo_v10/images/train/PartB_01780.jpg,.jpg,zoom_blur,2,3474506917,PartB_01780__A1C__zoom_blur__s2.png
PartB_01781,/root/autodl-tmp/helmet_yolo_v10/images/train/PartB_01781.jpg,.jpg,contrast,1,3218451463,PartB_01781__A1C__contrast__s1.png
PartB_01782,/root/autodl-tmp/helmet_yolo_v10/images/train/PartB_01782.jpg,.jpg,brightness,3,2827387037,PartB_01782__A1C__brightness__s3.png
PartB_01783,/root/autodl-tmp/helmet_yolo_v10/images/train/PartB_01783.jpg,.jpg,gaussian_noise,1,3405786705,PartB_01783__A1C__gaussian_noise__s1.png
PartB_01784,/root/autodl-tmp/helmet_yolo_v10/images/train/PartB_01784.jpg,.jpg,frost,2,1218000223,PartB_01784__A1C__frost__s2.png
PartB_01786,/root/autodl-tmp/helmet_yolo_v10/images/train/PartB_01786.jpg,.jpg,shot_noise,1,3394779145,PartB_01786__A1C__shot_noise__s1.png
PartB_01787,/root/autodl-tmp/helmet_yolo_v10/images/train/PartB_01787.jpg,.jpg,motion_blur,2,524183198,PartB_01787__A1C__motion_blur__s2.png
PartB_01788,/root/autodl-tmp/helmet_yolo_v10/images/train/PartB_01788.jpg,.jpg,brightness,2,308337314,PartB_01788__A1C__brightness__s2.png
PartB_01789,/root/autodl-tmp/helmet_yolo_v10/images/train/PartB_01789.jpg,.jpg,contrast,1,1189298888,PartB_01789__A1C__contrast__s1.png
PartB_01790,/root/autodl-tmp/helmet_yolo_v10/images/train/PartB_01790.jpg,.jpg,frost,3,3383598421,PartB_01790__A1C__frost__s3.png
PartB_01791,/root/autodl-tmp/helmet_yolo_v10/images/train/PartB_01791.jpg,.jpg,defocus_blur,3,979292606,PartB_01791__A1C__defocus_blur__s3.png
PartB_01792,/root/autodl-tmp/helmet_yolo_v10/images/train/PartB_01792.jpg,.jpg,motion_blur,1,1953737737,PartB_01792__A1C__motion_blur__s1.png
PartB_01793,/root/autodl-tmp/helmet_yolo_v10/images/train/PartB_01793.jpg,.jpg,motion_blur,3,1937560554,PartB_01793__A1C__motion_blur__s3.png
PartB_01795,/root/autodl-tmp/helmet_yolo_v10/images/train/PartB_01795.jpg,.jpg,frost,1,4048592066,PartB_01795__A1C__frost__s1.png
PartB_01796,/root/autodl-tmp/helmet_yolo_v10/images/train/PartB_01796.jpg,.jpg,zoom_blur,3,3949315060,PartB_01796__A1C__zoom_blur__s3.png
PartB_01797,/root/autodl-tmp/helmet_yolo_v10/images/train/PartB_01797.jpg,.jpg,glass_blur,2,2860519613,PartB_01797__A1C__glass_blur__s2.png
PartB_01798,/root/autodl-tmp/helmet_yolo_v10/images/train/PartB_01798.jpg,.jpg,motion_blur,1,3540544278,PartB_01798__A1C__motion_blur__s1.png
PartB_01799,/root/autodl-tmp/helmet_yolo_v10/images/train/PartB_01799.jpg,.jpg,fog,3,2914988392,PartB_01799__A1C__fog__s3.png
PartB_01800,/root/autodl-tmp/helmet_yolo_v10/images/train/PartB_01800.jpg,.jpg,gaussian_noise,2,2927763336,PartB_01800__A1C__gaussian_noise__s2.png
PartB_01802,/root/autodl-tmp/helmet_yolo_v10/images/train/PartB_01802.jpg,.jpg,defocus_blur,2,3363046304,PartB_01802__A1C__defocus_blur__s2.png
PartB_01803,/root/autodl-tmp/helmet_yolo_v10/images/train/PartB_01803.jpg,.jpg,gaussian_noise,1,2041952228,PartB_01803__A1C__gaussian_noise__s1.png
PartB_01807,/root/autodl-tmp/helmet_yolo_v10/images/train/PartB_01807.jpg,.jpg,contrast,1,4151039759,PartB_01807__A1C__contrast__s1.png
PartB_01809,/root/autodl-tmp/helmet_yolo_v10/images/train/PartB_01809.jpg,.jpg,fog,2,2143395135,PartB_01809__A1C__fog__s2.png
PartB_01811,/root/autodl-tmp/helmet_yolo_v10/images/train/PartB_01811.jpg,.jpg,shot_noise,3,743741776,PartB_01811__A1C__shot_noise__s3.png
PartB_01812,/root/autodl-tmp/helmet_yolo_v10/images/train/PartB_01812.jpg,.jpg,motion_blur,1,1514960980,PartB_01812__A1C__motion_blur__s1.png
PartB_01813,/root/autodl-tmp/helmet_yolo_v10/images/train/PartB_01813.jpg,.jpg,gaussian_noise,2,3258000921,PartB_01813__A1C__gaussian_noise__s2.png
PartB_01814,/root/autodl-tmp/helmet_yolo_v10/images/train/PartB_01814.jpg,.jpg,pixelate,1,3332272881,PartB_01814__A1C__pixelate__s1.png
PartB_01816,/root/autodl-tmp/helmet_yolo_v10/images/train/PartB_01816.jpg,.jpg,impulse_noise,2,1338797714,PartB_01816__A1C__impulse_noise__s2.png
PartB_01817,/root/autodl-tmp/helmet_yolo_v10/images/train/PartB_01817.jpg,.jpg,shot_noise,1,3394059470,PartB_01817__A1C__shot_noise__s1.png
PartB_01818,/root/autodl-tmp/helmet_yolo_v10/images/train/PartB_01818.jpg,.jpg,jpeg_compression,3,1904724835,PartB_01818__A1C__jpeg_compression__s3.png
PartB_01819,/root/autodl-tmp/helmet_yolo_v10/images/train/PartB_01819.jpg,.jpg,fog,3,3095392322,PartB_01819__A1C__fog__s3.png
PartB_01820,/root/autodl-tmp/helmet_yolo_v10/images/train/PartB_01820.jpg,.jpg,shot_noise,2,2316954852,PartB_01820__A1C__shot_noise__s2.png
PartB_01822,/root/autodl-tmp/helmet_yolo_v10/images/train/PartB_01822.jpg,.jpg,glass_blur,1,2671754386,PartB_01822__A1C__glass_blur__s1.png
PartB_01823,/root/autodl-tmp/helmet_yolo_v10/images/train/PartB_01823.jpg,.jpg,shot_noise,2,1960404702,PartB_01823__A1C__shot_noise__s2.png
PartB_01824,/root/autodl-tmp/helmet_yolo_v10/images/train/PartB_01824.jpg,.jpg,glass_blur,2,2099764566,PartB_01824__A1C__glass_blur__s2.png
PartB_01825,/root/autodl-tmp/helmet_yolo_v10/images/train/PartB_01825.jpg,.jpg,impulse_noise,2,3059096107,PartB_01825__A1C__impulse_noise__s2.png
PartB_01826,/root/autodl-tmp/helmet_yolo_v10/images/train/PartB_01826.jpg,.jpg,brightness,3,642573241,PartB_01826__A1C__brightness__s3.png
PartB_01827,/root/autodl-tmp/helmet_yolo_v10/images/train/PartB_01827.jpg,.jpg,shot_noise,3,1800176494,PartB_01827__A1C__shot_noise__s3.png
PartB_01830,/root/autodl-tmp/helmet_yolo_v10/images/train/PartB_01830.jpg,.jpg,zoom_blur,3,1090878691,PartB_01830__A1C__zoom_blur__s3.png
PartB_01832,/root/autodl-tmp/helmet_yolo_v10/images/train/PartB_01832.jpg,.jpg,brightness,1,1957774878,PartB_01832__A1C__brightness__s1.png
PartB_01833,/root/autodl-tmp/helmet_yolo_v10/images/train/PartB_01833.jpg,.jpg,brightness,1,2566565990,PartB_01833__A1C__brightness__s1.png
PartB_01834,/root/autodl-tmp/helmet_yolo_v10/images/train/PartB_01834.jpg,.jpg,glass_blur,3,1064148119,PartB_01834__A1C__glass_blur__s3.png
PartB_01835,/root/autodl-tmp/helmet_yolo_v10/images/train/PartB_01835.jpg,.jpg,pixelate,3,1641649744,PartB_01835__A1C__pixelate__s3.png
PartB_01836,/root/autodl-tmp/helmet_yolo_v10/images/train/PartB_01836.jpg,.jpg,jpeg_compression,1,3465785203,PartB_01836__A1C__jpeg_compression__s1.png
PartB_01837,/root/autodl-tmp/helmet_yolo_v10/images/train/PartB_01837.jpg,.jpg,contrast,2,953466551,PartB_01837__A1C__contrast__s2.png
PartB_01838,/root/autodl-tmp/helmet_yolo_v10/images/train/PartB_01838.jpg,.jpg,pixelate,1,2040663311,PartB_01838__A1C__pixelate__s1.png
PartB_01839,/root/autodl-tmp/helmet_yolo_v10/images/train/PartB_01839.jpg,.jpg,brightness,2,1919104778,PartB_01839__A1C__brightness__s2.png
PartB_01840,/root/autodl-tmp/helmet_yolo_v10/images/train/PartB_01840.jpg,.jpg,pixelate,3,3134921108,PartB_01840__A1C__pixelate__s3.png
PartB_01841,/root/autodl-tmp/helmet_yolo_v10/images/train/PartB_01841.jpg,.jpg,jpeg_compression,2,3047045675,PartB_01841__A1C__jpeg_compression__s2.png
PartB_01842,/root/autodl-tmp/helmet_yolo_v10/images/train/PartB_01842.jpg,.jpg,motion_blur,1,3524715749,PartB_01842__A1C__motion_blur__s1.png
PartB_01844,/root/autodl-tmp/helmet_yolo_v10/images/train/PartB_01844.jpg,.jpg,pixelate,2,2759511592,PartB_01844__A1C__pixelate__s2.png
PartB_01845,/root/autodl-tmp/helmet_yolo_v10/images/train/PartB_01845.jpg,.jpg,shot_noise,2,1825337189,PartB_01845__A1C__shot_noise__s2.png
PartB_01846,/root/autodl-tmp/helmet_yolo_v10/images/train/PartB_01846.jpg,.jpg,defocus_blur,2,3920359489,PartB_01846__A1C__defocus_blur__s2.png
PartB_01847,/root/autodl-tmp/helmet_yolo_v10/images/train/PartB_01847.jpg,.jpg,pixelate,1,1804955376,PartB_01847__A1C__pixelate__s1.png
PartB_01848,/root/autodl-tmp/helmet_yolo_v10/images/train/PartB_01848.jpg,.jpg,jpeg_compression,1,166948150,PartB_01848__A1C__jpeg_compression__s1.png
PartB_01849,/root/autodl-tmp/helmet_yolo_v10/images/train/PartB_01849.jpg,.jpg,gaussian_noise,3,2726632765,PartB_01849__A1C__gaussian_noise__s3.png
PartB_01852,/root/autodl-tmp/helmet_yolo_v10/images/train/PartB_01852.jpg,.jpg,contrast,1,174419573,PartB_01852__A1C__contrast__s1.png
PartB_01855,/root/autodl-tmp/helmet_yolo_v10/images/train/PartB_01855.jpg,.jpg,defocus_blur,1,250522484,PartB_01855__A1C__defocus_blur__s1.png
PartB_01857,/root/autodl-tmp/helmet_yolo_v10/images/train/PartB_01857.jpg,.jpg,glass_blur,2,2098723512,PartB_01857__A1C__glass_blur__s2.png
PartB_01859,/root/autodl-tmp/helmet_yolo_v10/images/train/PartB_01859.jpg,.jpg,frost,3,1806331710,PartB_01859__A1C__frost__s3.png
PartB_01862,/root/autodl-tmp/helmet_yolo_v10/images/train/PartB_01862.jpg,.jpg,fog,3,1779657972,PartB_01862__A1C__fog__s3.png
PartB_01863,/root/autodl-tmp/helmet_yolo_v10/images/train/PartB_01863.jpg,.jpg,fog,1,972410109,PartB_01863__A1C__fog__s1.png
PartB_01864,/root/autodl-tmp/helmet_yolo_v10/images/train/PartB_01864.jpg,.jpg,glass_blur,2,1568960356,PartB_01864__A1C__glass_blur__s2.png
PartB_01868,/root/autodl-tmp/helmet_yolo_v10/images/train/PartB_01868.jpg,.jpg,frost,1,3848945246,PartB_01868__A1C__frost__s1.png
PartB_01869,/root/autodl-tmp/helmet_yolo_v10/images/train/PartB_01869.jpg,.jpg,fog,1,2857491957,PartB_01869__A1C__fog__s1.png
PartB_01872,/root/autodl-tmp/helmet_yolo_v10/images/train/PartB_01872.jpg,.jpg,zoom_blur,3,2599067645,PartB_01872__A1C__zoom_blur__s3.png
PartB_01873,/root/autodl-tmp/helmet_yolo_v10/images/train/PartB_01873.jpg,.jpg,defocus_blur,3,3326371996,PartB_01873__A1C__defocus_blur__s3.png
PartB_01874,/root/autodl-tmp/helmet_yolo_v10/images/train/PartB_01874.jpg,.jpg,pixelate,2,36130243,PartB_01874__A1C__pixelate__s2.png
PartB_01875,/root/autodl-tmp/helmet_yolo_v10/images/train/PartB_01875.jpg,.jpg,pixelate,3,476893437,PartB_01875__A1C__pixelate__s3.png
PartB_01876,/root/autodl-tmp/helmet_yolo_v10/images/train/PartB_01876.jpg,.jpg,defocus_blur,3,2737948763,PartB_01876__A1C__defocus_blur__s3.png
PartB_01877,/root/autodl-tmp/helmet_yolo_v10/images/train/PartB_01877.jpg,.jpg,pixelate,2,260295494,PartB_01877__A1C__pixelate__s2.png
PartB_01878,/root/autodl-tmp/helmet_yolo_v10/images/train/PartB_01878.jpg,.jpg,shot_noise,2,2057754550,PartB_01878__A1C__shot_noise__s2.png
PartB_01879,/root/autodl-tmp/helmet_yolo_v10/images/train/PartB_01879.jpg,.jpg,jpeg_compression,2,462088539,PartB_01879__A1C__jpeg_compression__s2.png
PartB_01880,/root/autodl-tmp/helmet_yolo_v10/images/train/PartB_01880.jpg,.jpg,defocus_blur,3,2974970980,PartB_01880__A1C__defocus_blur__s3.png
PartB_01881,/root/autodl-tmp/helmet_yolo_v10/images/train/PartB_01881.jpg,.jpg,impulse_noise,3,386416410,PartB_01881__A1C__impulse_noise__s3.png
PartB_01883,/root/autodl-tmp/helmet_yolo_v10/images/train/PartB_01883.jpg,.jpg,impulse_noise,1,994649132,PartB_01883__A1C__impulse_noise__s1.png
PartB_01884,/root/autodl-tmp/helmet_yolo_v10/images/train/PartB_01884.jpg,.jpg,defocus_blur,3,2433059337,PartB_01884__A1C__defocus_blur__s3.png
PartB_01885,/root/autodl-tmp/helmet_yolo_v10/images/train/PartB_01885.jpg,.jpg,impulse_noise,1,1785960923,PartB_01885__A1C__impulse_noise__s1.png
PartB_01887,/root/autodl-tmp/helmet_yolo_v10/images/train/PartB_01887.jpg,.jpg,defocus_blur,3,1532419229,PartB_01887__A1C__defocus_blur__s3.png
PartB_01888,/root/autodl-tmp/helmet_yolo_v10/images/train/PartB_01888.jpg,.jpg,glass_blur,1,1878630370,PartB_01888__A1C__glass_blur__s1.png
PartB_01890,/root/autodl-tmp/helmet_yolo_v10/images/train/PartB_01890.jpg,.jpg,glass_blur,3,1542615611,PartB_01890__A1C__glass_blur__s3.png
PartB_01891,/root/autodl-tmp/helmet_yolo_v10/images/train/PartB_01891.jpg,.jpg,zoom_blur,3,1102638264,PartB_01891__A1C__zoom_blur__s3.png
PartB_01894,/root/autodl-tmp/helmet_yolo_v10/images/train/PartB_01894.jpg,.jpg,shot_noise,3,370902056,PartB_01894__A1C__shot_noise__s3.png
PartB_01895,/root/autodl-tmp/helmet_yolo_v10/images/train/PartB_01895.jpg,.jpg,frost,2,3819256559,PartB_01895__A1C__frost__s2.png
PartB_01897,/root/autodl-tmp/helmet_yolo_v10/images/train/PartB_01897.jpg,.jpg,glass_blur,3,2570677855,PartB_01897__A1C__glass_blur__s3.png
PartB_01898,/root/autodl-tmp/helmet_yolo_v10/images/train/PartB_01898.jpg,.jpg,impulse_noise,2,3016726564,PartB_01898__A1C__impulse_noise__s2.png
PartB_01899,/root/autodl-tmp/helmet_yolo_v10/images/train/PartB_01899.jpg,.jpg,impulse_noise,2,3145756031,PartB_01899__A1C__impulse_noise__s2.png
PartB_01900,/root/autodl-tmp/helmet_yolo_v10/images/train/PartB_01900.jpg,.jpg,shot_noise,1,3025016127,PartB_01900__A1C__shot_noise__s1.png
PartB_01901,/root/autodl-tmp/helmet_yolo_v10/images/train/PartB_01901.jpg,.jpg,gaussian_noise,2,1029879157,PartB_01901__A1C__gaussian_noise__s2.png
PartB_01902,/root/autodl-tmp/helmet_yolo_v10/images/train/PartB_01902.jpg,.jpg,brightness,3,1208610034,PartB_01902__A1C__brightness__s3.png
PartB_01903,/root/autodl-tmp/helmet_yolo_v10/images/train/PartB_01903.jpg,.jpg,fog,2,3705093097,PartB_01903__A1C__fog__s2.png
PartB_01904,/root/autodl-tmp/helmet_yolo_v10/images/train/PartB_01904.jpg,.jpg,shot_noise,1,2371590816,PartB_01904__A1C__shot_noise__s1.png
PartB_01905,/root/autodl-tmp/helmet_yolo_v10/images/train/PartB_01905.jpg,.jpg,zoom_blur,3,3280747822,PartB_01905__A1C__zoom_blur__s3.png
PartB_01906,/root/autodl-tmp/helmet_yolo_v10/images/train/PartB_01906.jpg,.jpg,defocus_blur,2,80636545,PartB_01906__A1C__defocus_blur__s2.png
PartB_01907,/root/autodl-tmp/helmet_yolo_v10/images/train/PartB_01907.jpg,.jpg,zoom_blur,2,2236238647,PartB_01907__A1C__zoom_blur__s2.png
PartB_01908,/root/autodl-tmp/helmet_yolo_v10/images/train/PartB_01908.jpg,.jpg,contrast,1,291728747,PartB_01908__A1C__contrast__s1.png
PartB_01910,/root/autodl-tmp/helmet_yolo_v10/images/train/PartB_01910.jpg,.jpg,defocus_blur,1,811288998,PartB_01910__A1C__defocus_blur__s1.png
PartB_01912,/root/autodl-tmp/helmet_yolo_v10/images/train/PartB_01912.jpg,.jpg,shot_noise,2,4185238470,PartB_01912__A1C__shot_noise__s2.png
PartB_01913,/root/autodl-tmp/helmet_yolo_v10/images/train/PartB_01913.jpg,.jpg,shot_noise,3,3997268267,PartB_01913__A1C__shot_noise__s3.png
PartB_01914,/root/autodl-tmp/helmet_yolo_v10/images/train/PartB_01914.jpg,.jpg,pixelate,3,3978278010,PartB_01914__A1C__pixelate__s3.png
PartB_01915,/root/autodl-tmp/helmet_yolo_v10/images/train/PartB_01915.jpg,.jpg,fog,3,2227982283,PartB_01915__A1C__fog__s3.png
PartB_01916,/root/autodl-tmp/helmet_yolo_v10/images/train/PartB_01916.jpg,.jpg,snow,3,967768134,PartB_01916__A1C__snow__s3.png
PartB_01917,/root/autodl-tmp/helmet_yolo_v10/images/train/PartB_01917.jpg,.jpg,frost,3,1432215855,PartB_01917__A1C__frost__s3.png
PartB_01919,/root/autodl-tmp/helmet_yolo_v10/images/train/PartB_01919.jpg,.jpg,frost,3,2148478832,PartB_01919__A1C__frost__s3.png
PartB_01920,/root/autodl-tmp/helmet_yolo_v10/images/train/PartB_01920.jpg,.jpg,gaussian_noise,3,1382753618,PartB_01920__A1C__gaussian_noise__s3.png
PartB_01922,/root/autodl-tmp/helmet_yolo_v10/images/train/PartB_01922.jpg,.jpg,pixelate,2,84506073,PartB_01922__A1C__pixelate__s2.png
PartB_01923,/root/autodl-tmp/helmet_yolo_v10/images/train/PartB_01923.jpg,.jpg,impulse_noise,2,2772055089,PartB_01923__A1C__impulse_noise__s2.png
PartB_01924,/root/autodl-tmp/helmet_yolo_v10/images/train/PartB_01924.jpg,.jpg,motion_blur,2,3830697106,PartB_01924__A1C__motion_blur__s2.png
PartB_01926,/root/autodl-tmp/helmet_yolo_v10/images/train/PartB_01926.jpg,.jpg,zoom_blur,2,3255224430,PartB_01926__A1C__zoom_blur__s2.png
PartB_01928,/root/autodl-tmp/helmet_yolo_v10/images/train/PartB_01928.jpg,.jpg,glass_blur,3,471031021,PartB_01928__A1C__glass_blur__s3.png
PartB_01929,/root/autodl-tmp/helmet_yolo_v10/images/train/PartB_01929.jpg,.jpg,brightness,2,3599611087,PartB_01929__A1C__brightness__s2.png
PartB_01930,/root/autodl-tmp/helmet_yolo_v10/images/train/PartB_01930.jpg,.jpg,jpeg_compression,2,321277350,PartB_01930__A1C__jpeg_compression__s2.png
PartB_01931,/root/autodl-tmp/helmet_yolo_v10/images/train/PartB_01931.jpg,.jpg,snow,1,189705902,PartB_01931__A1C__snow__s1.png
PartB_01934,/root/autodl-tmp/helmet_yolo_v10/images/train/PartB_01934.jpg,.jpg,defocus_blur,2,2224097515,PartB_01934__A1C__defocus_blur__s2.png
PartB_01935,/root/autodl-tmp/helmet_yolo_v10/images/train/PartB_01935.jpg,.jpg,motion_blur,3,1620298461,PartB_01935__A1C__motion_blur__s3.png
PartB_01937,/root/autodl-tmp/helmet_yolo_v10/images/train/PartB_01937.jpg,.jpg,pixelate,3,920711870,PartB_01937__A1C__pixelate__s3.png
PartB_01938,/root/autodl-tmp/helmet_yolo_v10/images/train/PartB_01938.jpg,.jpg,impulse_noise,3,707795786,PartB_01938__A1C__impulse_noise__s3.png
PartB_01939,/root/autodl-tmp/helmet_yolo_v10/images/train/PartB_01939.jpg,.jpg,contrast,2,2954464571,PartB_01939__A1C__contrast__s2.png
PartB_01940,/root/autodl-tmp/helmet_yolo_v10/images/train/PartB_01940.jpg,.jpg,shot_noise,3,1629778634,PartB_01940__A1C__shot_noise__s3.png
PartB_01941,/root/autodl-tmp/helmet_yolo_v10/images/train/PartB_01941.jpg,.jpg,impulse_noise,3,3888538698,PartB_01941__A1C__impulse_noise__s3.png
PartB_01942,/root/autodl-tmp/helmet_yolo_v10/images/train/PartB_01942.jpg,.jpg,defocus_blur,3,1490038655,PartB_01942__A1C__defocus_blur__s3.png
PartB_01943,/root/autodl-tmp/helmet_yolo_v10/images/train/PartB_01943.jpg,.jpg,motion_blur,1,336411866,PartB_01943__A1C__motion_blur__s1.png
PartB_01944,/root/autodl-tmp/helmet_yolo_v10/images/train/PartB_01944.jpg,.jpg,glass_blur,2,3813892217,PartB_01944__A1C__glass_blur__s2.png
PartB_01945,/root/autodl-tmp/helmet_yolo_v10/images/train/PartB_01945.jpg,.jpg,frost,3,824717473,PartB_01945__A1C__frost__s3.png
PartB_01947,/root/autodl-tmp/helmet_yolo_v10/images/train/PartB_01947.jpg,.jpg,shot_noise,1,387804667,PartB_01947__A1C__shot_noise__s1.png
PartB_01948,/root/autodl-tmp/helmet_yolo_v10/images/train/PartB_01948.jpg,.jpg,contrast,1,821239029,PartB_01948__A1C__contrast__s1.png
PartB_01949,/root/autodl-tmp/helmet_yolo_v10/images/train/PartB_01949.jpg,.jpg,brightness,1,716985054,PartB_01949__A1C__brightness__s1.png
PartB_01953,/root/autodl-tmp/helmet_yolo_v10/images/train/PartB_01953.jpg,.jpg,gaussian_noise,3,760046749,PartB_01953__A1C__gaussian_noise__s3.png
PartB_01954,/root/autodl-tmp/helmet_yolo_v10/images/train/PartB_01954.jpg,.jpg,gaussian_noise,3,474692444,PartB_01954__A1C__gaussian_noise__s3.png
PartB_01956,/root/autodl-tmp/helmet_yolo_v10/images/train/PartB_01956.jpg,.jpg,impulse_noise,2,1474093234,PartB_01956__A1C__impulse_noise__s2.png
PartB_01957,/root/autodl-tmp/helmet_yolo_v10/images/train/PartB_01957.jpg,.jpg,shot_noise,2,203780822,PartB_01957__A1C__shot_noise__s2.png
PartB_01958,/root/autodl-tmp/helmet_yolo_v10/images/train/PartB_01958.jpg,.jpg,snow,3,2785399526,PartB_01958__A1C__snow__s3.png
PartB_01960,/root/autodl-tmp/helmet_yolo_v10/images/train/PartB_01960.jpg,.jpg,jpeg_compression,1,3691716740,PartB_01960__A1C__jpeg_compression__s1.png
PartB_01961,/root/autodl-tmp/helmet_yolo_v10/images/train/PartB_01961.jpg,.jpg,fog,2,195388161,PartB_01961__A1C__fog__s2.png
PartB_01963,/root/autodl-tmp/helmet_yolo_v10/images/train/PartB_01963.jpg,.jpg,impulse_noise,3,3354689955,PartB_01963__A1C__impulse_noise__s3.png
PartB_01965,/root/autodl-tmp/helmet_yolo_v10/images/train/PartB_01965.jpg,.jpg,frost,2,3395961898,PartB_01965__A1C__frost__s2.png
PartB_01967,/root/autodl-tmp/helmet_yolo_v10/images/train/PartB_01967.jpg,.jpg,glass_blur,1,999340967,PartB_01967__A1C__glass_blur__s1.png
PartB_01968,/root/autodl-tmp/helmet_yolo_v10/images/train/PartB_01968.jpg,.jpg,jpeg_compression,3,1197734516,PartB_01968__A1C__jpeg_compression__s3.png
PartB_01969,/root/autodl-tmp/helmet_yolo_v10/images/train/PartB_01969.jpg,.jpg,snow,2,1894581775,PartB_01969__A1C__snow__s2.png
PartB_01970,/root/autodl-tmp/helmet_yolo_v10/images/train/PartB_01970.jpg,.jpg,glass_blur,1,2935816768,PartB_01970__A1C__glass_blur__s1.png
PartB_01971,/root/autodl-tmp/helmet_yolo_v10/images/train/PartB_01971.jpg,.jpg,motion_blur,3,998481520,PartB_01971__A1C__motion_blur__s3.png
PartB_01972,/root/autodl-tmp/helmet_yolo_v10/images/train/PartB_01972.jpg,.jpg,defocus_blur,3,1313100599,PartB_01972__A1C__defocus_blur__s3.png
PartB_01973,/root/autodl-tmp/helmet_yolo_v10/images/train/PartB_01973.jpg,.jpg,shot_noise,1,3033219396,PartB_01973__A1C__shot_noise__s1.png
PartB_01974,/root/autodl-tmp/helmet_yolo_v10/images/train/PartB_01974.jpg,.jpg,gaussian_noise,2,1998506342,PartB_01974__A1C__gaussian_noise__s2.png
PartB_01975,/root/autodl-tmp/helmet_yolo_v10/images/train/PartB_01975.jpg,.jpg,gaussian_noise,1,3752366815,PartB_01975__A1C__gaussian_noise__s1.png
PartB_01977,/root/autodl-tmp/helmet_yolo_v10/images/train/PartB_01977.jpg,.jpg,defocus_blur,3,263887515,PartB_01977__A1C__defocus_blur__s3.png
PartB_01978,/root/autodl-tmp/helmet_yolo_v10/images/train/PartB_01978.jpg,.jpg,contrast,2,1035208287,PartB_01978__A1C__contrast__s2.png
PartB_01980,/root/autodl-tmp/helmet_yolo_v10/images/train/PartB_01980.jpg,.jpg,contrast,3,1689596099,PartB_01980__A1C__contrast__s3.png
PartB_01981,/root/autodl-tmp/helmet_yolo_v10/images/train/PartB_01981.jpg,.jpg,brightness,1,338418932,PartB_01981__A1C__brightness__s1.png
PartB_01983,/root/autodl-tmp/helmet_yolo_v10/images/train/PartB_01983.jpg,.jpg,motion_blur,1,4273950831,PartB_01983__A1C__motion_blur__s1.png
PartB_01984,/root/autodl-tmp/helmet_yolo_v10/images/train/PartB_01984.jpg,.jpg,glass_blur,2,725848641,PartB_01984__A1C__glass_blur__s2.png
PartB_01985,/root/autodl-tmp/helmet_yolo_v10/images/train/PartB_01985.jpg,.jpg,glass_blur,1,2558071793,PartB_01985__A1C__glass_blur__s1.png
PartB_01986,/root/autodl-tmp/helmet_yolo_v10/images/train/PartB_01986.jpg,.jpg,fog,3,3755681975,PartB_01986__A1C__fog__s3.png
PartB_01987,/root/autodl-tmp/helmet_yolo_v10/images/train/PartB_01987.jpg,.jpg,defocus_blur,2,187822858,PartB_01987__A1C__defocus_blur__s2.png
PartB_01988,/root/autodl-tmp/helmet_yolo_v10/images/train/PartB_01988.jpg,.jpg,gaussian_noise,2,325402407,PartB_01988__A1C__gaussian_noise__s2.png
PartB_01990,/root/autodl-tmp/helmet_yolo_v10/images/train/PartB_01990.jpg,.jpg,motion_blur,2,2050589138,PartB_01990__A1C__motion_blur__s2.png
PartB_01991,/root/autodl-tmp/helmet_yolo_v10/images/train/PartB_01991.jpg,.jpg,pixelate,1,3436687304,PartB_01991__A1C__pixelate__s1.png
PartB_01993,/root/autodl-tmp/helmet_yolo_v10/images/train/PartB_01993.jpg,.jpg,brightness,1,110056367,PartB_01993__A1C__brightness__s1.png
PartB_01994,/root/autodl-tmp/helmet_yolo_v10/images/train/PartB_01994.jpg,.jpg,frost,1,3037670279,PartB_01994__A1C__frost__s1.png
PartB_01997,/root/autodl-tmp/helmet_yolo_v10/images/train/PartB_01997.jpg,.jpg,frost,3,3003421024,PartB_01997__A1C__frost__s3.png
PartB_02000,/root/autodl-tmp/helmet_yolo_v10/images/train/PartB_02000.jpg,.jpg,glass_blur,3,1574946675,PartB_02000__A1C__glass_blur__s3.png
PartB_02002,/root/autodl-tmp/helmet_yolo_v10/images/train/PartB_02002.jpg,.jpg,gaussian_noise,3,1155751699,PartB_02002__A1C__gaussian_noise__s3.png
PartB_02004,/root/autodl-tmp/helmet_yolo_v10/images/train/PartB_02004.jpg,.jpg,motion_blur,3,178083925,PartB_02004__A1C__motion_blur__s3.png
PartB_02006,/root/autodl-tmp/helmet_yolo_v10/images/train/PartB_02006.jpg,.jpg,glass_blur,3,3322789107,PartB_02006__A1C__glass_blur__s3.png
PartB_02007,/root/autodl-tmp/helmet_yolo_v10/images/train/PartB_02007.jpg,.jpg,defocus_blur,3,1413433816,PartB_02007__A1C__defocus_blur__s3.png
PartB_02008,/root/autodl-tmp/helmet_yolo_v10/images/train/PartB_02008.jpg,.jpg,fog,3,4085811488,PartB_02008__A1C__fog__s3.png
PartB_02009,/root/autodl-tmp/helmet_yolo_v10/images/train/PartB_02009.jpg,.jpg,shot_noise,1,3298115277,PartB_02009__A1C__shot_noise__s1.png
PartB_02014,/root/autodl-tmp/helmet_yolo_v10/images/train/PartB_02014.jpg,.jpg,shot_noise,1,691030385,PartB_02014__A1C__shot_noise__s1.png
PartB_02018,/root/autodl-tmp/helmet_yolo_v10/images/train/PartB_02018.jpg,.jpg,zoom_blur,2,688127226,PartB_02018__A1C__zoom_blur__s2.png
PartB_02019,/root/autodl-tmp/helmet_yolo_v10/images/train/PartB_02019.jpg,.jpg,defocus_blur,2,2892775009,PartB_02019__A1C__defocus_blur__s2.png
PartB_02020,/root/autodl-tmp/helmet_yolo_v10/images/train/PartB_02020.jpg,.jpg,shot_noise,2,3464813561,PartB_02020__A1C__shot_noise__s2.png
PartB_02021,/root/autodl-tmp/helmet_yolo_v10/images/train/PartB_02021.jpg,.jpg,brightness,2,2145416165,PartB_02021__A1C__brightness__s2.png
PartB_02022,/root/autodl-tmp/helmet_yolo_v10/images/train/PartB_02022.jpg,.jpg,zoom_blur,2,1824274969,PartB_02022__A1C__zoom_blur__s2.png
PartB_02023,/root/autodl-tmp/helmet_yolo_v10/images/train/PartB_02023.jpg,.jpg,defocus_blur,1,759806893,PartB_02023__A1C__defocus_blur__s1.png
PartB_02024,/root/autodl-tmp/helmet_yolo_v10/images/train/PartB_02024.jpg,.jpg,brightness,3,2160208493,PartB_02024__A1C__brightness__s3.png
PartB_02026,/root/autodl-tmp/helmet_yolo_v10/images/train/PartB_02026.jpg,.jpg,frost,2,1198758755,PartB_02026__A1C__frost__s2.png
PartB_02027,/root/autodl-tmp/helmet_yolo_v10/images/train/PartB_02027.jpg,.jpg,fog,2,3261398558,PartB_02027__A1C__fog__s2.png
PartB_02028,/root/autodl-tmp/helmet_yolo_v10/images/train/PartB_02028.jpg,.jpg,contrast,2,3492721973,PartB_02028__A1C__contrast__s2.png
PartB_02030,/root/autodl-tmp/helmet_yolo_v10/images/train/PartB_02030.jpg,.jpg,shot_noise,1,3760939948,PartB_02030__A1C__shot_noise__s1.png
PartB_02032,/root/autodl-tmp/helmet_yolo_v10/images/train/PartB_02032.jpg,.jpg,defocus_blur,2,1522960552,PartB_02032__A1C__defocus_blur__s2.png
PartB_02033,/root/autodl-tmp/helmet_yolo_v10/images/train/PartB_02033.jpg,.jpg,impulse_noise,3,469175038,PartB_02033__A1C__impulse_noise__s3.png
PartB_02035,/root/autodl-tmp/helmet_yolo_v10/images/train/PartB_02035.jpg,.jpg,glass_blur,1,1502700858,PartB_02035__A1C__glass_blur__s1.png
PartB_02036,/root/autodl-tmp/helmet_yolo_v10/images/train/PartB_02036.jpg,.jpg,pixelate,1,3908498411,PartB_02036__A1C__pixelate__s1.png
PartB_02037,/root/autodl-tmp/helmet_yolo_v10/images/train/PartB_02037.jpg,.jpg,fog,1,3537695527,PartB_02037__A1C__fog__s1.png
PartB_02038,/root/autodl-tmp/helmet_yolo_v10/images/train/PartB_02038.jpg,.jpg,contrast,1,253914146,PartB_02038__A1C__contrast__s1.png
PartB_02039,/root/autodl-tmp/helmet_yolo_v10/images/train/PartB_02039.jpg,.jpg,zoom_blur,1,802018996,PartB_02039__A1C__zoom_blur__s1.png
PartB_02040,/root/autodl-tmp/helmet_yolo_v10/images/train/PartB_02040.jpg,.jpg,impulse_noise,3,2171136289,PartB_02040__A1C__impulse_noise__s3.png
PartB_02042,/root/autodl-tmp/helmet_yolo_v10/images/train/PartB_02042.jpg,.jpg,brightness,2,3851493175,PartB_02042__A1C__brightness__s2.png
PartB_02043,/root/autodl-tmp/helmet_yolo_v10/images/train/PartB_02043.jpg,.jpg,contrast,3,734430335,PartB_02043__A1C__contrast__s3.png
PartB_02044,/root/autodl-tmp/helmet_yolo_v10/images/train/PartB_02044.jpg,.jpg,impulse_noise,3,391631447,PartB_02044__A1C__impulse_noise__s3.png
PartB_02045,/root/autodl-tmp/helmet_yolo_v10/images/train/PartB_02045.jpg,.jpg,fog,2,3072045863,PartB_02045__A1C__fog__s2.png
PartB_02046,/root/autodl-tmp/helmet_yolo_v10/images/train/PartB_02046.jpg,.jpg,impulse_noise,3,3907054224,PartB_02046__A1C__impulse_noise__s3.png
PartB_02049,/root/autodl-tmp/helmet_yolo_v10/images/train/PartB_02049.jpg,.jpg,frost,3,2994772488,PartB_02049__A1C__frost__s3.png
PartB_02050,/root/autodl-tmp/helmet_yolo_v10/images/train/PartB_02050.jpg,.jpg,shot_noise,3,3528475091,PartB_02050__A1C__shot_noise__s3.png
PartB_02051,/root/autodl-tmp/helmet_yolo_v10/images/train/PartB_02051.jpg,.jpg,snow,2,3935480197,PartB_02051__A1C__snow__s2.png
PartB_02052,/root/autodl-tmp/helmet_yolo_v10/images/train/PartB_02052.jpg,.jpg,frost,2,2341975842,PartB_02052__A1C__frost__s2.png
PartB_02053,/root/autodl-tmp/helmet_yolo_v10/images/train/PartB_02053.jpg,.jpg,brightness,2,963757440,PartB_02053__A1C__brightness__s2.png
PartB_02054,/root/autodl-tmp/helmet_yolo_v10/images/train/PartB_02054.jpg,.jpg,motion_blur,2,3200205514,PartB_02054__A1C__motion_blur__s2.png
PartB_02055,/root/autodl-tmp/helmet_yolo_v10/images/train/PartB_02055.jpg,.jpg,shot_noise,3,2189530539,PartB_02055__A1C__shot_noise__s3.png
PartB_02056,/root/autodl-tmp/helmet_yolo_v10/images/train/PartB_02056.jpg,.jpg,impulse_noise,3,1907820690,PartB_02056__A1C__impulse_noise__s3.png
PartB_02057,/root/autodl-tmp/helmet_yolo_v10/images/train/PartB_02057.jpg,.jpg,pixelate,3,2078118889,PartB_02057__A1C__pixelate__s3.png
PartB_02059,/root/autodl-tmp/helmet_yolo_v10/images/train/PartB_02059.jpg,.jpg,jpeg_compression,3,1783553405,PartB_02059__A1C__jpeg_compression__s3.png
PartB_02060,/root/autodl-tmp/helmet_yolo_v10/images/train/PartB_02060.jpg,.jpg,pixelate,1,1794527725,PartB_02060__A1C__pixelate__s1.png
PartB_02062,/root/autodl-tmp/helmet_yolo_v10/images/train/PartB_02062.jpg,.jpg,shot_noise,1,3803553392,PartB_02062__A1C__shot_noise__s1.png
PartB_02063,/root/autodl-tmp/helmet_yolo_v10/images/train/PartB_02063.jpg,.jpg,zoom_blur,1,306261946,PartB_02063__A1C__zoom_blur__s1.png
PartB_02064,/root/autodl-tmp/helmet_yolo_v10/images/train/PartB_02064.jpg,.jpg,zoom_blur,2,3489431484,PartB_02064__A1C__zoom_blur__s2.png
PartB_02067,/root/autodl-tmp/helmet_yolo_v10/images/train/PartB_02067.jpg,.jpg,gaussian_noise,3,43720247,PartB_02067__A1C__gaussian_noise__s3.png
PartB_02068,/root/autodl-tmp/helmet_yolo_v10/images/train/PartB_02068.jpg,.jpg,brightness,1,2260640501,PartB_02068__A1C__brightness__s1.png
PartB_02069,/root/autodl-tmp/helmet_yolo_v10/images/train/PartB_02069.jpg,.jpg,snow,1,747856101,PartB_02069__A1C__snow__s1.png
PartB_02070,/root/autodl-tmp/helmet_yolo_v10/images/train/PartB_02070.jpg,.jpg,gaussian_noise,2,1697727627,PartB_02070__A1C__gaussian_noise__s2.png
PartB_02071,/root/autodl-tmp/helmet_yolo_v10/images/train/PartB_02071.jpg,.jpg,snow,3,1450728035,PartB_02071__A1C__snow__s3.png
PartB_02072,/root/autodl-tmp/helmet_yolo_v10/images/train/PartB_02072.jpg,.jpg,jpeg_compression,3,1802412981,PartB_02072__A1C__jpeg_compression__s3.png
PartB_02073,/root/autodl-tmp/helmet_yolo_v10/images/train/PartB_02073.jpg,.jpg,jpeg_compression,1,2420963165,PartB_02073__A1C__jpeg_compression__s1.png
PartB_02074,/root/autodl-tmp/helmet_yolo_v10/images/train/PartB_02074.jpg,.jpg,brightness,1,1005931289,PartB_02074__A1C__brightness__s1.png
PartB_02075,/root/autodl-tmp/helmet_yolo_v10/images/train/PartB_02075.jpg,.jpg,zoom_blur,2,3196476024,PartB_02075__A1C__zoom_blur__s2.png
PartB_02076,/root/autodl-tmp/helmet_yolo_v10/images/train/PartB_02076.jpg,.jpg,jpeg_compression,1,133206809,PartB_02076__A1C__jpeg_compression__s1.png
PartB_02078,/root/autodl-tmp/helmet_yolo_v10/images/train/PartB_02078.jpg,.jpg,impulse_noise,2,1062213385,PartB_02078__A1C__impulse_noise__s2.png
PartB_02081,/root/autodl-tmp/helmet_yolo_v10/images/train/PartB_02081.jpg,.jpg,zoom_blur,3,2438639816,PartB_02081__A1C__zoom_blur__s3.png
PartB_02082,/root/autodl-tmp/helmet_yolo_v10/images/train/PartB_02082.jpg,.jpg,snow,3,3087336147,PartB_02082__A1C__snow__s3.png
PartB_02083,/root/autodl-tmp/helmet_yolo_v10/images/train/PartB_02083.jpg,.jpg,impulse_noise,2,1343261293,PartB_02083__A1C__impulse_noise__s2.png
PartB_02084,/root/autodl-tmp/helmet_yolo_v10/images/train/PartB_02084.jpg,.jpg,defocus_blur,2,2944607328,PartB_02084__A1C__defocus_blur__s2.png
PartB_02086,/root/autodl-tmp/helmet_yolo_v10/images/train/PartB_02086.jpg,.jpg,defocus_blur,3,3718516144,PartB_02086__A1C__defocus_blur__s3.png
PartB_02087,/root/autodl-tmp/helmet_yolo_v10/images/train/PartB_02087.jpg,.jpg,zoom_blur,3,3728708984,PartB_02087__A1C__zoom_blur__s3.png
PartB_02088,/root/autodl-tmp/helmet_yolo_v10/images/train/PartB_02088.jpg,.jpg,motion_blur,2,2085658572,PartB_02088__A1C__motion_blur__s2.png
PartB_02089,/root/autodl-tmp/helmet_yolo_v10/images/train/PartB_02089.jpg,.jpg,motion_blur,3,2412558705,PartB_02089__A1C__motion_blur__s3.png
PartB_02090,/root/autodl-tmp/helmet_yolo_v10/images/train/PartB_02090.jpg,.jpg,gaussian_noise,3,1994214834,PartB_02090__A1C__gaussian_noise__s3.png
PartB_02091,/root/autodl-tmp/helmet_yolo_v10/images/train/PartB_02091.jpg,.jpg,snow,2,2676054521,PartB_02091__A1C__snow__s2.png
PartB_02092,/root/autodl-tmp/helmet_yolo_v10/images/train/PartB_02092.jpg,.jpg,contrast,2,1833562096,PartB_02092__A1C__contrast__s2.png
PartB_02093,/root/autodl-tmp/helmet_yolo_v10/images/train/PartB_02093.jpg,.jpg,defocus_blur,2,898194873,PartB_02093__A1C__defocus_blur__s2.png
PartB_02095,/root/autodl-tmp/helmet_yolo_v10/images/train/PartB_02095.jpg,.jpg,gaussian_noise,1,3145719874,PartB_02095__A1C__gaussian_noise__s1.png
PartB_02097,/root/autodl-tmp/helmet_yolo_v10/images/train/PartB_02097.jpg,.jpg,pixelate,3,3428134212,PartB_02097__A1C__pixelate__s3.png
PartB_02098,/root/autodl-tmp/helmet_yolo_v10/images/train/PartB_02098.jpg,.jpg,glass_blur,2,3609502901,PartB_02098__A1C__glass_blur__s2.png
PartB_02099,/root/autodl-tmp/helmet_yolo_v10/images/train/PartB_02099.jpg,.jpg,motion_blur,3,3923608842,PartB_02099__A1C__motion_blur__s3.png
PartB_02100,/root/autodl-tmp/helmet_yolo_v10/images/train/PartB_02100.jpg,.jpg,gaussian_noise,1,2925160260,PartB_02100__A1C__gaussian_noise__s1.png
PartB_02101,/root/autodl-tmp/helmet_yolo_v10/images/train/PartB_02101.jpg,.jpg,glass_blur,2,319024771,PartB_02101__A1C__glass_blur__s2.png
PartB_02102,/root/autodl-tmp/helmet_yolo_v10/images/train/PartB_02102.jpg,.jpg,gaussian_noise,1,1025045424,PartB_02102__A1C__gaussian_noise__s1.png
PartB_02104,/root/autodl-tmp/helmet_yolo_v10/images/train/PartB_02104.jpg,.jpg,pixelate,2,3214140568,PartB_02104__A1C__pixelate__s2.png
PartB_02105,/root/autodl-tmp/helmet_yolo_v10/images/train/PartB_02105.jpg,.jpg,impulse_noise,3,2135407048,PartB_02105__A1C__impulse_noise__s3.png
PartB_02106,/root/autodl-tmp/helmet_yolo_v10/images/train/PartB_02106.jpg,.jpg,shot_noise,3,3132271790,PartB_02106__A1C__shot_noise__s3.png
PartB_02107,/root/autodl-tmp/helmet_yolo_v10/images/train/PartB_02107.jpg,.jpg,impulse_noise,1,3805106143,PartB_02107__A1C__impulse_noise__s1.png
PartB_02109,/root/autodl-tmp/helmet_yolo_v10/images/train/PartB_02109.jpg,.jpg,impulse_noise,2,1585032805,PartB_02109__A1C__impulse_noise__s2.png
PartB_02111,/root/autodl-tmp/helmet_yolo_v10/images/train/PartB_02111.jpg,.jpg,pixelate,2,2350392274,PartB_02111__A1C__pixelate__s2.png
PartB_02112,/root/autodl-tmp/helmet_yolo_v10/images/train/PartB_02112.jpg,.jpg,brightness,3,1985041740,PartB_02112__A1C__brightness__s3.png
PartB_02113,/root/autodl-tmp/helmet_yolo_v10/images/train/PartB_02113.jpg,.jpg,brightness,2,762997995,PartB_02113__A1C__brightness__s2.png
PartB_02115,/root/autodl-tmp/helmet_yolo_v10/images/train/PartB_02115.jpg,.jpg,snow,2,3621724023,PartB_02115__A1C__snow__s2.png
PartB_02116,/root/autodl-tmp/helmet_yolo_v10/images/train/PartB_02116.jpg,.jpg,fog,1,3647074542,PartB_02116__A1C__fog__s1.png
PartB_02118,/root/autodl-tmp/helmet_yolo_v10/images/train/PartB_02118.jpg,.jpg,gaussian_noise,3,2383327100,PartB_02118__A1C__gaussian_noise__s3.png
PartB_02119,/root/autodl-tmp/helmet_yolo_v10/images/train/PartB_02119.jpg,.jpg,motion_blur,1,607239696,PartB_02119__A1C__motion_blur__s1.png
PartB_02120,/root/autodl-tmp/helmet_yolo_v10/images/train/PartB_02120.jpg,.jpg,frost,3,2937379140,PartB_02120__A1C__frost__s3.png
PartB_02121,/root/autodl-tmp/helmet_yolo_v10/images/train/PartB_02121.jpg,.jpg,gaussian_noise,2,731881133,PartB_02121__A1C__gaussian_noise__s2.png
PartB_02123,/root/autodl-tmp/helmet_yolo_v10/images/train/PartB_02123.jpg,.jpg,snow,3,2846451738,PartB_02123__A1C__snow__s3.png
PartB_02125,/root/autodl-tmp/helmet_yolo_v10/images/train/PartB_02125.jpg,.jpg,motion_blur,2,3567848290,PartB_02125__A1C__motion_blur__s2.png
PartB_02126,/root/autodl-tmp/helmet_yolo_v10/images/train/PartB_02126.jpg,.jpg,pixelate,1,4015443928,PartB_02126__A1C__pixelate__s1.png
PartB_02129,/root/autodl-tmp/helmet_yolo_v10/images/train/PartB_02129.jpg,.jpg,zoom_blur,3,977428041,PartB_02129__A1C__zoom_blur__s3.png
PartB_02130,/root/autodl-tmp/helmet_yolo_v10/images/train/PartB_02130.jpg,.jpg,glass_blur,2,991336039,PartB_02130__A1C__glass_blur__s2.png
PartB_02132,/root/autodl-tmp/helmet_yolo_v10/images/train/PartB_02132.jpg,.jpg,brightness,2,2289977403,PartB_02132__A1C__brightness__s2.png
PartB_02134,/root/autodl-tmp/helmet_yolo_v10/images/train/PartB_02134.jpg,.jpg,contrast,3,1064513783,PartB_02134__A1C__contrast__s3.png
PartB_02135,/root/autodl-tmp/helmet_yolo_v10/images/train/PartB_02135.jpg,.jpg,defocus_blur,3,3637781092,PartB_02135__A1C__defocus_blur__s3.png
PartB_02136,/root/autodl-tmp/helmet_yolo_v10/images/train/PartB_02136.jpg,.jpg,pixelate,3,1056621596,PartB_02136__A1C__pixelate__s3.png
PartB_02139,/root/autodl-tmp/helmet_yolo_v10/images/train/PartB_02139.jpg,.jpg,snow,3,26137417,PartB_02139__A1C__snow__s3.png
PartB_02140,/root/autodl-tmp/helmet_yolo_v10/images/train/PartB_02140.jpg,.jpg,shot_noise,3,1152125761,PartB_02140__A1C__shot_noise__s3.png
PartB_02141,/root/autodl-tmp/helmet_yolo_v10/images/train/PartB_02141.jpg,.jpg,glass_blur,3,3261811827,PartB_02141__A1C__glass_blur__s3.png
PartB_02142,/root/autodl-tmp/helmet_yolo_v10/images/train/PartB_02142.jpg,.jpg,zoom_blur,2,3372876403,PartB_02142__A1C__zoom_blur__s2.png
PartB_02145,/root/autodl-tmp/helmet_yolo_v10/images/train/PartB_02145.jpg,.jpg,frost,1,617074837,PartB_02145__A1C__frost__s1.png
PartB_02148,/root/autodl-tmp/helmet_yolo_v10/images/train/PartB_02148.jpg,.jpg,zoom_blur,1,3507414961,PartB_02148__A1C__zoom_blur__s1.png
PartB_02149,/root/autodl-tmp/helmet_yolo_v10/images/train/PartB_02149.jpg,.jpg,motion_blur,2,2212962617,PartB_02149__A1C__motion_blur__s2.png
PartB_02150,/root/autodl-tmp/helmet_yolo_v10/images/train/PartB_02150.jpg,.jpg,gaussian_noise,3,3043057909,PartB_02150__A1C__gaussian_noise__s3.png
PartB_02153,/root/autodl-tmp/helmet_yolo_v10/images/train/PartB_02153.jpg,.jpg,impulse_noise,2,2921390101,PartB_02153__A1C__impulse_noise__s2.png
PartB_02155,/root/autodl-tmp/helmet_yolo_v10/images/train/PartB_02155.jpg,.jpg,frost,3,1991106446,PartB_02155__A1C__frost__s3.png
PartB_02158,/root/autodl-tmp/helmet_yolo_v10/images/train/PartB_02158.jpg,.jpg,contrast,2,94292144,PartB_02158__A1C__contrast__s2.png
PartB_02161,/root/autodl-tmp/helmet_yolo_v10/images/train/PartB_02161.jpg,.jpg,jpeg_compression,1,1563171074,PartB_02161__A1C__jpeg_compression__s1.png
PartB_02162,/root/autodl-tmp/helmet_yolo_v10/images/train/PartB_02162.jpg,.jpg,gaussian_noise,1,2695413184,PartB_02162__A1C__gaussian_noise__s1.png
PartB_02164,/root/autodl-tmp/helmet_yolo_v10/images/train/PartB_02164.jpg,.jpg,impulse_noise,2,454048339,PartB_02164__A1C__impulse_noise__s2.png
PartB_02165,/root/autodl-tmp/helmet_yolo_v10/images/train/PartB_02165.jpg,.jpg,defocus_blur,3,4219112529,PartB_02165__A1C__defocus_blur__s3.png
PartB_02166,/root/autodl-tmp/helmet_yolo_v10/images/train/PartB_02166.jpg,.jpg,gaussian_noise,1,2096607042,PartB_02166__A1C__gaussian_noise__s1.png
PartB_02167,/root/autodl-tmp/helmet_yolo_v10/images/train/PartB_02167.jpg,.jpg,fog,1,553564257,PartB_02167__A1C__fog__s1.png
PartB_02169,/root/autodl-tmp/helmet_yolo_v10/images/train/PartB_02169.jpg,.jpg,defocus_blur,1,689059607,PartB_02169__A1C__defocus_blur__s1.png
PartB_02170,/root/autodl-tmp/helmet_yolo_v10/images/train/PartB_02170.jpg,.jpg,frost,2,1326171698,PartB_02170__A1C__frost__s2.png
PartB_02171,/root/autodl-tmp/helmet_yolo_v10/images/train/PartB_02171.jpg,.jpg,zoom_blur,1,3258796939,PartB_02171__A1C__zoom_blur__s1.png
PartB_02176,/root/autodl-tmp/helmet_yolo_v10/images/train/PartB_02176.jpg,.jpg,frost,1,3331855265,PartB_02176__A1C__frost__s1.png
PartB_02177,/root/autodl-tmp/helmet_yolo_v10/images/train/PartB_02177.jpg,.jpg,motion_blur,1,2043523415,PartB_02177__A1C__motion_blur__s1.png
PartB_02178,/root/autodl-tmp/helmet_yolo_v10/images/train/PartB_02178.jpg,.jpg,impulse_noise,3,1561989001,PartB_02178__A1C__impulse_noise__s3.png
PartB_02179,/root/autodl-tmp/helmet_yolo_v10/images/train/PartB_02179.jpg,.jpg,impulse_noise,3,2687732655,PartB_02179__A1C__impulse_noise__s3.png
PartB_02180,/root/autodl-tmp/helmet_yolo_v10/images/train/PartB_02180.jpg,.jpg,impulse_noise,3,3218313032,PartB_02180__A1C__impulse_noise__s3.png
PartB_02181,/root/autodl-tmp/helmet_yolo_v10/images/train/PartB_02181.jpg,.jpg,jpeg_compression,2,3090065922,PartB_02181__A1C__jpeg_compression__s2.png
PartB_02182,/root/autodl-tmp/helmet_yolo_v10/images/train/PartB_02182.jpg,.jpg,jpeg_compression,3,59888868,PartB_02182__A1C__jpeg_compression__s3.png
PartB_02183,/root/autodl-tmp/helmet_yolo_v10/images/train/PartB_02183.jpg,.jpg,jpeg_compression,3,3602315505,PartB_02183__A1C__jpeg_compression__s3.png
PartB_02184,/root/autodl-tmp/helmet_yolo_v10/images/train/PartB_02184.jpg,.jpg,contrast,1,2370733854,PartB_02184__A1C__contrast__s1.png
PartB_02185,/root/autodl-tmp/helmet_yolo_v10/images/train/PartB_02185.jpg,.jpg,gaussian_noise,3,3828900760,PartB_02185__A1C__gaussian_noise__s3.png
PartB_02187,/root/autodl-tmp/helmet_yolo_v10/images/train/PartB_02187.jpg,.jpg,glass_blur,3,175887409,PartB_02187__A1C__glass_blur__s3.png
PartB_02188,/root/autodl-tmp/helmet_yolo_v10/images/train/PartB_02188.jpg,.jpg,fog,1,2535519491,PartB_02188__A1C__fog__s1.png
PartB_02192,/root/autodl-tmp/helmet_yolo_v10/images/train/PartB_02192.jpg,.jpg,pixelate,1,885511729,PartB_02192__A1C__pixelate__s1.png
PartB_02194,/root/autodl-tmp/helmet_yolo_v10/images/train/PartB_02194.jpg,.jpg,motion_blur,1,3994937119,PartB_02194__A1C__motion_blur__s1.png
PartB_02195,/root/autodl-tmp/helmet_yolo_v10/images/train/PartB_02195.jpg,.jpg,motion_blur,3,2788941877,PartB_02195__A1C__motion_blur__s3.png
PartB_02196,/root/autodl-tmp/helmet_yolo_v10/images/train/PartB_02196.jpg,.jpg,motion_blur,2,1111826723,PartB_02196__A1C__motion_blur__s2.png
PartB_02197,/root/autodl-tmp/helmet_yolo_v10/images/train/PartB_02197.jpg,.jpg,frost,1,952300053,PartB_02197__A1C__frost__s1.png
PartB_02198,/root/autodl-tmp/helmet_yolo_v10/images/train/PartB_02198.jpg,.jpg,pixelate,3,3243405673,PartB_02198__A1C__pixelate__s3.png
PartB_02199,/root/autodl-tmp/helmet_yolo_v10/images/train/PartB_02199.jpg,.jpg,jpeg_compression,2,2320909294,PartB_02199__A1C__jpeg_compression__s2.png
PartB_02201,/root/autodl-tmp/helmet_yolo_v10/images/train/PartB_02201.jpg,.jpg,brightness,2,3109657547,PartB_02201__A1C__brightness__s2.png
PartB_02204,/root/autodl-tmp/helmet_yolo_v10/images/train/PartB_02204.jpg,.jpg,shot_noise,3,2946117073,PartB_02204__A1C__shot_noise__s3.png
PartB_02205,/root/autodl-tmp/helmet_yolo_v10/images/train/PartB_02205.jpg,.jpg,contrast,2,1952704819,PartB_02205__A1C__contrast__s2.png
PartB_02207,/root/autodl-tmp/helmet_yolo_v10/images/train/PartB_02207.jpg,.jpg,frost,2,979407644,PartB_02207__A1C__frost__s2.png
PartB_02208,/root/autodl-tmp/helmet_yolo_v10/images/train/PartB_02208.jpg,.jpg,shot_noise,1,2032474736,PartB_02208__A1C__shot_noise__s1.png
PartB_02209,/root/autodl-tmp/helmet_yolo_v10/images/train/PartB_02209.jpg,.jpg,gaussian_noise,3,2453426190,PartB_02209__A1C__gaussian_noise__s3.png
PartB_02210,/root/autodl-tmp/helmet_yolo_v10/images/train/PartB_02210.jpg,.jpg,gaussian_noise,2,2307605680,PartB_02210__A1C__gaussian_noise__s2.png
PartB_02211,/root/autodl-tmp/helmet_yolo_v10/images/train/PartB_02211.jpg,.jpg,glass_blur,1,3703466714,PartB_02211__A1C__glass_blur__s1.png
PartB_02212,/root/autodl-tmp/helmet_yolo_v10/images/train/PartB_02212.jpg,.jpg,zoom_blur,2,1883725673,PartB_02212__A1C__zoom_blur__s2.png
PartB_02214,/root/autodl-tmp/helmet_yolo_v10/images/train/PartB_02214.jpg,.jpg,frost,1,2279840551,PartB_02214__A1C__frost__s1.png
PartB_02216,/root/autodl-tmp/helmet_yolo_v10/images/train/PartB_02216.jpg,.jpg,glass_blur,2,993297396,PartB_02216__A1C__glass_blur__s2.png
PartB_02217,/root/autodl-tmp/helmet_yolo_v10/images/train/PartB_02217.jpg,.jpg,gaussian_noise,3,2223738402,PartB_02217__A1C__gaussian_noise__s3.png
PartB_02218,/root/autodl-tmp/helmet_yolo_v10/images/train/PartB_02218.jpg,.jpg,zoom_blur,3,3385642653,PartB_02218__A1C__zoom_blur__s3.png
PartB_02219,/root/autodl-tmp/helmet_yolo_v10/images/train/PartB_02219.jpg,.jpg,snow,3,2906579735,PartB_02219__A1C__snow__s3.png
PartB_02221,/root/autodl-tmp/helmet_yolo_v10/images/train/PartB_02221.jpg,.jpg,defocus_blur,2,2279708869,PartB_02221__A1C__defocus_blur__s2.png
PartB_02225,/root/autodl-tmp/helmet_yolo_v10/images/train/PartB_02225.jpg,.jpg,shot_noise,2,3168844722,PartB_02225__A1C__shot_noise__s2.png
PartB_02226,/root/autodl-tmp/helmet_yolo_v10/images/train/PartB_02226.jpg,.jpg,defocus_blur,2,2000077983,PartB_02226__A1C__defocus_blur__s2.png
PartB_02227,/root/autodl-tmp/helmet_yolo_v10/images/train/PartB_02227.jpg,.jpg,brightness,1,804631701,PartB_02227__A1C__brightness__s1.png
PartB_02229,/root/autodl-tmp/helmet_yolo_v10/images/train/PartB_02229.jpg,.jpg,frost,1,2302074694,PartB_02229__A1C__frost__s1.png
PartB_02230,/root/autodl-tmp/helmet_yolo_v10/images/train/PartB_02230.jpg,.jpg,glass_blur,2,2179283268,PartB_02230__A1C__glass_blur__s2.png
PartB_02232,/root/autodl-tmp/helmet_yolo_v10/images/train/PartB_02232.jpg,.jpg,glass_blur,2,2482008669,PartB_02232__A1C__glass_blur__s2.png
PartB_02233,/root/autodl-tmp/helmet_yolo_v10/images/train/PartB_02233.jpg,.jpg,brightness,2,3880264779,PartB_02233__A1C__brightness__s2.png
PartB_02234,/root/autodl-tmp/helmet_yolo_v10/images/train/PartB_02234.jpg,.jpg,zoom_blur,3,1887149218,PartB_02234__A1C__zoom_blur__s3.png
PartB_02235,/root/autodl-tmp/helmet_yolo_v10/images/train/PartB_02235.jpg,.jpg,brightness,3,1924475071,PartB_02235__A1C__brightness__s3.png
PartB_02236,/root/autodl-tmp/helmet_yolo_v10/images/train/PartB_02236.jpg,.jpg,fog,3,3437986827,PartB_02236__A1C__fog__s3.png
PartB_02238,/root/autodl-tmp/helmet_yolo_v10/images/train/PartB_02238.jpg,.jpg,contrast,3,2586970364,PartB_02238__A1C__contrast__s3.png
PartB_02239,/root/autodl-tmp/helmet_yolo_v10/images/train/PartB_02239.jpg,.jpg,jpeg_compression,1,3850470992,PartB_02239__A1C__jpeg_compression__s1.png
PartB_02240,/root/autodl-tmp/helmet_yolo_v10/images/train/PartB_02240.jpg,.jpg,defocus_blur,1,409250446,PartB_02240__A1C__defocus_blur__s1.png
PartB_02241,/root/autodl-tmp/helmet_yolo_v10/images/train/PartB_02241.jpg,.jpg,glass_blur,1,3700734980,PartB_02241__A1C__glass_blur__s1.png
PartB_02242,/root/autodl-tmp/helmet_yolo_v10/images/train/PartB_02242.jpg,.jpg,impulse_noise,1,3352974112,PartB_02242__A1C__impulse_noise__s1.png
PartB_02243,/root/autodl-tmp/helmet_yolo_v10/images/train/PartB_02243.jpg,.jpg,brightness,3,2216588588,PartB_02243__A1C__brightness__s3.png
PartB_02244,/root/autodl-tmp/helmet_yolo_v10/images/train/PartB_02244.jpg,.jpg,shot_noise,1,2440244561,PartB_02244__A1C__shot_noise__s1.png
PartB_02245,/root/autodl-tmp/helmet_yolo_v10/images/train/PartB_02245.jpg,.jpg,pixelate,2,500626506,PartB_02245__A1C__pixelate__s2.png
PartB_02247,/root/autodl-tmp/helmet_yolo_v10/images/train/PartB_02247.jpg,.jpg,impulse_noise,3,2884155729,PartB_02247__A1C__impulse_noise__s3.png
PartB_02248,/root/autodl-tmp/helmet_yolo_v10/images/train/PartB_02248.jpg,.jpg,brightness,3,3603835744,PartB_02248__A1C__brightness__s3.png
PartB_02249,/root/autodl-tmp/helmet_yolo_v10/images/train/PartB_02249.jpg,.jpg,fog,2,3961532517,PartB_02249__A1C__fog__s2.png
PartB_02250,/root/autodl-tmp/helmet_yolo_v10/images/train/PartB_02250.jpg,.jpg,defocus_blur,3,1274760126,PartB_02250__A1C__defocus_blur__s3.png
PartB_02252,/root/autodl-tmp/helmet_yolo_v10/images/train/PartB_02252.jpg,.jpg,defocus_blur,2,874951502,PartB_02252__A1C__defocus_blur__s2.png
PartB_02253,/root/autodl-tmp/helmet_yolo_v10/images/train/PartB_02253.jpg,.jpg,impulse_noise,2,3292908897,PartB_02253__A1C__impulse_noise__s2.png
PartB_02254,/root/autodl-tmp/helmet_yolo_v10/images/train/PartB_02254.jpg,.jpg,frost,3,1461527939,PartB_02254__A1C__frost__s3.png
PartB_02257,/root/autodl-tmp/helmet_yolo_v10/images/train/PartB_02257.jpg,.jpg,defocus_blur,1,1959504167,PartB_02257__A1C__defocus_blur__s1.png
PartB_02258,/root/autodl-tmp/helmet_yolo_v10/images/train/PartB_02258.jpg,.jpg,frost,2,551470405,PartB_02258__A1C__frost__s2.png
PartB_02259,/root/autodl-tmp/helmet_yolo_v10/images/train/PartB_02259.jpg,.jpg,brightness,2,3940037741,PartB_02259__A1C__brightness__s2.png
PartB_02261,/root/autodl-tmp/helmet_yolo_v10/images/train/PartB_02261.jpg,.jpg,fog,1,276972556,PartB_02261__A1C__fog__s1.png
PartB_02262,/root/autodl-tmp/helmet_yolo_v10/images/train/PartB_02262.jpg,.jpg,fog,3,2040101238,PartB_02262__A1C__fog__s3.png
PartB_02263,/root/autodl-tmp/helmet_yolo_v10/images/train/PartB_02263.jpg,.jpg,brightness,3,935895423,PartB_02263__A1C__brightness__s3.png
PartB_02264,/root/autodl-tmp/helmet_yolo_v10/images/train/PartB_02264.jpg,.jpg,impulse_noise,3,3914290672,PartB_02264__A1C__impulse_noise__s3.png
PartB_02265,/root/autodl-tmp/helmet_yolo_v10/images/train/PartB_02265.jpg,.jpg,impulse_noise,3,3321844502,PartB_02265__A1C__impulse_noise__s3.png
PartB_02266,/root/autodl-tmp/helmet_yolo_v10/images/train/PartB_02266.jpg,.jpg,zoom_blur,2,826217418,PartB_02266__A1C__zoom_blur__s2.png
PartB_02268,/root/autodl-tmp/helmet_yolo_v10/images/train/PartB_02268.jpg,.jpg,frost,1,1777038621,PartB_02268__A1C__frost__s1.png
PartB_02269,/root/autodl-tmp/helmet_yolo_v10/images/train/PartB_02269.jpg,.jpg,pixelate,1,3038041464,PartB_02269__A1C__pixelate__s1.png
PartB_02270,/root/autodl-tmp/helmet_yolo_v10/images/train/PartB_02270.jpg,.jpg,defocus_blur,1,3021631774,PartB_02270__A1C__defocus_blur__s1.png
PartB_02273,/root/autodl-tmp/helmet_yolo_v10/images/train/PartB_02273.jpg,.jpg,zoom_blur,1,3774630076,PartB_02273__A1C__zoom_blur__s1.png
PartB_02275,/root/autodl-tmp/helmet_yolo_v10/images/train/PartB_02275.jpg,.jpg,frost,1,3353856241,PartB_02275__A1C__frost__s1.png
PartB_02277,/root/autodl-tmp/helmet_yolo_v10/images/train/PartB_02277.jpg,.jpg,brightness,3,3617774328,PartB_02277__A1C__brightness__s3.png
PartB_02282,/root/autodl-tmp/helmet_yolo_v10/images/train/PartB_02282.jpg,.jpg,impulse_noise,3,1735624052,PartB_02282__A1C__impulse_noise__s3.png
PartB_02283,/root/autodl-tmp/helmet_yolo_v10/images/train/PartB_02283.jpg,.jpg,snow,3,3004284233,PartB_02283__A1C__snow__s3.png
PartB_02285,/root/autodl-tmp/helmet_yolo_v10/images/train/PartB_02285.jpg,.jpg,zoom_blur,2,180033926,PartB_02285__A1C__zoom_blur__s2.png
PartB_02286,/root/autodl-tmp/helmet_yolo_v10/images/train/PartB_02286.jpg,.jpg,frost,2,352892574,PartB_02286__A1C__frost__s2.png
PartB_02288,/root/autodl-tmp/helmet_yolo_v10/images/train/PartB_02288.jpg,.jpg,impulse_noise,3,2002746676,PartB_02288__A1C__impulse_noise__s3.png
PartB_02291,/root/autodl-tmp/helmet_yolo_v10/images/train/PartB_02291.jpg,.jpg,frost,2,1353787811,PartB_02291__A1C__frost__s2.png
PartB_02292,/root/autodl-tmp/helmet_yolo_v10/images/train/PartB_02292.jpg,.jpg,gaussian_noise,3,3742275559,PartB_02292__A1C__gaussian_noise__s3.png
PartB_02294,/root/autodl-tmp/helmet_yolo_v10/images/train/PartB_02294.jpg,.jpg,gaussian_noise,1,2887870866,PartB_02294__A1C__gaussian_noise__s1.png
PartB_02295,/root/autodl-tmp/helmet_yolo_v10/images/train/PartB_02295.jpg,.jpg,motion_blur,2,944714411,PartB_02295__A1C__motion_blur__s2.png
PartB_02297,/root/autodl-tmp/helmet_yolo_v10/images/train/PartB_02297.jpg,.jpg,fog,1,1689488999,PartB_02297__A1C__fog__s1.png
PartB_02299,/root/autodl-tmp/helmet_yolo_v10/images/train/PartB_02299.jpg,.jpg,shot_noise,2,1427407486,PartB_02299__A1C__shot_noise__s2.png
PartB_02300,/root/autodl-tmp/helmet_yolo_v10/images/train/PartB_02300.jpg,.jpg,gaussian_noise,2,1928959600,PartB_02300__A1C__gaussian_noise__s2.png
PartB_02302,/root/autodl-tmp/helmet_yolo_v10/images/train/PartB_02302.jpg,.jpg,fog,3,3772874084,PartB_02302__A1C__fog__s3.png
PartB_02303,/root/autodl-tmp/helmet_yolo_v10/images/train/PartB_02303.jpg,.jpg,contrast,3,1816135212,PartB_02303__A1C__contrast__s3.png
PartB_02306,/root/autodl-tmp/helmet_yolo_v10/images/train/PartB_02306.jpg,.jpg,gaussian_noise,2,2380105647,PartB_02306__A1C__gaussian_noise__s2.png
PartB_02307,/root/autodl-tmp/helmet_yolo_v10/images/train/PartB_02307.jpg,.jpg,contrast,2,1553720233,PartB_02307__A1C__contrast__s2.png
PartB_02308,/root/autodl-tmp/helmet_yolo_v10/images/train/PartB_02308.jpg,.jpg,brightness,3,2765359966,PartB_02308__A1C__brightness__s3.png
PartB_02309,/root/autodl-tmp/helmet_yolo_v10/images/train/PartB_02309.jpg,.jpg,pixelate,2,2265012510,PartB_02309__A1C__pixelate__s2.png
PartB_02310,/root/autodl-tmp/helmet_yolo_v10/images/train/PartB_02310.jpg,.jpg,motion_blur,1,2856099400,PartB_02310__A1C__motion_blur__s1.png
PartB_02311,/root/autodl-tmp/helmet_yolo_v10/images/train/PartB_02311.jpg,.jpg,frost,3,2058257190,PartB_02311__A1C__frost__s3.png
PartB_02313,/root/autodl-tmp/helmet_yolo_v10/images/train/PartB_02313.jpg,.jpg,contrast,1,4028626602,PartB_02313__A1C__contrast__s1.png
PartB_02314,/root/autodl-tmp/helmet_yolo_v10/images/train/PartB_02314.jpg,.jpg,contrast,3,1095310571,PartB_02314__A1C__contrast__s3.png
PartB_02315,/root/autodl-tmp/helmet_yolo_v10/images/train/PartB_02315.jpg,.jpg,pixelate,3,3994267021,PartB_02315__A1C__pixelate__s3.png
PartB_02319,/root/autodl-tmp/helmet_yolo_v10/images/train/PartB_02319.jpg,.jpg,pixelate,2,37109304,PartB_02319__A1C__pixelate__s2.png
PartB_02320,/root/autodl-tmp/helmet_yolo_v10/images/train/PartB_02320.jpg,.jpg,brightness,1,1982410130,PartB_02320__A1C__brightness__s1.png
PartB_02322,/root/autodl-tmp/helmet_yolo_v10/images/train/PartB_02322.jpg,.jpg,brightness,1,777819632,PartB_02322__A1C__brightness__s1.png
PartB_02323,/root/autodl-tmp/helmet_yolo_v10/images/train/PartB_02323.jpg,.jpg,pixelate,3,3304973918,PartB_02323__A1C__pixelate__s3.png
PartB_02324,/root/autodl-tmp/helmet_yolo_v10/images/train/PartB_02324.jpg,.jpg,jpeg_compression,1,774491116,PartB_02324__A1C__jpeg_compression__s1.png
PartB_02325,/root/autodl-tmp/helmet_yolo_v10/images/train/PartB_02325.jpg,.jpg,defocus_blur,3,1404669524,PartB_02325__A1C__defocus_blur__s3.png
PartB_02326,/root/autodl-tmp/helmet_yolo_v10/images/train/PartB_02326.jpg,.jpg,impulse_noise,1,3613908652,PartB_02326__A1C__impulse_noise__s1.png
PartB_02327,/root/autodl-tmp/helmet_yolo_v10/images/train/PartB_02327.jpg,.jpg,snow,2,1474534088,PartB_02327__A1C__snow__s2.png
PartB_02328,/root/autodl-tmp/helmet_yolo_v10/images/train/PartB_02328.jpg,.jpg,motion_blur,3,3667541489,PartB_02328__A1C__motion_blur__s3.png
PartB_02329,/root/autodl-tmp/helmet_yolo_v10/images/train/PartB_02329.jpg,.jpg,impulse_noise,3,1306971354,PartB_02329__A1C__impulse_noise__s3.png
PartB_02330,/root/autodl-tmp/helmet_yolo_v10/images/train/PartB_02330.jpg,.jpg,glass_blur,3,911023006,PartB_02330__A1C__glass_blur__s3.png
PartB_02331,/root/autodl-tmp/helmet_yolo_v10/images/train/PartB_02331.jpg,.jpg,motion_blur,1,3198148574,PartB_02331__A1C__motion_blur__s1.png
PartB_02332,/root/autodl-tmp/helmet_yolo_v10/images/train/PartB_02332.jpg,.jpg,jpeg_compression,3,2890916217,PartB_02332__A1C__jpeg_compression__s3.png
PartB_02333,/root/autodl-tmp/helmet_yolo_v10/images/train/PartB_02333.jpg,.jpg,frost,1,3126502005,PartB_02333__A1C__frost__s1.png
PartB_02334,/root/autodl-tmp/helmet_yolo_v10/images/train/PartB_02334.jpg,.jpg,brightness,3,92099501,PartB_02334__A1C__brightness__s3.png
PartB_02335,/root/autodl-tmp/helmet_yolo_v10/images/train/PartB_02335.jpg,.jpg,pixelate,2,781492434,PartB_02335__A1C__pixelate__s2.png
PartB_02336,/root/autodl-tmp/helmet_yolo_v10/images/train/PartB_02336.jpg,.jpg,motion_blur,1,1771257613,PartB_02336__A1C__motion_blur__s1.png
PartB_02337,/root/autodl-tmp/helmet_yolo_v10/images/train/PartB_02337.jpg,.jpg,impulse_noise,3,1060963800,PartB_02337__A1C__impulse_noise__s3.png
PartB_02338,/root/autodl-tmp/helmet_yolo_v10/images/train/PartB_02338.jpg,.jpg,impulse_noise,2,294606245,PartB_02338__A1C__impulse_noise__s2.png
PartB_02339,/root/autodl-tmp/helmet_yolo_v10/images/train/PartB_02339.jpg,.jpg,zoom_blur,2,3732981049,PartB_02339__A1C__zoom_blur__s2.png
PartB_02340,/root/autodl-tmp/helmet_yolo_v10/images/train/PartB_02340.jpg,.jpg,zoom_blur,2,1529668241,PartB_02340__A1C__zoom_blur__s2.png
PartB_02341,/root/autodl-tmp/helmet_yolo_v10/images/train/PartB_02341.jpg,.jpg,gaussian_noise,3,2420758215,PartB_02341__A1C__gaussian_noise__s3.png
PartB_02342,/root/autodl-tmp/helmet_yolo_v10/images/train/PartB_02342.jpg,.jpg,motion_blur,2,717346107,PartB_02342__A1C__motion_blur__s2.png
PartB_02343,/root/autodl-tmp/helmet_yolo_v10/images/train/PartB_02343.jpg,.jpg,motion_blur,2,1361648362,PartB_02343__A1C__motion_blur__s2.png
PartB_02344,/root/autodl-tmp/helmet_yolo_v10/images/train/PartB_02344.jpg,.jpg,gaussian_noise,2,2922527428,PartB_02344__A1C__gaussian_noise__s2.png
PartB_02345,/root/autodl-tmp/helmet_yolo_v10/images/train/PartB_02345.jpg,.jpg,motion_blur,3,265293753,PartB_02345__A1C__motion_blur__s3.png
PartB_02347,/root/autodl-tmp/helmet_yolo_v10/images/train/PartB_02347.jpg,.jpg,impulse_noise,2,1442227615,PartB_02347__A1C__impulse_noise__s2.png
PartB_02348,/root/autodl-tmp/helmet_yolo_v10/images/train/PartB_02348.jpg,.jpg,brightness,1,3538471273,PartB_02348__A1C__brightness__s1.png
PartB_02349,/root/autodl-tmp/helmet_yolo_v10/images/train/PartB_02349.jpg,.jpg,shot_noise,2,802602034,PartB_02349__A1C__shot_noise__s2.png
PartB_02350,/root/autodl-tmp/helmet_yolo_v10/images/train/PartB_02350.jpg,.jpg,gaussian_noise,3,517421332,PartB_02350__A1C__gaussian_noise__s3.png
PartB_02351,/root/autodl-tmp/helmet_yolo_v10/images/train/PartB_02351.jpg,.jpg,pixelate,2,445572347,PartB_02351__A1C__pixelate__s2.png
PartB_02353,/root/autodl-tmp/helmet_yolo_v10/images/train/PartB_02353.jpg,.jpg,pixelate,1,1268590902,PartB_02353__A1C__pixelate__s1.png
PartB_02354,/root/autodl-tmp/helmet_yolo_v10/images/train/PartB_02354.jpg,.jpg,fog,3,1691683541,PartB_02354__A1C__fog__s3.png
PartB_02355,/root/autodl-tmp/helmet_yolo_v10/images/train/PartB_02355.jpg,.jpg,snow,2,3623952738,PartB_02355__A1C__snow__s2.png
PartB_02360,/root/autodl-tmp/helmet_yolo_v10/images/train/PartB_02360.jpg,.jpg,frost,1,3358371657,PartB_02360__A1C__frost__s1.png
PartB_02361,/root/autodl-tmp/helmet_yolo_v10/images/train/PartB_02361.jpg,.jpg,motion_blur,3,2968337651,PartB_02361__A1C__motion_blur__s3.png
PartB_02362,/root/autodl-tmp/helmet_yolo_v10/images/train/PartB_02362.jpg,.jpg,gaussian_noise,1,1965616657,PartB_02362__A1C__gaussian_noise__s1.png
PartB_02363,/root/autodl-tmp/helmet_yolo_v10/images/train/PartB_02363.jpg,.jpg,contrast,2,1929881066,PartB_02363__A1C__contrast__s2.png
PartB_02364,/root/autodl-tmp/helmet_yolo_v10/images/train/PartB_02364.jpg,.jpg,contrast,1,1632365387,PartB_02364__A1C__contrast__s1.png
PartB_02367,/root/autodl-tmp/helmet_yolo_v10/images/train/PartB_02367.jpg,.jpg,defocus_blur,2,4046558824,PartB_02367__A1C__defocus_blur__s2.png
PartB_02370,/root/autodl-tmp/helmet_yolo_v10/images/train/PartB_02370.jpg,.jpg,brightness,3,1369100382,PartB_02370__A1C__brightness__s3.png
PartB_02372,/root/autodl-tmp/helmet_yolo_v10/images/train/PartB_02372.jpg,.jpg,zoom_blur,2,4229290281,PartB_02372__A1C__zoom_blur__s2.png
PartB_02375,/root/autodl-tmp/helmet_yolo_v10/images/train/PartB_02375.jpg,.jpg,pixelate,3,807542589,PartB_02375__A1C__pixelate__s3.png
PartB_02376,/root/autodl-tmp/helmet_yolo_v10/images/train/PartB_02376.jpg,.jpg,gaussian_noise,2,2601185286,PartB_02376__A1C__gaussian_noise__s2.png
PartB_02377,/root/autodl-tmp/helmet_yolo_v10/images/train/PartB_02377.jpg,.jpg,snow,3,4228201823,PartB_02377__A1C__snow__s3.png
PartB_02379,/root/autodl-tmp/helmet_yolo_v10/images/train/PartB_02379.jpg,.jpg,gaussian_noise,3,3462381260,PartB_02379__A1C__gaussian_noise__s3.png
PartB_02380,/root/autodl-tmp/helmet_yolo_v10/images/train/PartB_02380.jpg,.jpg,glass_blur,1,948213028,PartB_02380__A1C__glass_blur__s1.png
PartB_02381,/root/autodl-tmp/helmet_yolo_v10/images/train/PartB_02381.jpg,.jpg,gaussian_noise,2,1596390838,PartB_02381__A1C__gaussian_noise__s2.png
PartB_02383,/root/autodl-tmp/helmet_yolo_v10/images/train/PartB_02383.jpg,.jpg,frost,3,1199014934,PartB_02383__A1C__frost__s3.png
PartB_02384,/root/autodl-tmp/helmet_yolo_v10/images/train/PartB_02384.jpg,.jpg,zoom_blur,1,3590754813,PartB_02384__A1C__zoom_blur__s1.png
PartB_02388,/root/autodl-tmp/helmet_yolo_v10/images/train/PartB_02388.jpg,.jpg,defocus_blur,3,1547298149,PartB_02388__A1C__defocus_blur__s3.png
PartB_02390,/root/autodl-tmp/helmet_yolo_v10/images/train/PartB_02390.jpg,.jpg,motion_blur,1,2467725440,PartB_02390__A1C__motion_blur__s1.png
PartB_02393,/root/autodl-tmp/helmet_yolo_v10/images/train/PartB_02393.jpg,.jpg,shot_noise,3,1859431076,PartB_02393__A1C__shot_noise__s3.png
PartB_02394,/root/autodl-tmp/helmet_yolo_v10/images/train/PartB_02394.jpg,.jpg,frost,3,857006221,PartB_02394__A1C__frost__s3.png
PartB_02395,/root/autodl-tmp/helmet_yolo_v10/images/train/PartB_02395.jpg,.jpg,jpeg_compression,3,4262869153,PartB_02395__A1C__jpeg_compression__s3.png
PartB_02396,/root/autodl-tmp/helmet_yolo_v10/images/train/PartB_02396.jpg,.jpg,gaussian_noise,1,1848071297,PartB_02396__A1C__gaussian_noise__s1.png
PartB_02397,/root/autodl-tmp/helmet_yolo_v10/images/train/PartB_02397.jpg,.jpg,fog,1,1951327584,PartB_02397__A1C__fog__s1.png
PartB_02399,/root/autodl-tmp/helmet_yolo_v10/images/train/PartB_02399.jpg,.jpg,defocus_blur,2,666365009,PartB_02399__A1C__defocus_blur__s2.png
PartB_02401,/root/autodl-tmp/helmet_yolo_v10/images/train/PartB_02401.jpg,.jpg,fog,3,4166609150,PartB_02401__A1C__fog__s3.png
part2_000000,/root/autodl-tmp/helmet_yolo_v10/images/train/part2_000000.jpg,.jpg,gaussian_noise,3,2676652713,part2_000000__A1C__gaussian_noise__s3.png
part2_000001,/root/autodl-tmp/helmet_yolo_v10/images/train/part2_000001.jpg,.jpg,fog,2,3485535966,part2_000001__A1C__fog__s2.png
part2_000002,/root/autodl-tmp/helmet_yolo_v10/images/train/part2_000002.jpg,.jpg,jpeg_compression,3,1600012819,part2_000002__A1C__jpeg_compression__s3.png
part2_000004,/root/autodl-tmp/helmet_yolo_v10/images/train/part2_000004.jpg,.jpg,shot_noise,2,2854552610,part2_000004__A1C__shot_noise__s2.png
part2_000005,/root/autodl-tmp/helmet_yolo_v10/images/train/part2_000005.jpg,.jpg,fog,3,2864635266,part2_000005__A1C__fog__s3.png
part2_000007,/root/autodl-tmp/helmet_yolo_v10/images/train/part2_000007.jpg,.jpg,zoom_blur,3,4293603532,part2_000007__A1C__zoom_blur__s3.png
part2_000011,/root/autodl-tmp/helmet_yolo_v10/images/train/part2_000011.jpg,.jpg,zoom_blur,3,3900663137,part2_000011__A1C__zoom_blur__s3.png
part2_000013,/root/autodl-tmp/helmet_yolo_v10/images/train/part2_000013.jpg,.jpg,motion_blur,1,3240847324,part2_000013__A1C__motion_blur__s1.png
part2_000017,/root/autodl-tmp/helmet_yolo_v10/images/train/part2_000017.jpg,.jpg,glass_blur,3,3308480479,part2_000017__A1C__glass_blur__s3.png
part2_000018,/root/autodl-tmp/helmet_yolo_v10/images/train/part2_000018.jpg,.jpg,impulse_noise,3,872159871,part2_000018__A1C__impulse_noise__s3.png
part2_000022,/root/autodl-tmp/helmet_yolo_v10/images/train/part2_000022.jpg,.jpg,frost,3,1034475214,part2_000022__A1C__frost__s3.png
part2_000025,/root/autodl-tmp/helmet_yolo_v10/images/train/part2_000025.jpg,.jpg,brightness,2,3288036278,part2_000025__A1C__brightness__s2.png
part2_000026,/root/autodl-tmp/helmet_yolo_v10/images/train/part2_000026.jpg,.jpg,pixelate,1,1390739578,part2_000026__A1C__pixelate__s1.png
part2_000036,/root/autodl-tmp/helmet_yolo_v10/images/train/part2_000036.jpg,.jpg,impulse_noise,2,63052275,part2_000036__A1C__impulse_noise__s2.png
part2_000041,/root/autodl-tmp/helmet_yolo_v10/images/train/part2_000041.jpg,.jpg,pixelate,1,2705590282,part2_000041__A1C__pixelate__s1.png
part2_000044,/root/autodl-tmp/helmet_yolo_v10/images/train/part2_000044.jpg,.jpg,frost,2,2461740549,part2_000044__A1C__frost__s2.png
part2_000045,/root/autodl-tmp/helmet_yolo_v10/images/train/part2_000045.jpg,.jpg,shot_noise,2,2644509051,part2_000045__A1C__shot_noise__s2.png
part2_000049,/root/autodl-tmp/helmet_yolo_v10/images/train/part2_000049.jpg,.jpg,gaussian_noise,2,1800757723,part2_000049__A1C__gaussian_noise__s2.png
part2_000054,/root/autodl-tmp/helmet_yolo_v10/images/train/part2_000054.jpg,.jpg,fog,1,3013515245,part2_000054__A1C__fog__s1.png
part2_000057,/root/autodl-tmp/helmet_yolo_v10/images/train/part2_000057.jpg,.jpg,impulse_noise,1,4271249585,part2_000057__A1C__impulse_noise__s1.png
part2_000059,/root/autodl-tmp/helmet_yolo_v10/images/train/part2_000059.jpg,.jpg,brightness,3,3507191594,part2_000059__A1C__brightness__s3.png
part2_000060,/root/autodl-tmp/helmet_yolo_v10/images/train/part2_000060.jpg,.jpg,defocus_blur,2,318046019,part2_000060__A1C__defocus_blur__s2.png
part2_000061,/root/autodl-tmp/helmet_yolo_v10/images/train/part2_000061.jpg,.jpg,defocus_blur,2,2846564422,part2_000061__A1C__defocus_blur__s2.png
part2_000062,/root/autodl-tmp/helmet_yolo_v10/images/train/part2_000062.jpg,.jpg,contrast,2,4214961874,part2_000062__A1C__contrast__s2.png
part2_000064,/root/autodl-tmp/helmet_yolo_v10/images/train/part2_000064.jpg,.jpg,pixelate,3,1401285306,part2_000064__A1C__pixelate__s3.png
part2_000065,/root/autodl-tmp/helmet_yolo_v10/images/train/part2_000065.jpg,.jpg,zoom_blur,2,1639410283,part2_000065__A1C__zoom_blur__s2.png
part2_000066,/root/autodl-tmp/helmet_yolo_v10/images/train/part2_000066.jpg,.jpg,pixelate,3,2941220664,part2_000066__A1C__pixelate__s3.png
part2_000067,/root/autodl-tmp/helmet_yolo_v10/images/train/part2_000067.jpg,.jpg,fog,1,877349365,part2_000067__A1C__fog__s1.png
part2_000068,/root/autodl-tmp/helmet_yolo_v10/images/train/part2_000068.jpg,.jpg,frost,3,2669546660,part2_000068__A1C__frost__s3.png
part2_000069,/root/autodl-tmp/helmet_yolo_v10/images/train/part2_000069.jpg,.jpg,snow,3,1819105995,part2_000069__A1C__snow__s3.png
part2_000072,/root/autodl-tmp/helmet_yolo_v10/images/train/part2_000072.jpg,.jpg,fog,2,1468485872,part2_000072__A1C__fog__s2.png
part2_000073,/root/autodl-tmp/helmet_yolo_v10/images/train/part2_000073.jpg,.jpg,frost,2,3912160473,part2_000073__A1C__frost__s2.png
part2_000075,/root/autodl-tmp/helmet_yolo_v10/images/train/part2_000075.jpg,.jpg,jpeg_compression,2,2409667565,part2_000075__A1C__jpeg_compression__s2.png
part2_000077,/root/autodl-tmp/helmet_yolo_v10/images/train/part2_000077.jpg,.jpg,shot_noise,2,3440354711,part2_000077__A1C__shot_noise__s2.png
part2_000079,/root/autodl-tmp/helmet_yolo_v10/images/train/part2_000079.jpg,.jpg,gaussian_noise,2,2506655394,part2_000079__A1C__gaussian_noise__s2.png
part2_000080,/root/autodl-tmp/helmet_yolo_v10/images/train/part2_000080.jpg,.jpg,zoom_blur,2,3151736815,part2_000080__A1C__zoom_blur__s2.png
part2_000084,/root/autodl-tmp/helmet_yolo_v10/images/train/part2_000084.jpg,.jpg,glass_blur,1,3654452063,part2_000084__A1C__glass_blur__s1.png
part2_000086,/root/autodl-tmp/helmet_yolo_v10/images/train/part2_000086.jpg,.jpg,shot_noise,3,4098688077,part2_000086__A1C__shot_noise__s3.png
part2_000089,/root/autodl-tmp/helmet_yolo_v10/images/train/part2_000089.jpg,.jpg,pixelate,1,2605748134,part2_000089__A1C__pixelate__s1.png
part2_000090,/root/autodl-tmp/helmet_yolo_v10/images/train/part2_000090.jpg,.jpg,impulse_noise,1,2261656611,part2_000090__A1C__impulse_noise__s1.png
part2_000094,/root/autodl-tmp/helmet_yolo_v10/images/train/part2_000094.jpg,.jpg,gaussian_noise,1,2964857045,part2_000094__A1C__gaussian_noise__s1.png
part2_000096,/root/autodl-tmp/helmet_yolo_v10/images/train/part2_000096.jpg,.jpg,glass_blur,2,1091585460,part2_000096__A1C__glass_blur__s2.png
part2_000097,/root/autodl-tmp/helmet_yolo_v10/images/train/part2_000097.jpg,.jpg,glass_blur,2,100862808,part2_000097__A1C__glass_blur__s2.png
part2_000099,/root/autodl-tmp/helmet_yolo_v10/images/train/part2_000099.jpg,.jpg,shot_noise,1,1070474824,part2_000099__A1C__shot_noise__s1.png
part2_000102,/root/autodl-tmp/helmet_yolo_v10/images/train/part2_000102.jpg,.jpg,snow,3,3406747106,part2_000102__A1C__snow__s3.png
part2_000103,/root/autodl-tmp/helmet_yolo_v10/images/train/part2_000103.jpg,.jpg,gaussian_noise,3,3564211427,part2_000103__A1C__gaussian_noise__s3.png
part2_000109,/root/autodl-tmp/helmet_yolo_v10/images/train/part2_000109.jpg,.jpg,defocus_blur,3,1668832931,part2_000109__A1C__defocus_blur__s3.png
part2_000110,/root/autodl-tmp/helmet_yolo_v10/images/train/part2_000110.jpg,.jpg,frost,1,2999054175,part2_000110__A1C__frost__s1.png
part2_000113,/root/autodl-tmp/helmet_yolo_v10/images/train/part2_000113.jpg,.jpg,contrast,3,1134949163,part2_000113__A1C__contrast__s3.png
part2_000115,/root/autodl-tmp/helmet_yolo_v10/images/train/part2_000115.jpg,.jpg,pixelate,2,3637300113,part2_000115__A1C__pixelate__s2.png
part2_000117,/root/autodl-tmp/helmet_yolo_v10/images/train/part2_000117.jpg,.jpg,motion_blur,2,2041802763,part2_000117__A1C__motion_blur__s2.png
part2_000118,/root/autodl-tmp/helmet_yolo_v10/images/train/part2_000118.jpg,.jpg,zoom_blur,1,3928555256,part2_000118__A1C__zoom_blur__s1.png
part2_000119,/root/autodl-tmp/helmet_yolo_v10/images/train/part2_000119.jpg,.jpg,frost,1,3060746163,part2_000119__A1C__frost__s1.png
part2_000122,/root/autodl-tmp/helmet_yolo_v10/images/train/part2_000122.jpg,.jpg,frost,3,3145098340,part2_000122__A1C__frost__s3.png
part2_000126,/root/autodl-tmp/helmet_yolo_v10/images/train/part2_000126.jpg,.jpg,glass_blur,2,1679504600,part2_000126__A1C__glass_blur__s2.png
part2_000129,/root/autodl-tmp/helmet_yolo_v10/images/train/part2_000129.jpg,.jpg,fog,3,2111411310,part2_000129__A1C__fog__s3.png
part2_000131,/root/autodl-tmp/helmet_yolo_v10/images/train/part2_000131.jpg,.jpg,snow,3,1225843678,part2_000131__A1C__snow__s3.png
part2_000133,/root/autodl-tmp/helmet_yolo_v10/images/train/part2_000133.jpg,.jpg,fog,1,2161787871,part2_000133__A1C__fog__s1.png
part2_000134,/root/autodl-tmp/helmet_yolo_v10/images/train/part2_000134.jpg,.jpg,fog,1,3575956048,part2_000134__A1C__fog__s1.png
part2_000135,/root/autodl-tmp/helmet_yolo_v10/images/train/part2_000135.jpg,.jpg,shot_noise,3,1042349136,part2_000135__A1C__shot_noise__s3.png
part2_000138,/root/autodl-tmp/helmet_yolo_v10/images/train/part2_000138.jpg,.jpg,shot_noise,1,1625730058,part2_000138__A1C__shot_noise__s1.png
part2_000139,/root/autodl-tmp/helmet_yolo_v10/images/train/part2_000139.jpg,.jpg,glass_blur,3,562244518,part2_000139__A1C__glass_blur__s3.png
part2_000142,/root/autodl-tmp/helmet_yolo_v10/images/train/part2_000142.jpg,.jpg,gaussian_noise,2,1367842721,part2_000142__A1C__gaussian_noise__s2.png
part2_000146,/root/autodl-tmp/helmet_yolo_v10/images/train/part2_000146.jpg,.jpg,contrast,3,684321421,part2_000146__A1C__contrast__s3.png
part2_000147,/root/autodl-tmp/helmet_yolo_v10/images/train/part2_000147.jpg,.jpg,pixelate,1,291330718,part2_000147__A1C__pixelate__s1.png
part2_000148,/root/autodl-tmp/helmet_yolo_v10/images/train/part2_000148.jpg,.jpg,motion_blur,1,2327929082,part2_000148__A1C__motion_blur__s1.png
part2_000151,/root/autodl-tmp/helmet_yolo_v10/images/train/part2_000151.jpg,.jpg,zoom_blur,2,4131453387,part2_000151__A1C__zoom_blur__s2.png
part2_000152,/root/autodl-tmp/helmet_yolo_v10/images/train/part2_000152.jpg,.jpg,jpeg_compression,3,3514013889,part2_000152__A1C__jpeg_compression__s3.png
part2_000153,/root/autodl-tmp/helmet_yolo_v10/images/train/part2_000153.jpg,.jpg,defocus_blur,1,2120420768,part2_000153__A1C__defocus_blur__s1.png
part2_000154,/root/autodl-tmp/helmet_yolo_v10/images/train/part2_000154.jpg,.jpg,fog,2,1245824501,part2_000154__A1C__fog__s2.png
part2_000155,/root/autodl-tmp/helmet_yolo_v10/images/train/part2_000155.jpg,.jpg,frost,3,1544976389,part2_000155__A1C__frost__s3.png
part2_000159,/root/autodl-tmp/helmet_yolo_v10/images/train/part2_000159.jpg,.jpg,defocus_blur,1,160449424,part2_000159__A1C__defocus_blur__s1.png
part2_000160,/root/autodl-tmp/helmet_yolo_v10/images/train/part2_000160.jpg,.jpg,snow,2,4242972083,part2_000160__A1C__snow__s2.png
part2_000162,/root/autodl-tmp/helmet_yolo_v10/images/train/part2_000162.jpg,.jpg,contrast,3,524423401,part2_000162__A1C__contrast__s3.png
part2_000163,/root/autodl-tmp/helmet_yolo_v10/images/train/part2_000163.jpg,.jpg,brightness,2,4024401812,part2_000163__A1C__brightness__s2.png
part2_000164,/root/autodl-tmp/helmet_yolo_v10/images/train/part2_000164.jpg,.jpg,gaussian_noise,1,3901708824,part2_000164__A1C__gaussian_noise__s1.png
part2_000165,/root/autodl-tmp/helmet_yolo_v10/images/train/part2_000165.jpg,.jpg,jpeg_compression,1,1370731373,part2_000165__A1C__jpeg_compression__s1.png
part2_000166,/root/autodl-tmp/helmet_yolo_v10/images/train/part2_000166.jpg,.jpg,snow,2,1068244501,part2_000166__A1C__snow__s2.png
part2_000167,/root/autodl-tmp/helmet_yolo_v10/images/train/part2_000167.jpg,.jpg,impulse_noise,1,1437911210,part2_000167__A1C__impulse_noise__s1.png
part2_000170,/root/autodl-tmp/helmet_yolo_v10/images/train/part2_000170.jpg,.jpg,defocus_blur,2,3497826804,part2_000170__A1C__defocus_blur__s2.png
part2_000171,/root/autodl-tmp/helmet_yolo_v10/images/train/part2_000171.jpg,.jpg,shot_noise,2,929030266,part2_000171__A1C__shot_noise__s2.png
part2_000172,/root/autodl-tmp/helmet_yolo_v10/images/train/part2_000172.jpg,.jpg,contrast,1,2630764637,part2_000172__A1C__contrast__s1.png
part2_000175,/root/autodl-tmp/helmet_yolo_v10/images/train/part2_000175.jpg,.jpg,defocus_blur,1,4039601712,part2_000175__A1C__defocus_blur__s1.png
part2_000178,/root/autodl-tmp/helmet_yolo_v10/images/train/part2_000178.jpg,.jpg,impulse_noise,2,3148053290,part2_000178__A1C__impulse_noise__s2.png
part2_000179,/root/autodl-tmp/helmet_yolo_v10/images/train/part2_000179.jpg,.jpg,frost,3,937189472,part2_000179__A1C__frost__s3.png
part2_000180,/root/autodl-tmp/helmet_yolo_v10/images/train/part2_000180.jpg,.jpg,fog,2,266035190,part2_000180__A1C__fog__s2.png
part2_000181,/root/autodl-tmp/helmet_yolo_v10/images/train/part2_000181.jpg,.jpg,motion_blur,1,3044667155,part2_000181__A1C__motion_blur__s1.png
part2_000183,/root/autodl-tmp/helmet_yolo_v10/images/train/part2_000183.jpg,.jpg,impulse_noise,3,111198399,part2_000183__A1C__impulse_noise__s3.png
part2_000184,/root/autodl-tmp/helmet_yolo_v10/images/train/part2_000184.jpg,.jpg,zoom_blur,2,543388192,part2_000184__A1C__zoom_blur__s2.png
part2_000185,/root/autodl-tmp/helmet_yolo_v10/images/train/part2_000185.jpg,.jpg,jpeg_compression,3,2691308297,part2_000185__A1C__jpeg_compression__s3.png
part2_000191,/root/autodl-tmp/helmet_yolo_v10/images/train/part2_000191.jpg,.jpg,pixelate,3,483228768,part2_000191__A1C__pixelate__s3.png
part2_000196,/root/autodl-tmp/helmet_yolo_v10/images/train/part2_000196.jpg,.jpg,shot_noise,3,1125402283,part2_000196__A1C__shot_noise__s3.png
part2_000200,/root/autodl-tmp/helmet_yolo_v10/images/train/part2_000200.jpg,.jpg,snow,2,929778140,part2_000200__A1C__snow__s2.png
part2_000202,/root/autodl-tmp/helmet_yolo_v10/images/train/part2_000202.jpg,.jpg,glass_blur,3,3035456648,part2_000202__A1C__glass_blur__s3.png
part2_000203,/root/autodl-tmp/helmet_yolo_v10/images/train/part2_000203.jpg,.jpg,contrast,1,680935151,part2_000203__A1C__contrast__s1.png
part2_000204,/root/autodl-tmp/helmet_yolo_v10/images/train/part2_000204.jpg,.jpg,gaussian_noise,1,2479647801,part2_000204__A1C__gaussian_noise__s1.png
part2_000207,/root/autodl-tmp/helmet_yolo_v10/images/train/part2_000207.jpg,.jpg,defocus_blur,1,2794196123,part2_000207__A1C__defocus_blur__s1.png
part2_000211,/root/autodl-tmp/helmet_yolo_v10/images/train/part2_000211.jpg,.jpg,glass_blur,1,2966538551,part2_000211__A1C__glass_blur__s1.png
part2_000217,/root/autodl-tmp/helmet_yolo_v10/images/train/part2_000217.jpg,.jpg,defocus_blur,3,465500867,part2_000217__A1C__defocus_blur__s3.png
part2_000218,/root/autodl-tmp/helmet_yolo_v10/images/train/part2_000218.jpg,.jpg,motion_blur,2,3982200585,part2_000218__A1C__motion_blur__s2.png
part2_000220,/root/autodl-tmp/helmet_yolo_v10/images/train/part2_000220.jpg,.jpg,gaussian_noise,3,3797609260,part2_000220__A1C__gaussian_noise__s3.png
part2_000221,/root/autodl-tmp/helmet_yolo_v10/images/train/part2_000221.jpg,.jpg,frost,2,632569448,part2_000221__A1C__frost__s2.png
part2_000224,/root/autodl-tmp/helmet_yolo_v10/images/train/part2_000224.jpg,.jpg,frost,3,2396485020,part2_000224__A1C__frost__s3.png
part2_000227,/root/autodl-tmp/helmet_yolo_v10/images/train/part2_000227.jpg,.jpg,pixelate,2,191832542,part2_000227__A1C__pixelate__s2.png
part2_000228,/root/autodl-tmp/helmet_yolo_v10/images/train/part2_000228.jpg,.jpg,impulse_noise,2,1998974847,part2_000228__A1C__impulse_noise__s2.png
part2_000229,/root/autodl-tmp/helmet_yolo_v10/images/train/part2_000229.jpg,.jpg,snow,2,1202583366,part2_000229__A1C__snow__s2.png
part2_000231,/root/autodl-tmp/helmet_yolo_v10/images/train/part2_000231.jpg,.jpg,frost,2,447064991,part2_000231__A1C__frost__s2.png
part2_000236,/root/autodl-tmp/helmet_yolo_v10/images/train/part2_000236.jpg,.jpg,snow,3,623723941,part2_000236__A1C__snow__s3.png
part2_000239,/root/autodl-tmp/helmet_yolo_v10/images/train/part2_000239.jpg,.jpg,brightness,3,2950569508,part2_000239__A1C__brightness__s3.png
part2_000240,/root/autodl-tmp/helmet_yolo_v10/images/train/part2_000240.jpg,.jpg,motion_blur,2,574862255,part2_000240__A1C__motion_blur__s2.png
part2_000242,/root/autodl-tmp/helmet_yolo_v10/images/train/part2_000242.jpg,.jpg,brightness,3,1427653620,part2_000242__A1C__brightness__s3.png
part2_000244,/root/autodl-tmp/helmet_yolo_v10/images/train/part2_000244.jpg,.jpg,fog,2,133603856,part2_000244__A1C__fog__s2.png
part2_000246,/root/autodl-tmp/helmet_yolo_v10/images/train/part2_000246.jpg,.jpg,defocus_blur,1,1168069819,part2_000246__A1C__defocus_blur__s1.png
part2_000250,/root/autodl-tmp/helmet_yolo_v10/images/train/part2_000250.jpg,.jpg,gaussian_noise,3,1106683211,part2_000250__A1C__gaussian_noise__s3.png
part2_000252,/root/autodl-tmp/helmet_yolo_v10/images/train/part2_000252.jpg,.jpg,snow,2,737990299,part2_000252__A1C__snow__s2.png
part2_000254,/root/autodl-tmp/helmet_yolo_v10/images/train/part2_000254.jpg,.jpg,pixelate,2,1876537921,part2_000254__A1C__pixelate__s2.png
part2_000255,/root/autodl-tmp/helmet_yolo_v10/images/train/part2_000255.jpg,.jpg,gaussian_noise,3,3166828774,part2_000255__A1C__gaussian_noise__s3.png
part2_000257,/root/autodl-tmp/helmet_yolo_v10/images/train/part2_000257.jpg,.jpg,gaussian_noise,2,334414186,part2_000257__A1C__gaussian_noise__s2.png
part2_000259,/root/autodl-tmp/helmet_yolo_v10/images/train/part2_000259.jpg,.jpg,jpeg_compression,3,4091219232,part2_000259__A1C__jpeg_compression__s3.png
part2_000262,/root/autodl-tmp/helmet_yolo_v10/images/train/part2_000262.jpg,.jpg,zoom_blur,2,2490980434,part2_000262__A1C__zoom_blur__s2.png
part2_000264,/root/autodl-tmp/helmet_yolo_v10/images/train/part2_000264.jpg,.jpg,defocus_blur,3,507257168,part2_000264__A1C__defocus_blur__s3.png
part2_000265,/root/autodl-tmp/helmet_yolo_v10/images/train/part2_000265.jpg,.jpg,gaussian_noise,3,2175508187,part2_000265__A1C__gaussian_noise__s3.png
part2_000267,/root/autodl-tmp/helmet_yolo_v10/images/train/part2_000267.jpg,.jpg,fog,1,4054228632,part2_000267__A1C__fog__s1.png
part2_000270,/root/autodl-tmp/helmet_yolo_v10/images/train/part2_000270.jpg,.jpg,impulse_noise,3,2957022272,part2_000270__A1C__impulse_noise__s3.png
part2_000273,/root/autodl-tmp/helmet_yolo_v10/images/train/part2_000273.jpg,.jpg,defocus_blur,3,557133014,part2_000273__A1C__defocus_blur__s3.png
part2_000274,/root/autodl-tmp/helmet_yolo_v10/images/train/part2_000274.jpg,.jpg,pixelate,3,3365394525,part2_000274__A1C__pixelate__s3.png
part2_000286,/root/autodl-tmp/helmet_yolo_v10/images/train/part2_000286.jpg,.jpg,fog,2,3520054296,part2_000286__A1C__fog__s2.png
part2_000291,/root/autodl-tmp/helmet_yolo_v10/images/train/part2_000291.jpg,.jpg,zoom_blur,3,3966524564,part2_000291__A1C__zoom_blur__s3.png
part2_000292,/root/autodl-tmp/helmet_yolo_v10/images/train/part2_000292.jpg,.jpg,zoom_blur,1,3528576548,part2_000292__A1C__zoom_blur__s1.png
part2_000293,/root/autodl-tmp/helmet_yolo_v10/images/train/part2_000293.jpg,.jpg,defocus_blur,2,1826094844,part2_000293__A1C__defocus_blur__s2.png
part2_000295,/root/autodl-tmp/helmet_yolo_v10/images/train/part2_000295.jpg,.jpg,pixelate,2,3667250169,part2_000295__A1C__pixelate__s2.png
part2_000297,/root/autodl-tmp/helmet_yolo_v10/images/train/part2_000297.jpg,.jpg,glass_blur,3,2716327981,part2_000297__A1C__glass_blur__s3.png
part2_000300,/root/autodl-tmp/helmet_yolo_v10/images/train/part2_000300.jpg,.jpg,glass_blur,1,973529151,part2_000300__A1C__glass_blur__s1.png
part2_000303,/root/autodl-tmp/helmet_yolo_v10/images/train/part2_000303.jpg,.jpg,frost,2,2236367369,part2_000303__A1C__frost__s2.png
part2_000306,/root/autodl-tmp/helmet_yolo_v10/images/train/part2_000306.jpg,.jpg,shot_noise,3,3821818546,part2_000306__A1C__shot_noise__s3.png
part2_000309,/root/autodl-tmp/helmet_yolo_v10/images/train/part2_000309.jpg,.jpg,jpeg_compression,3,258170131,part2_000309__A1C__jpeg_compression__s3.png
part2_000310,/root/autodl-tmp/helmet_yolo_v10/images/train/part2_000310.jpg,.jpg,defocus_blur,2,260730789,part2_000310__A1C__defocus_blur__s2.png
part2_000312,/root/autodl-tmp/helmet_yolo_v10/images/train/part2_000312.jpg,.jpg,brightness,3,2833950905,part2_000312__A1C__brightness__s3.png
part2_000313,/root/autodl-tmp/helmet_yolo_v10/images/train/part2_000313.jpg,.jpg,impulse_noise,3,1782146391,part2_000313__A1C__impulse_noise__s3.png
part2_000314,/root/autodl-tmp/helmet_yolo_v10/images/train/part2_000314.jpg,.jpg,frost,3,648037946,part2_000314__A1C__frost__s3.png
part2_000318,/root/autodl-tmp/helmet_yolo_v10/images/train/part2_000318.jpg,.jpg,gaussian_noise,3,2685118157,part2_000318__A1C__gaussian_noise__s3.png
part2_000319,/root/autodl-tmp/helmet_yolo_v10/images/train/part2_000319.jpg,.jpg,shot_noise,3,4264109056,part2_000319__A1C__shot_noise__s3.png
part2_000322,/root/autodl-tmp/helmet_yolo_v10/images/train/part2_000322.jpg,.jpg,zoom_blur,2,3238800652,part2_000322__A1C__zoom_blur__s2.png
part2_000324,/root/autodl-tmp/helmet_yolo_v10/images/train/part2_000324.jpg,.jpg,contrast,2,3734170209,part2_000324__A1C__contrast__s2.png
part2_000325,/root/autodl-tmp/helmet_yolo_v10/images/train/part2_000325.jpg,.jpg,jpeg_compression,1,1020671994,part2_000325__A1C__jpeg_compression__s1.png
part2_000326,/root/autodl-tmp/helmet_yolo_v10/images/train/part2_000326.jpg,.jpg,fog,1,657689600,part2_000326__A1C__fog__s1.png
part2_000327,/root/autodl-tmp/helmet_yolo_v10/images/train/part2_000327.jpg,.jpg,shot_noise,3,3470835271,part2_000327__A1C__shot_noise__s3.png
part2_000328,/root/autodl-tmp/helmet_yolo_v10/images/train/part2_000328.jpg,.jpg,motion_blur,1,3270360988,part2_000328__A1C__motion_blur__s1.png
part2_000329,/root/autodl-tmp/helmet_yolo_v10/images/train/part2_000329.jpg,.jpg,pixelate,2,1933096724,part2_000329__A1C__pixelate__s2.png
part2_000331,/root/autodl-tmp/helmet_yolo_v10/images/train/part2_000331.jpg,.jpg,motion_blur,1,2593348375,part2_000331__A1C__motion_blur__s1.png
part2_000332,/root/autodl-tmp/helmet_yolo_v10/images/train/part2_000332.jpg,.jpg,shot_noise,3,761048073,part2_000332__A1C__shot_noise__s3.png
part2_000333,/root/autodl-tmp/helmet_yolo_v10/images/train/part2_000333.jpg,.jpg,gaussian_noise,2,1058942456,part2_000333__A1C__gaussian_noise__s2.png
part2_000334,/root/autodl-tmp/helmet_yolo_v10/images/train/part2_000334.jpg,.jpg,brightness,2,816187643,part2_000334__A1C__brightness__s2.png
part2_000335,/root/autodl-tmp/helmet_yolo_v10/images/train/part2_000335.jpg,.jpg,pixelate,2,3038872826,part2_000335__A1C__pixelate__s2.png
part2_000338,/root/autodl-tmp/helmet_yolo_v10/images/train/part2_000338.jpg,.jpg,pixelate,2,4953381,part2_000338__A1C__pixelate__s2.png
part2_000342,/root/autodl-tmp/helmet_yolo_v10/images/train/part2_000342.jpg,.jpg,gaussian_noise,3,1840892899,part2_000342__A1C__gaussian_noise__s3.png
part2_000344,/root/autodl-tmp/helmet_yolo_v10/images/train/part2_000344.jpg,.jpg,pixelate,3,383555085,part2_000344__A1C__pixelate__s3.png
part2_000346,/root/autodl-tmp/helmet_yolo_v10/images/train/part2_000346.jpg,.jpg,motion_blur,2,3637880504,part2_000346__A1C__motion_blur__s2.png
part2_000347,/root/autodl-tmp/helmet_yolo_v10/images/train/part2_000347.jpg,.jpg,motion_blur,2,1982037778,part2_000347__A1C__motion_blur__s2.png
part2_000351,/root/autodl-tmp/helmet_yolo_v10/images/train/part2_000351.jpg,.jpg,defocus_blur,3,2354994220,part2_000351__A1C__defocus_blur__s3.png
part2_000352,/root/autodl-tmp/helmet_yolo_v10/images/train/part2_000352.jpg,.jpg,shot_noise,3,2023570281,part2_000352__A1C__shot_noise__s3.png
part2_000353,/root/autodl-tmp/helmet_yolo_v10/images/train/part2_000353.jpg,.jpg,fog,1,501681452,part2_000353__A1C__fog__s1.png
part2_000358,/root/autodl-tmp/helmet_yolo_v10/images/train/part2_000358.jpg,.jpg,impulse_noise,2,3244672623,part2_000358__A1C__impulse_noise__s2.png
part2_000360,/root/autodl-tmp/helmet_yolo_v10/images/train/part2_000360.jpg,.jpg,gaussian_noise,1,1838038031,part2_000360__A1C__gaussian_noise__s1.png
part2_000361,/root/autodl-tmp/helmet_yolo_v10/images/train/part2_000361.jpg,.jpg,contrast,1,4149941642,part2_000361__A1C__contrast__s1.png
part2_000363,/root/autodl-tmp/helmet_yolo_v10/images/train/part2_000363.jpg,.jpg,fog,3,1450323413,part2_000363__A1C__fog__s3.png
part2_000366,/root/autodl-tmp/helmet_yolo_v10/images/train/part2_000366.jpg,.jpg,motion_blur,2,2982787411,part2_000366__A1C__motion_blur__s2.png
part2_000369,/root/autodl-tmp/helmet_yolo_v10/images/train/part2_000369.jpg,.jpg,jpeg_compression,2,2580140143,part2_000369__A1C__jpeg_compression__s2.png
part2_000370,/root/autodl-tmp/helmet_yolo_v10/images/train/part2_000370.jpg,.jpg,gaussian_noise,2,4195959631,part2_000370__A1C__gaussian_noise__s2.png
part2_000372,/root/autodl-tmp/helmet_yolo_v10/images/train/part2_000372.jpg,.jpg,glass_blur,3,4138448798,part2_000372__A1C__glass_blur__s3.png
part2_000373,/root/autodl-tmp/helmet_yolo_v10/images/train/part2_000373.jpg,.jpg,impulse_noise,1,2919225680,part2_000373__A1C__impulse_noise__s1.png
part2_000375,/root/autodl-tmp/helmet_yolo_v10/images/train/part2_000375.jpg,.jpg,impulse_noise,2,1313188324,part2_000375__A1C__impulse_noise__s2.png
part2_000376,/root/autodl-tmp/helmet_yolo_v10/images/train/part2_000376.jpg,.jpg,jpeg_compression,1,1512212849,part2_000376__A1C__jpeg_compression__s1.png
part2_000377,/root/autodl-tmp/helmet_yolo_v10/images/train/part2_000377.jpg,.jpg,motion_blur,2,243565682,part2_000377__A1C__motion_blur__s2.png
part2_000378,/root/autodl-tmp/helmet_yolo_v10/images/train/part2_000378.jpg,.jpg,snow,2,391479534,part2_000378__A1C__snow__s2.png
part2_000384,/root/autodl-tmp/helmet_yolo_v10/images/train/part2_000384.jpg,.jpg,snow,1,2856603900,part2_000384__A1C__snow__s1.png
part2_000385,/root/autodl-tmp/helmet_yolo_v10/images/train/part2_000385.jpg,.jpg,shot_noise,1,2403123666,part2_000385__A1C__shot_noise__s1.png
part2_000386,/root/autodl-tmp/helmet_yolo_v10/images/train/part2_000386.jpg,.jpg,impulse_noise,3,2023639724,part2_000386__A1C__impulse_noise__s3.png
part2_000389,/root/autodl-tmp/helmet_yolo_v10/images/train/part2_000389.jpg,.jpg,brightness,2,1683137639,part2_000389__A1C__brightness__s2.png
part2_000391,/root/autodl-tmp/helmet_yolo_v10/images/train/part2_000391.jpg,.jpg,zoom_blur,3,4196600776,part2_000391__A1C__zoom_blur__s3.png
part2_000392,/root/autodl-tmp/helmet_yolo_v10/images/train/part2_000392.jpg,.jpg,frost,2,2308172321,part2_000392__A1C__frost__s2.png
part2_000394,/root/autodl-tmp/helmet_yolo_v10/images/train/part2_000394.jpg,.jpg,pixelate,2,1945018605,part2_000394__A1C__pixelate__s2.png
part2_000395,/root/autodl-tmp/helmet_yolo_v10/images/train/part2_000395.jpg,.jpg,impulse_noise,2,964793644,part2_000395__A1C__impulse_noise__s2.png
part2_000397,/root/autodl-tmp/helmet_yolo_v10/images/train/part2_000397.jpg,.jpg,pixelate,3,59131367,part2_000397__A1C__pixelate__s3.png
part2_000398,/root/autodl-tmp/helmet_yolo_v10/images/train/part2_000398.jpg,.jpg,motion_blur,1,3213986895,part2_000398__A1C__motion_blur__s1.png
part2_000402,/root/autodl-tmp/helmet_yolo_v10/images/train/part2_000402.jpg,.jpg,jpeg_compression,1,2671393796,part2_000402__A1C__jpeg_compression__s1.png
part2_000406,/root/autodl-tmp/helmet_yolo_v10/images/train/part2_000406.jpg,.jpg,frost,3,3728391923,part2_000406__A1C__frost__s3.png
part2_000407,/root/autodl-tmp/helmet_yolo_v10/images/train/part2_000407.jpg,.jpg,jpeg_compression,3,2421274387,part2_000407__A1C__jpeg_compression__s3.png
part2_000413,/root/autodl-tmp/helmet_yolo_v10/images/train/part2_000413.jpg,.jpg,motion_blur,2,337472899,part2_000413__A1C__motion_blur__s2.png
part2_000417,/root/autodl-tmp/helmet_yolo_v10/images/train/part2_000417.jpg,.jpg,gaussian_noise,3,2244649608,part2_000417__A1C__gaussian_noise__s3.png
part2_000418,/root/autodl-tmp/helmet_yolo_v10/images/train/part2_000418.jpg,.jpg,snow,2,2351069263,part2_000418__A1C__snow__s2.png
part2_000419,/root/autodl-tmp/helmet_yolo_v10/images/train/part2_000419.jpg,.jpg,brightness,3,1295298926,part2_000419__A1C__brightness__s3.png
part2_000420,/root/autodl-tmp/helmet_yolo_v10/images/train/part2_000420.jpg,.jpg,contrast,2,2341463852,part2_000420__A1C__contrast__s2.png
part2_000422,/root/autodl-tmp/helmet_yolo_v10/images/train/part2_000422.jpg,.jpg,defocus_blur,3,1379495954,part2_000422__A1C__defocus_blur__s3.png
part2_000425,/root/autodl-tmp/helmet_yolo_v10/images/train/part2_000425.jpg,.jpg,snow,2,2055290189,part2_000425__A1C__snow__s2.png
part2_000429,/root/autodl-tmp/helmet_yolo_v10/images/train/part2_000429.jpg,.jpg,jpeg_compression,2,3545625828,part2_000429__A1C__jpeg_compression__s2.png
part2_000430,/root/autodl-tmp/helmet_yolo_v10/images/train/part2_000430.jpg,.jpg,snow,2,3920271519,part2_000430__A1C__snow__s2.png
part2_000433,/root/autodl-tmp/helmet_yolo_v10/images/train/part2_000433.jpg,.jpg,jpeg_compression,3,2761049249,part2_000433__A1C__jpeg_compression__s3.png
part2_000437,/root/autodl-tmp/helmet_yolo_v10/images/train/part2_000437.jpg,.jpg,fog,3,3063489666,part2_000437__A1C__fog__s3.png
part2_000439,/root/autodl-tmp/helmet_yolo_v10/images/train/part2_000439.jpg,.jpg,fog,2,2938318348,part2_000439__A1C__fog__s2.png
part2_000441,/root/autodl-tmp/helmet_yolo_v10/images/train/part2_000441.jpg,.jpg,jpeg_compression,3,1118151904,part2_000441__A1C__jpeg_compression__s3.png
part2_000446,/root/autodl-tmp/helmet_yolo_v10/images/train/part2_000446.jpg,.jpg,gaussian_noise,2,1685847801,part2_000446__A1C__gaussian_noise__s2.png
part2_000448,/root/autodl-tmp/helmet_yolo_v10/images/train/part2_000448.jpg,.jpg,impulse_noise,2,1387734693,part2_000448__A1C__impulse_noise__s2.png
part2_000449,/root/autodl-tmp/helmet_yolo_v10/images/train/part2_000449.jpg,.jpg,snow,3,2390796136,part2_000449__A1C__snow__s3.png
part2_000450,/root/autodl-tmp/helmet_yolo_v10/images/train/part2_000450.jpg,.jpg,defocus_blur,1,3688478822,part2_000450__A1C__defocus_blur__s1.png
part2_000457,/root/autodl-tmp/helmet_yolo_v10/images/train/part2_000457.jpg,.jpg,fog,1,3259617211,part2_000457__A1C__fog__s1.png
part2_000458,/root/autodl-tmp/helmet_yolo_v10/images/train/part2_000458.jpg,.jpg,zoom_blur,1,2200647416,part2_000458__A1C__zoom_blur__s1.png
part2_000460,/root/autodl-tmp/helmet_yolo_v10/images/train/part2_000460.jpg,.jpg,impulse_noise,3,3492927825,part2_000460__A1C__impulse_noise__s3.png
part2_000462,/root/autodl-tmp/helmet_yolo_v10/images/train/part2_000462.jpg,.jpg,gaussian_noise,3,4001340567,part2_000462__A1C__gaussian_noise__s3.png
part2_000464,/root/autodl-tmp/helmet_yolo_v10/images/train/part2_000464.jpg,.jpg,shot_noise,2,4067696636,part2_000464__A1C__shot_noise__s2.png
part2_000467,/root/autodl-tmp/helmet_yolo_v10/images/train/part2_000467.jpg,.jpg,gaussian_noise,1,3856186962,part2_000467__A1C__gaussian_noise__s1.png
part2_000468,/root/autodl-tmp/helmet_yolo_v10/images/train/part2_000468.jpg,.jpg,brightness,1,2290407541,part2_000468__A1C__brightness__s1.png
part2_000469,/root/autodl-tmp/helmet_yolo_v10/images/train/part2_000469.jpg,.jpg,contrast,3,1650338449,part2_000469__A1C__contrast__s3.png
part2_000472,/root/autodl-tmp/helmet_yolo_v10/images/train/part2_000472.jpg,.jpg,zoom_blur,1,1818223646,part2_000472__A1C__zoom_blur__s1.png
part2_000477,/root/autodl-tmp/helmet_yolo_v10/images/train/part2_000477.jpg,.jpg,fog,1,1444092767,part2_000477__A1C__fog__s1.png
part2_000478,/root/autodl-tmp/helmet_yolo_v10/images/train/part2_000478.jpg,.jpg,gaussian_noise,2,899162603,part2_000478__A1C__gaussian_noise__s2.png
part2_000481,/root/autodl-tmp/helmet_yolo_v10/images/train/part2_000481.jpg,.jpg,snow,2,1958797644,part2_000481__A1C__snow__s2.png
part2_000482,/root/autodl-tmp/helmet_yolo_v10/images/train/part2_000482.jpg,.jpg,impulse_noise,3,21827109,part2_000482__A1C__impulse_noise__s3.png
part2_000483,/root/autodl-tmp/helmet_yolo_v10/images/train/part2_000483.jpg,.jpg,shot_noise,3,2525528943,part2_000483__A1C__shot_noise__s3.png
part2_000484,/root/autodl-tmp/helmet_yolo_v10/images/train/part2_000484.jpg,.jpg,pixelate,1,3575724929,part2_000484__A1C__pixelate__s1.png
part2_000487,/root/autodl-tmp/helmet_yolo_v10/images/train/part2_000487.jpg,.jpg,brightness,3,4083978417,part2_000487__A1C__brightness__s3.png
part2_000488,/root/autodl-tmp/helmet_yolo_v10/images/train/part2_000488.jpg,.jpg,frost,1,4069126022,part2_000488__A1C__frost__s1.png
part2_000491,/root/autodl-tmp/helmet_yolo_v10/images/train/part2_000491.jpg,.jpg,pixelate,2,2963382747,part2_000491__A1C__pixelate__s2.png
part2_000495,/root/autodl-tmp/helmet_yolo_v10/images/train/part2_000495.jpg,.jpg,fog,3,3165371244,part2_000495__A1C__fog__s3.png
part2_000498,/root/autodl-tmp/helmet_yolo_v10/images/train/part2_000498.jpg,.jpg,gaussian_noise,1,303696266,part2_000498__A1C__gaussian_noise__s1.png
part2_000501,/root/autodl-tmp/helmet_yolo_v10/images/train/part2_000501.jpg,.jpg,snow,3,126824390,part2_000501__A1C__snow__s3.png
part2_000502,/root/autodl-tmp/helmet_yolo_v10/images/train/part2_000502.jpg,.jpg,gaussian_noise,2,3633987731,part2_000502__A1C__gaussian_noise__s2.png
part2_000504,/root/autodl-tmp/helmet_yolo_v10/images/train/part2_000504.jpg,.jpg,pixelate,3,1385129381,part2_000504__A1C__pixelate__s3.png
part2_000508,/root/autodl-tmp/helmet_yolo_v10/images/train/part2_000508.jpg,.jpg,motion_blur,2,1127331534,part2_000508__A1C__motion_blur__s2.png
part2_000509,/root/autodl-tmp/helmet_yolo_v10/images/train/part2_000509.jpg,.jpg,gaussian_noise,1,1413609398,part2_000509__A1C__gaussian_noise__s1.png
part2_000511,/root/autodl-tmp/helmet_yolo_v10/images/train/part2_000511.jpg,.jpg,fog,1,3195245077,part2_000511__A1C__fog__s1.png
part2_000514,/root/autodl-tmp/helmet_yolo_v10/images/train/part2_000514.jpg,.jpg,jpeg_compression,2,436075354,part2_000514__A1C__jpeg_compression__s2.png
part2_000515,/root/autodl-tmp/helmet_yolo_v10/images/train/part2_000515.jpg,.jpg,fog,2,4220678046,part2_000515__A1C__fog__s2.png
part2_000516,/root/autodl-tmp/helmet_yolo_v10/images/train/part2_000516.jpg,.jpg,brightness,1,4292639112,part2_000516__A1C__brightness__s1.png
part2_000517,/root/autodl-tmp/helmet_yolo_v10/images/train/part2_000517.jpg,.jpg,jpeg_compression,2,3558386936,part2_000517__A1C__jpeg_compression__s2.png
part2_000518,/root/autodl-tmp/helmet_yolo_v10/images/train/part2_000518.jpg,.jpg,jpeg_compression,2,253894300,part2_000518__A1C__jpeg_compression__s2.png
part2_000519,/root/autodl-tmp/helmet_yolo_v10/images/train/part2_000519.jpg,.jpg,glass_blur,2,596717796,part2_000519__A1C__glass_blur__s2.png
part2_000520,/root/autodl-tmp/helmet_yolo_v10/images/train/part2_000520.jpg,.jpg,contrast,2,573988384,part2_000520__A1C__contrast__s2.png
part2_000522,/root/autodl-tmp/helmet_yolo_v10/images/train/part2_000522.jpg,.jpg,fog,1,1050396459,part2_000522__A1C__fog__s1.png
part2_000525,/root/autodl-tmp/helmet_yolo_v10/images/train/part2_000525.jpg,.jpg,frost,2,389055779,part2_000525__A1C__frost__s2.png
part2_000527,/root/autodl-tmp/helmet_yolo_v10/images/train/part2_000527.jpg,.jpg,shot_noise,2,2167279173,part2_000527__A1C__shot_noise__s2.png
part2_000530,/root/autodl-tmp/helmet_yolo_v10/images/train/part2_000530.jpg,.jpg,brightness,2,3513020051,part2_000530__A1C__brightness__s2.png
part2_000534,/root/autodl-tmp/helmet_yolo_v10/images/train/part2_000534.jpg,.jpg,snow,2,3889690943,part2_000534__A1C__snow__s2.png
part2_000537,/root/autodl-tmp/helmet_yolo_v10/images/train/part2_000537.jpg,.jpg,defocus_blur,1,2789035973,part2_000537__A1C__defocus_blur__s1.png
part2_000546,/root/autodl-tmp/helmet_yolo_v10/images/train/part2_000546.jpg,.jpg,brightness,3,2531427689,part2_000546__A1C__brightness__s3.png
part2_000547,/root/autodl-tmp/helmet_yolo_v10/images/train/part2_000547.jpg,.jpg,glass_blur,2,1870423723,part2_000547__A1C__glass_blur__s2.png
part2_000550,/root/autodl-tmp/helmet_yolo_v10/images/train/part2_000550.jpg,.jpg,shot_noise,1,417842445,part2_000550__A1C__shot_noise__s1.png
part2_000551,/root/autodl-tmp/helmet_yolo_v10/images/train/part2_000551.jpg,.jpg,gaussian_noise,2,3643552350,part2_000551__A1C__gaussian_noise__s2.png
part2_000553,/root/autodl-tmp/helmet_yolo_v10/images/train/part2_000553.jpg,.jpg,defocus_blur,1,250952219,part2_000553__A1C__defocus_blur__s1.png
part2_000555,/root/autodl-tmp/helmet_yolo_v10/images/train/part2_000555.jpg,.jpg,brightness,3,2417887802,part2_000555__A1C__brightness__s3.png
part2_000556,/root/autodl-tmp/helmet_yolo_v10/images/train/part2_000556.jpg,.jpg,pixelate,2,901406057,part2_000556__A1C__pixelate__s2.png
part2_000557,/root/autodl-tmp/helmet_yolo_v10/images/train/part2_000557.jpg,.jpg,jpeg_compression,1,486418388,part2_000557__A1C__jpeg_compression__s1.png
part2_000559,/root/autodl-tmp/helmet_yolo_v10/images/train/part2_000559.jpg,.jpg,brightness,3,1064860517,part2_000559__A1C__brightness__s3.png
part2_000560,/root/autodl-tmp/helmet_yolo_v10/images/train/part2_000560.jpg,.jpg,shot_noise,3,550228067,part2_000560__A1C__shot_noise__s3.png
part2_000563,/root/autodl-tmp/helmet_yolo_v10/images/train/part2_000563.jpg,.jpg,contrast,1,1330724146,part2_000563__A1C__contrast__s1.png
part2_000564,/root/autodl-tmp/helmet_yolo_v10/images/train/part2_000564.jpg,.jpg,frost,1,957908165,part2_000564__A1C__frost__s1.png
part2_000567,/root/autodl-tmp/helmet_yolo_v10/images/train/part2_000567.jpg,.jpg,zoom_blur,2,117600593,part2_000567__A1C__zoom_blur__s2.png
part2_000568,/root/autodl-tmp/helmet_yolo_v10/images/train/part2_000568.jpg,.jpg,impulse_noise,1,4149728926,part2_000568__A1C__impulse_noise__s1.png
part2_000570,/root/autodl-tmp/helmet_yolo_v10/images/train/part2_000570.jpg,.jpg,snow,1,986861420,part2_000570__A1C__snow__s1.png
part2_000572,/root/autodl-tmp/helmet_yolo_v10/images/train/part2_000572.jpg,.jpg,impulse_noise,3,1741401002,part2_000572__A1C__impulse_noise__s3.png
part2_000573,/root/autodl-tmp/helmet_yolo_v10/images/train/part2_000573.jpg,.jpg,frost,2,2053801488,part2_000573__A1C__frost__s2.png
part2_000575,/root/autodl-tmp/helmet_yolo_v10/images/train/part2_000575.jpg,.jpg,impulse_noise,3,2852917383,part2_000575__A1C__impulse_noise__s3.png
part2_000577,/root/autodl-tmp/helmet_yolo_v10/images/train/part2_000577.jpg,.jpg,impulse_noise,3,1675868656,part2_000577__A1C__impulse_noise__s3.png
part2_000578,/root/autodl-tmp/helmet_yolo_v10/images/train/part2_000578.jpg,.jpg,impulse_noise,2,1606498700,part2_000578__A1C__impulse_noise__s2.png
part2_000580,/root/autodl-tmp/helmet_yolo_v10/images/train/part2_000580.jpg,.jpg,fog,3,1443002805,part2_000580__A1C__fog__s3.png
part2_000581,/root/autodl-tmp/helmet_yolo_v10/images/train/part2_000581.jpg,.jpg,pixelate,3,559807479,part2_000581__A1C__pixelate__s3.png
part2_000582,/root/autodl-tmp/helmet_yolo_v10/images/train/part2_000582.jpg,.jpg,fog,3,53927204,part2_000582__A1C__fog__s3.png
part2_000584,/root/autodl-tmp/helmet_yolo_v10/images/train/part2_000584.jpg,.jpg,snow,3,552197043,part2_000584__A1C__snow__s3.png
part2_000585,/root/autodl-tmp/helmet_yolo_v10/images/train/part2_000585.jpg,.jpg,frost,1,614658148,part2_000585__A1C__frost__s1.png
part2_000586,/root/autodl-tmp/helmet_yolo_v10/images/train/part2_000586.jpg,.jpg,pixelate,2,1369641252,part2_000586__A1C__pixelate__s2.png
part2_000593,/root/autodl-tmp/helmet_yolo_v10/images/train/part2_000593.jpg,.jpg,zoom_blur,2,2046634998,part2_000593__A1C__zoom_blur__s2.png
part2_000595,/root/autodl-tmp/helmet_yolo_v10/images/train/part2_000595.jpg,.jpg,zoom_blur,3,3104359966,part2_000595__A1C__zoom_blur__s3.png
part2_000597,/root/autodl-tmp/helmet_yolo_v10/images/train/part2_000597.jpg,.jpg,fog,3,2631624638,part2_000597__A1C__fog__s3.png
part2_000599,/root/autodl-tmp/helmet_yolo_v10/images/train/part2_000599.jpg,.jpg,pixelate,1,1623555333,part2_000599__A1C__pixelate__s1.png
part2_000602,/root/autodl-tmp/helmet_yolo_v10/images/train/part2_000602.jpg,.jpg,defocus_blur,1,2792171894,part2_000602__A1C__defocus_blur__s1.png
part2_000604,/root/autodl-tmp/helmet_yolo_v10/images/train/part2_000604.jpg,.jpg,brightness,2,1838132777,part2_000604__A1C__brightness__s2.png
part2_000608,/root/autodl-tmp/helmet_yolo_v10/images/train/part2_000608.jpg,.jpg,impulse_noise,3,2789337144,part2_000608__A1C__impulse_noise__s3.png
part2_000609,/root/autodl-tmp/helmet_yolo_v10/images/train/part2_000609.jpg,.jpg,snow,1,1382360963,part2_000609__A1C__snow__s1.png
part2_000611,/root/autodl-tmp/helmet_yolo_v10/images/train/part2_000611.jpg,.jpg,brightness,1,1201512641,part2_000611__A1C__brightness__s1.png
part2_000613,/root/autodl-tmp/helmet_yolo_v10/images/train/part2_000613.jpg,.jpg,gaussian_noise,1,1006377547,part2_000613__A1C__gaussian_noise__s1.png
part2_000614,/root/autodl-tmp/helmet_yolo_v10/images/train/part2_000614.jpg,.jpg,contrast,1,22657942,part2_000614__A1C__contrast__s1.png
part2_000615,/root/autodl-tmp/helmet_yolo_v10/images/train/part2_000615.jpg,.jpg,gaussian_noise,2,3972894284,part2_000615__A1C__gaussian_noise__s2.png
part2_000616,/root/autodl-tmp/helmet_yolo_v10/images/train/part2_000616.jpg,.jpg,fog,1,2485521734,part2_000616__A1C__fog__s1.png
part2_000618,/root/autodl-tmp/helmet_yolo_v10/images/train/part2_000618.jpg,.jpg,contrast,2,3200302762,part2_000618__A1C__contrast__s2.png
part2_000619,/root/autodl-tmp/helmet_yolo_v10/images/train/part2_000619.jpg,.jpg,frost,2,3964385765,part2_000619__A1C__frost__s2.png
part2_000620,/root/autodl-tmp/helmet_yolo_v10/images/train/part2_000620.jpg,.jpg,brightness,2,2994764272,part2_000620__A1C__brightness__s2.png
part2_000622,/root/autodl-tmp/helmet_yolo_v10/images/train/part2_000622.jpg,.jpg,motion_blur,1,282394209,part2_000622__A1C__motion_blur__s1.png
part2_000625,/root/autodl-tmp/helmet_yolo_v10/images/train/part2_000625.jpg,.jpg,frost,3,2705076533,part2_000625__A1C__frost__s3.png
part2_000626,/root/autodl-tmp/helmet_yolo_v10/images/train/part2_000626.jpg,.jpg,pixelate,1,1579559252,part2_000626__A1C__pixelate__s1.png
part2_000633,/root/autodl-tmp/helmet_yolo_v10/images/train/part2_000633.jpg,.jpg,pixelate,3,2642779478,part2_000633__A1C__pixelate__s3.png
part2_000638,/root/autodl-tmp/helmet_yolo_v10/images/train/part2_000638.jpg,.jpg,glass_blur,1,3278365528,part2_000638__A1C__glass_blur__s1.png
part2_000641,/root/autodl-tmp/helmet_yolo_v10/images/train/part2_000641.jpg,.jpg,brightness,3,2286764493,part2_000641__A1C__brightness__s3.png
part2_000644,/root/autodl-tmp/helmet_yolo_v10/images/train/part2_000644.jpg,.jpg,defocus_blur,1,1264422003,part2_000644__A1C__defocus_blur__s1.png
part2_000645,/root/autodl-tmp/helmet_yolo_v10/images/train/part2_000645.jpg,.jpg,contrast,1,6127204,part2_000645__A1C__contrast__s1.png
part2_000647,/root/autodl-tmp/helmet_yolo_v10/images/train/part2_000647.jpg,.jpg,zoom_blur,2,1911220849,part2_000647__A1C__zoom_blur__s2.png
part2_000648,/root/autodl-tmp/helmet_yolo_v10/images/train/part2_000648.jpg,.jpg,defocus_blur,3,3456262526,part2_000648__A1C__defocus_blur__s3.png
part2_000650,/root/autodl-tmp/helmet_yolo_v10/images/train/part2_000650.jpg,.jpg,brightness,2,1281826052,part2_000650__A1C__brightness__s2.png
part2_000653,/root/autodl-tmp/helmet_yolo_v10/images/train/part2_000653.jpg,.jpg,shot_noise,2,3138519622,part2_000653__A1C__shot_noise__s2.png
part2_000655,/root/autodl-tmp/helmet_yolo_v10/images/train/part2_000655.jpg,.jpg,impulse_noise,3,3137559596,part2_000655__A1C__impulse_noise__s3.png
part2_000659,/root/autodl-tmp/helmet_yolo_v10/images/train/part2_000659.jpg,.jpg,gaussian_noise,1,3265771973,part2_000659__A1C__gaussian_noise__s1.png
part2_000661,/root/autodl-tmp/helmet_yolo_v10/images/train/part2_000661.jpg,.jpg,frost,2,4231593641,part2_000661__A1C__frost__s2.png
part2_000662,/root/autodl-tmp/helmet_yolo_v10/images/train/part2_000662.jpg,.jpg,snow,3,1305116558,part2_000662__A1C__snow__s3.png
part2_000664,/root/autodl-tmp/helmet_yolo_v10/images/train/part2_000664.jpg,.jpg,snow,2,495249096,part2_000664__A1C__snow__s2.png
part2_000665,/root/autodl-tmp/helmet_yolo_v10/images/train/part2_000665.jpg,.jpg,pixelate,2,2237385349,part2_000665__A1C__pixelate__s2.png
part2_000671,/root/autodl-tmp/helmet_yolo_v10/images/train/part2_000671.jpg,.jpg,fog,1,2297415790,part2_000671__A1C__fog__s1.png
part2_000672,/root/autodl-tmp/helmet_yolo_v10/images/train/part2_000672.jpg,.jpg,snow,3,1812386295,part2_000672__A1C__snow__s3.png
part2_000674,/root/autodl-tmp/helmet_yolo_v10/images/train/part2_000674.jpg,.jpg,pixelate,3,1020962117,part2_000674__A1C__pixelate__s3.png
part2_000675,/root/autodl-tmp/helmet_yolo_v10/images/train/part2_000675.jpg,.jpg,shot_noise,3,574490745,part2_000675__A1C__shot_noise__s3.png
part2_000679,/root/autodl-tmp/helmet_yolo_v10/images/train/part2_000679.jpg,.jpg,gaussian_noise,2,1449920542,part2_000679__A1C__gaussian_noise__s2.png
part2_000680,/root/autodl-tmp/helmet_yolo_v10/images/train/part2_000680.jpg,.jpg,fog,2,271858156,part2_000680__A1C__fog__s2.png
part2_000683,/root/autodl-tmp/helmet_yolo_v10/images/train/part2_000683.jpg,.jpg,jpeg_compression,3,3840562792,part2_000683__A1C__jpeg_compression__s3.png
part2_000684,/root/autodl-tmp/helmet_yolo_v10/images/train/part2_000684.jpg,.jpg,motion_blur,2,723053034,part2_000684__A1C__motion_blur__s2.png
part2_000688,/root/autodl-tmp/helmet_yolo_v10/images/train/part2_000688.jpg,.jpg,contrast,2,2042010918,part2_000688__A1C__contrast__s2.png
part2_000692,/root/autodl-tmp/helmet_yolo_v10/images/train/part2_000692.jpg,.jpg,zoom_blur,1,293487870,part2_000692__A1C__zoom_blur__s1.png
part2_000693,/root/autodl-tmp/helmet_yolo_v10/images/train/part2_000693.jpg,.jpg,snow,1,951636712,part2_000693__A1C__snow__s1.png
part2_000695,/root/autodl-tmp/helmet_yolo_v10/images/train/part2_000695.jpg,.jpg,shot_noise,2,4129633583,part2_000695__A1C__shot_noise__s2.png
part2_000697,/root/autodl-tmp/helmet_yolo_v10/images/train/part2_000697.jpg,.jpg,motion_blur,2,230415197,part2_000697__A1C__motion_blur__s2.png
part2_000699,/root/autodl-tmp/helmet_yolo_v10/images/train/part2_000699.jpg,.jpg,motion_blur,2,1013326165,part2_000699__A1C__motion_blur__s2.png
part2_000701,/root/autodl-tmp/helmet_yolo_v10/images/train/part2_000701.jpg,.jpg,impulse_noise,1,358169850,part2_000701__A1C__impulse_noise__s1.png
part2_000703,/root/autodl-tmp/helmet_yolo_v10/images/train/part2_000703.jpg,.jpg,fog,3,1230968049,part2_000703__A1C__fog__s3.png
part2_000704,/root/autodl-tmp/helmet_yolo_v10/images/train/part2_000704.jpg,.jpg,defocus_blur,3,858195315,part2_000704__A1C__defocus_blur__s3.png
part2_000707,/root/autodl-tmp/helmet_yolo_v10/images/train/part2_000707.jpg,.jpg,brightness,2,2846593050,part2_000707__A1C__brightness__s2.png
part2_000711,/root/autodl-tmp/helmet_yolo_v10/images/train/part2_000711.jpg,.jpg,jpeg_compression,2,833261162,part2_000711__A1C__jpeg_compression__s2.png
part2_000712,/root/autodl-tmp/helmet_yolo_v10/images/train/part2_000712.jpg,.jpg,impulse_noise,2,2352757577,part2_000712__A1C__impulse_noise__s2.png
part2_000713,/root/autodl-tmp/helmet_yolo_v10/images/train/part2_000713.jpg,.jpg,jpeg_compression,3,2388449585,part2_000713__A1C__jpeg_compression__s3.png
part2_000716,/root/autodl-tmp/helmet_yolo_v10/images/train/part2_000716.jpg,.jpg,zoom_blur,3,2978064082,part2_000716__A1C__zoom_blur__s3.png
part2_000719,/root/autodl-tmp/helmet_yolo_v10/images/train/part2_000719.jpg,.jpg,zoom_blur,2,3493878381,part2_000719__A1C__zoom_blur__s2.png
part2_000722,/root/autodl-tmp/helmet_yolo_v10/images/train/part2_000722.jpg,.jpg,glass_blur,1,2495107822,part2_000722__A1C__glass_blur__s1.png
part2_000723,/root/autodl-tmp/helmet_yolo_v10/images/train/part2_000723.jpg,.jpg,glass_blur,3,1994271525,part2_000723__A1C__glass_blur__s3.png
part2_000724,/root/autodl-tmp/helmet_yolo_v10/images/train/part2_000724.jpg,.jpg,pixelate,2,1188126552,part2_000724__A1C__pixelate__s2.png
part2_000725,/root/autodl-tmp/helmet_yolo_v10/images/train/part2_000725.jpg,.jpg,defocus_blur,3,2667718751,part2_000725__A1C__defocus_blur__s3.png
part2_000726,/root/autodl-tmp/helmet_yolo_v10/images/train/part2_000726.jpg,.jpg,fog,1,67990673,part2_000726__A1C__fog__s1.png
part2_000727,/root/autodl-tmp/helmet_yolo_v10/images/train/part2_000727.jpg,.jpg,snow,2,4283468328,part2_000727__A1C__snow__s2.png
part2_000730,/root/autodl-tmp/helmet_yolo_v10/images/train/part2_000730.jpg,.jpg,pixelate,3,1057960798,part2_000730__A1C__pixelate__s3.png
part2_000731,/root/autodl-tmp/helmet_yolo_v10/images/train/part2_000731.jpg,.jpg,contrast,3,1362521231,part2_000731__A1C__contrast__s3.png
part2_000737,/root/autodl-tmp/helmet_yolo_v10/images/train/part2_000737.jpg,.jpg,zoom_blur,3,3661958383,part2_000737__A1C__zoom_blur__s3.png
part2_000738,/root/autodl-tmp/helmet_yolo_v10/images/train/part2_000738.jpg,.jpg,glass_blur,2,1935490224,part2_000738__A1C__glass_blur__s2.png
part2_000739,/root/autodl-tmp/helmet_yolo_v10/images/train/part2_000739.jpg,.jpg,contrast,1,2887556092,part2_000739__A1C__contrast__s1.png
part2_000742,/root/autodl-tmp/helmet_yolo_v10/images/train/part2_000742.jpg,.jpg,glass_blur,2,2430794571,part2_000742__A1C__glass_blur__s2.png
part2_000743,/root/autodl-tmp/helmet_yolo_v10/images/train/part2_000743.jpg,.jpg,snow,3,2087680680,part2_000743__A1C__snow__s3.png
part2_000745,/root/autodl-tmp/helmet_yolo_v10/images/train/part2_000745.jpg,.jpg,pixelate,1,2881665645,part2_000745__A1C__pixelate__s1.png
part2_000746,/root/autodl-tmp/helmet_yolo_v10/images/train/part2_000746.jpg,.jpg,gaussian_noise,2,1258514335,part2_000746__A1C__gaussian_noise__s2.png
part2_000747,/root/autodl-tmp/helmet_yolo_v10/images/train/part2_000747.jpg,.jpg,pixelate,3,2782327781,part2_000747__A1C__pixelate__s3.png
part2_000748,/root/autodl-tmp/helmet_yolo_v10/images/train/part2_000748.jpg,.jpg,fog,1,1734310982,part2_000748__A1C__fog__s1.png
part2_000749,/root/autodl-tmp/helmet_yolo_v10/images/train/part2_000749.jpg,.jpg,brightness,2,1703837896,part2_000749__A1C__brightness__s2.png
part2_000750,/root/autodl-tmp/helmet_yolo_v10/images/train/part2_000750.jpg,.jpg,zoom_blur,2,2285999792,part2_000750__A1C__zoom_blur__s2.png
part2_000751,/root/autodl-tmp/helmet_yolo_v10/images/train/part2_000751.jpg,.jpg,pixelate,3,4149460391,part2_000751__A1C__pixelate__s3.png
part2_000752,/root/autodl-tmp/helmet_yolo_v10/images/train/part2_000752.jpg,.jpg,gaussian_noise,2,44246262,part2_000752__A1C__gaussian_noise__s2.png
part2_000754,/root/autodl-tmp/helmet_yolo_v10/images/train/part2_000754.jpg,.jpg,contrast,1,585065824,part2_000754__A1C__contrast__s1.png
part2_000755,/root/autodl-tmp/helmet_yolo_v10/images/train/part2_000755.jpg,.jpg,pixelate,3,3953394598,part2_000755__A1C__pixelate__s3.png
part2_000756,/root/autodl-tmp/helmet_yolo_v10/images/train/part2_000756.jpg,.jpg,shot_noise,1,1159049844,part2_000756__A1C__shot_noise__s1.png
part2_000757,/root/autodl-tmp/helmet_yolo_v10/images/train/part2_000757.jpg,.jpg,pixelate,3,2974530710,part2_000757__A1C__pixelate__s3.png
part2_000760,/root/autodl-tmp/helmet_yolo_v10/images/train/part2_000760.jpg,.jpg,gaussian_noise,2,1492255648,part2_000760__A1C__gaussian_noise__s2.png
part2_000761,/root/autodl-tmp/helmet_yolo_v10/images/train/part2_000761.jpg,.jpg,fog,1,2242381423,part2_000761__A1C__fog__s1.png
part2_000763,/root/autodl-tmp/helmet_yolo_v10/images/train/part2_000763.jpg,.jpg,glass_blur,2,1719345326,part2_000763__A1C__glass_blur__s2.png
part2_000768,/root/autodl-tmp/helmet_yolo_v10/images/train/part2_000768.jpg,.jpg,glass_blur,2,2809508179,part2_000768__A1C__glass_blur__s2.png
part2_000770,/root/autodl-tmp/helmet_yolo_v10/images/train/part2_000770.jpg,.jpg,gaussian_noise,2,3832023729,part2_000770__A1C__gaussian_noise__s2.png
part2_000771,/root/autodl-tmp/helmet_yolo_v10/images/train/part2_000771.jpg,.jpg,gaussian_noise,2,4248310713,part2_000771__A1C__gaussian_noise__s2.png
part2_000772,/root/autodl-tmp/helmet_yolo_v10/images/train/part2_000772.jpg,.jpg,gaussian_noise,3,1858102252,part2_000772__A1C__gaussian_noise__s3.png
part2_000773,/root/autodl-tmp/helmet_yolo_v10/images/train/part2_000773.jpg,.jpg,impulse_noise,1,1551656897,part2_000773__A1C__impulse_noise__s1.png
part2_000777,/root/autodl-tmp/helmet_yolo_v10/images/train/part2_000777.jpg,.jpg,motion_blur,2,1743743501,part2_000777__A1C__motion_blur__s2.png
part2_000781,/root/autodl-tmp/helmet_yolo_v10/images/train/part2_000781.jpg,.jpg,impulse_noise,2,474508263,part2_000781__A1C__impulse_noise__s2.png
part2_000785,/root/autodl-tmp/helmet_yolo_v10/images/train/part2_000785.jpg,.jpg,snow,3,256227252,part2_000785__A1C__snow__s3.png
part2_000786,/root/autodl-tmp/helmet_yolo_v10/images/train/part2_000786.jpg,.jpg,jpeg_compression,2,2589516517,part2_000786__A1C__jpeg_compression__s2.png
part2_000787,/root/autodl-tmp/helmet_yolo_v10/images/train/part2_000787.jpg,.jpg,gaussian_noise,3,697693195,part2_000787__A1C__gaussian_noise__s3.png
part2_000788,/root/autodl-tmp/helmet_yolo_v10/images/train/part2_000788.jpg,.jpg,brightness,2,197231404,part2_000788__A1C__brightness__s2.png
part2_000790,/root/autodl-tmp/helmet_yolo_v10/images/train/part2_000790.jpg,.jpg,shot_noise,3,3537641854,part2_000790__A1C__shot_noise__s3.png
part2_000793,/root/autodl-tmp/helmet_yolo_v10/images/train/part2_000793.jpg,.jpg,snow,2,588617379,part2_000793__A1C__snow__s2.png
part2_000795,/root/autodl-tmp/helmet_yolo_v10/images/train/part2_000795.jpg,.jpg,shot_noise,1,1555978233,part2_000795__A1C__shot_noise__s1.png
part2_000799,/root/autodl-tmp/helmet_yolo_v10/images/train/part2_000799.jpg,.jpg,glass_blur,2,3274083455,part2_000799__A1C__glass_blur__s2.png
part2_000805,/root/autodl-tmp/helmet_yolo_v10/images/train/part2_000805.jpg,.jpg,fog,2,2091109518,part2_000805__A1C__fog__s2.png
part2_000807,/root/autodl-tmp/helmet_yolo_v10/images/train/part2_000807.jpg,.jpg,snow,3,2009033269,part2_000807__A1C__snow__s3.png
part2_000808,/root/autodl-tmp/helmet_yolo_v10/images/train/part2_000808.jpg,.jpg,frost,2,1177720085,part2_000808__A1C__frost__s2.png
part2_000809,/root/autodl-tmp/helmet_yolo_v10/images/train/part2_000809.jpg,.jpg,defocus_blur,1,2488283512,part2_000809__A1C__defocus_blur__s1.png
part2_000810,/root/autodl-tmp/helmet_yolo_v10/images/train/part2_000810.jpg,.jpg,impulse_noise,2,3235828872,part2_000810__A1C__impulse_noise__s2.png
part2_000811,/root/autodl-tmp/helmet_yolo_v10/images/train/part2_000811.jpg,.jpg,gaussian_noise,2,2625181540,part2_000811__A1C__gaussian_noise__s2.png
part2_000812,/root/autodl-tmp/helmet_yolo_v10/images/train/part2_000812.jpg,.jpg,brightness,1,1141082737,part2_000812__A1C__brightness__s1.png
part2_000815,/root/autodl-tmp/helmet_yolo_v10/images/train/part2_000815.jpg,.jpg,snow,1,2063864401,part2_000815__A1C__snow__s1.png
part2_000816,/root/autodl-tmp/helmet_yolo_v10/images/train/part2_000816.jpg,.jpg,fog,1,2739458255,part2_000816__A1C__fog__s1.png
part2_000818,/root/autodl-tmp/helmet_yolo_v10/images/train/part2_000818.jpg,.jpg,frost,2,2131541538,part2_000818__A1C__frost__s2.png
part2_000819,/root/autodl-tmp/helmet_yolo_v10/images/train/part2_000819.jpg,.jpg,motion_blur,1,1138132150,part2_000819__A1C__motion_blur__s1.png
part2_000822,/root/autodl-tmp/helmet_yolo_v10/images/train/part2_000822.jpg,.jpg,defocus_blur,3,2460886996,part2_000822__A1C__defocus_blur__s3.png
part2_000826,/root/autodl-tmp/helmet_yolo_v10/images/train/part2_000826.jpg,.jpg,zoom_blur,1,3181177844,part2_000826__A1C__zoom_blur__s1.png
part2_000827,/root/autodl-tmp/helmet_yolo_v10/images/train/part2_000827.jpg,.jpg,contrast,3,3966175691,part2_000827__A1C__contrast__s3.png
part2_000828,/root/autodl-tmp/helmet_yolo_v10/images/train/part2_000828.jpg,.jpg,pixelate,2,880394499,part2_000828__A1C__pixelate__s2.png
part2_000831,/root/autodl-tmp/helmet_yolo_v10/images/train/part2_000831.jpg,.jpg,frost,3,3359428067,part2_000831__A1C__frost__s3.png
part2_000833,/root/autodl-tmp/helmet_yolo_v10/images/train/part2_000833.jpg,.jpg,motion_blur,3,2431621522,part2_000833__A1C__motion_blur__s3.png
part2_000835,/root/autodl-tmp/helmet_yolo_v10/images/train/part2_000835.jpg,.jpg,gaussian_noise,2,2434134174,part2_000835__A1C__gaussian_noise__s2.png
part2_000841,/root/autodl-tmp/helmet_yolo_v10/images/train/part2_000841.jpg,.jpg,contrast,2,1082282842,part2_000841__A1C__contrast__s2.png
part2_000843,/root/autodl-tmp/helmet_yolo_v10/images/train/part2_000843.jpg,.jpg,contrast,3,4127406627,part2_000843__A1C__contrast__s3.png
part2_000849,/root/autodl-tmp/helmet_yolo_v10/images/train/part2_000849.jpg,.jpg,gaussian_noise,1,3071748126,part2_000849__A1C__gaussian_noise__s1.png
part2_000850,/root/autodl-tmp/helmet_yolo_v10/images/train/part2_000850.jpg,.jpg,zoom_blur,3,2395914954,part2_000850__A1C__zoom_blur__s3.png
part2_000851,/root/autodl-tmp/helmet_yolo_v10/images/train/part2_000851.jpg,.jpg,gaussian_noise,1,2534659800,part2_000851__A1C__gaussian_noise__s1.png
part2_000854,/root/autodl-tmp/helmet_yolo_v10/images/train/part2_000854.jpg,.jpg,pixelate,1,2400060234,part2_000854__A1C__pixelate__s1.png
part2_000855,/root/autodl-tmp/helmet_yolo_v10/images/train/part2_000855.jpg,.jpg,frost,1,2654516058,part2_000855__A1C__frost__s1.png
part2_000859,/root/autodl-tmp/helmet_yolo_v10/images/train/part2_000859.jpg,.jpg,frost,2,2388630087,part2_000859__A1C__frost__s2.png
part2_000860,/root/autodl-tmp/helmet_yolo_v10/images/train/part2_000860.jpg,.jpg,pixelate,2,4114004967,part2_000860__A1C__pixelate__s2.png
part2_000861,/root/autodl-tmp/helmet_yolo_v10/images/train/part2_000861.jpg,.jpg,fog,1,175148077,part2_000861__A1C__fog__s1.png
part2_000862,/root/autodl-tmp/helmet_yolo_v10/images/train/part2_000862.jpg,.jpg,shot_noise,1,628770393,part2_000862__A1C__shot_noise__s1.png
part2_000864,/root/autodl-tmp/helmet_yolo_v10/images/train/part2_000864.jpg,.jpg,jpeg_compression,1,27454495,part2_000864__A1C__jpeg_compression__s1.png
part2_000865,/root/autodl-tmp/helmet_yolo_v10/images/train/part2_000865.jpg,.jpg,zoom_blur,2,1875302676,part2_000865__A1C__zoom_blur__s2.png
part2_000866,/root/autodl-tmp/helmet_yolo_v10/images/train/part2_000866.jpg,.jpg,glass_blur,2,2154830619,part2_000866__A1C__glass_blur__s2.png
part2_000867,/root/autodl-tmp/helmet_yolo_v10/images/train/part2_000867.jpg,.jpg,snow,3,3714834168,part2_000867__A1C__snow__s3.png
part2_000868,/root/autodl-tmp/helmet_yolo_v10/images/train/part2_000868.jpg,.jpg,zoom_blur,1,1235818321,part2_000868__A1C__zoom_blur__s1.png
part2_000869,/root/autodl-tmp/helmet_yolo_v10/images/train/part2_000869.jpg,.jpg,pixelate,2,3672424300,part2_000869__A1C__pixelate__s2.png
part2_000871,/root/autodl-tmp/helmet_yolo_v10/images/train/part2_000871.jpg,.jpg,motion_blur,1,2350766806,part2_000871__A1C__motion_blur__s1.png
part2_000874,/root/autodl-tmp/helmet_yolo_v10/images/train/part2_000874.jpg,.jpg,pixelate,1,729127686,part2_000874__A1C__pixelate__s1.png
part2_000875,/root/autodl-tmp/helmet_yolo_v10/images/train/part2_000875.jpg,.jpg,motion_blur,2,410141582,part2_000875__A1C__motion_blur__s2.png
part2_000876,/root/autodl-tmp/helmet_yolo_v10/images/train/part2_000876.jpg,.jpg,glass_blur,1,3003399713,part2_000876__A1C__glass_blur__s1.png
part2_000877,/root/autodl-tmp/helmet_yolo_v10/images/train/part2_000877.jpg,.jpg,impulse_noise,2,9335242,part2_000877__A1C__impulse_noise__s2.png
part2_000878,/root/autodl-tmp/helmet_yolo_v10/images/train/part2_000878.jpg,.jpg,jpeg_compression,1,789353300,part2_000878__A1C__jpeg_compression__s1.png
part2_000881,/root/autodl-tmp/helmet_yolo_v10/images/train/part2_000881.jpg,.jpg,brightness,1,820250245,part2_000881__A1C__brightness__s1.png
part2_000883,/root/autodl-tmp/helmet_yolo_v10/images/train/part2_000883.jpg,.jpg,jpeg_compression,1,3340739262,part2_000883__A1C__jpeg_compression__s1.png
part2_000884,/root/autodl-tmp/helmet_yolo_v10/images/train/part2_000884.jpg,.jpg,jpeg_compression,3,3388876206,part2_000884__A1C__jpeg_compression__s3.png
part2_000885,/root/autodl-tmp/helmet_yolo_v10/images/train/part2_000885.jpg,.jpg,pixelate,2,178339049,part2_000885__A1C__pixelate__s2.png
part2_000886,/root/autodl-tmp/helmet_yolo_v10/images/train/part2_000886.jpg,.jpg,frost,2,817445640,part2_000886__A1C__frost__s2.png
part2_000887,/root/autodl-tmp/helmet_yolo_v10/images/train/part2_000887.jpg,.jpg,frost,3,3111428003,part2_000887__A1C__frost__s3.png
part2_000890,/root/autodl-tmp/helmet_yolo_v10/images/train/part2_000890.jpg,.jpg,jpeg_compression,3,3982978785,part2_000890__A1C__jpeg_compression__s3.png
part2_000891,/root/autodl-tmp/helmet_yolo_v10/images/train/part2_000891.jpg,.jpg,gaussian_noise,3,429261965,part2_000891__A1C__gaussian_noise__s3.png
part2_000892,/root/autodl-tmp/helmet_yolo_v10/images/train/part2_000892.jpg,.jpg,shot_noise,3,3083546289,part2_000892__A1C__shot_noise__s3.png
part2_000894,/root/autodl-tmp/helmet_yolo_v10/images/train/part2_000894.jpg,.jpg,defocus_blur,2,5551545,part2_000894__A1C__defocus_blur__s2.png
part2_000895,/root/autodl-tmp/helmet_yolo_v10/images/train/part2_000895.jpg,.jpg,fog,3,296957872,part2_000895__A1C__fog__s3.png
part2_000896,/root/autodl-tmp/helmet_yolo_v10/images/train/part2_000896.jpg,.jpg,contrast,3,1714553613,part2_000896__A1C__contrast__s3.png
part2_000897,/root/autodl-tmp/helmet_yolo_v10/images/train/part2_000897.jpg,.jpg,contrast,1,2084164392,part2_000897__A1C__contrast__s1.png
part2_000899,/root/autodl-tmp/helmet_yolo_v10/images/train/part2_000899.jpg,.jpg,shot_noise,2,1393329086,part2_000899__A1C__shot_noise__s2.png
part2_000900,/root/autodl-tmp/helmet_yolo_v10/images/train/part2_000900.jpg,.jpg,jpeg_compression,2,1450524788,part2_000900__A1C__jpeg_compression__s2.png
part2_000902,/root/autodl-tmp/helmet_yolo_v10/images/train/part2_000902.jpg,.jpg,snow,2,545473255,part2_000902__A1C__snow__s2.png
part2_000903,/root/autodl-tmp/helmet_yolo_v10/images/train/part2_000903.jpg,.jpg,contrast,2,1634627878,part2_000903__A1C__contrast__s2.png
part2_000904,/root/autodl-tmp/helmet_yolo_v10/images/train/part2_000904.jpg,.jpg,frost,1,2133849780,part2_000904__A1C__frost__s1.png
part2_000905,/root/autodl-tmp/helmet_yolo_v10/images/train/part2_000905.jpg,.jpg,defocus_blur,1,2539687681,part2_000905__A1C__defocus_blur__s1.png
part2_000908,/root/autodl-tmp/helmet_yolo_v10/images/train/part2_000908.jpg,.jpg,defocus_blur,2,2227575813,part2_000908__A1C__defocus_blur__s2.png
part2_000909,/root/autodl-tmp/helmet_yolo_v10/images/train/part2_000909.jpg,.jpg,brightness,1,1118863314,part2_000909__A1C__brightness__s1.png
part2_000910,/root/autodl-tmp/helmet_yolo_v10/images/train/part2_000910.jpg,.jpg,jpeg_compression,2,3099582694,part2_000910__A1C__jpeg_compression__s2.png
part2_000912,/root/autodl-tmp/helmet_yolo_v10/images/train/part2_000912.jpg,.jpg,glass_blur,2,1054023594,part2_000912__A1C__glass_blur__s2.png
part2_000913,/root/autodl-tmp/helmet_yolo_v10/images/train/part2_000913.jpg,.jpg,brightness,1,968509027,part2_000913__A1C__brightness__s1.png
part2_000916,/root/autodl-tmp/helmet_yolo_v10/images/train/part2_000916.jpg,.jpg,jpeg_compression,3,619073540,part2_000916__A1C__jpeg_compression__s3.png
part2_000919,/root/autodl-tmp/helmet_yolo_v10/images/train/part2_000919.jpg,.jpg,fog,3,1176561572,part2_000919__A1C__fog__s3.png
part2_000920,/root/autodl-tmp/helmet_yolo_v10/images/train/part2_000920.jpg,.jpg,brightness,2,2481437798,part2_000920__A1C__brightness__s2.png
part2_000923,/root/autodl-tmp/helmet_yolo_v10/images/train/part2_000923.jpg,.jpg,jpeg_compression,2,130573582,part2_000923__A1C__jpeg_compression__s2.png
part2_000926,/root/autodl-tmp/helmet_yolo_v10/images/train/part2_000926.jpg,.jpg,impulse_noise,1,584570776,part2_000926__A1C__impulse_noise__s1.png
part2_000927,/root/autodl-tmp/helmet_yolo_v10/images/train/part2_000927.jpg,.jpg,gaussian_noise,2,909540307,part2_000927__A1C__gaussian_noise__s2.png
part2_000929,/root/autodl-tmp/helmet_yolo_v10/images/train/part2_000929.jpg,.jpg,contrast,3,140727888,part2_000929__A1C__contrast__s3.png
part2_000931,/root/autodl-tmp/helmet_yolo_v10/images/train/part2_000931.jpg,.jpg,zoom_blur,1,3007739953,part2_000931__A1C__zoom_blur__s1.png
part2_000932,/root/autodl-tmp/helmet_yolo_v10/images/train/part2_000932.jpg,.jpg,motion_blur,1,1668092234,part2_000932__A1C__motion_blur__s1.png
part2_000936,/root/autodl-tmp/helmet_yolo_v10/images/train/part2_000936.jpg,.jpg,shot_noise,3,2666332318,part2_000936__A1C__shot_noise__s3.png
part2_000938,/root/autodl-tmp/helmet_yolo_v10/images/train/part2_000938.jpg,.jpg,glass_blur,1,1437133284,part2_000938__A1C__glass_blur__s1.png
part2_000943,/root/autodl-tmp/helmet_yolo_v10/images/train/part2_000943.jpg,.jpg,motion_blur,3,4160414979,part2_000943__A1C__motion_blur__s3.png
part2_000945,/root/autodl-tmp/helmet_yolo_v10/images/train/part2_000945.jpg,.jpg,motion_blur,3,107682899,part2_000945__A1C__motion_blur__s3.png
part2_000946,/root/autodl-tmp/helmet_yolo_v10/images/train/part2_000946.jpg,.jpg,pixelate,1,3468425849,part2_000946__A1C__pixelate__s1.png
part2_000947,/root/autodl-tmp/helmet_yolo_v10/images/train/part2_000947.jpg,.jpg,frost,1,2772519492,part2_000947__A1C__frost__s1.png
part2_000948,/root/autodl-tmp/helmet_yolo_v10/images/train/part2_000948.jpg,.jpg,brightness,1,3792858186,part2_000948__A1C__brightness__s1.png
part2_000951,/root/autodl-tmp/helmet_yolo_v10/images/train/part2_000951.jpg,.jpg,snow,3,3112082448,part2_000951__A1C__snow__s3.png
part2_000952,/root/autodl-tmp/helmet_yolo_v10/images/train/part2_000952.jpg,.jpg,zoom_blur,1,4281825738,part2_000952__A1C__zoom_blur__s1.png
part2_000957,/root/autodl-tmp/helmet_yolo_v10/images/train/part2_000957.jpg,.jpg,snow,3,2489300472,part2_000957__A1C__snow__s3.png
part2_000959,/root/autodl-tmp/helmet_yolo_v10/images/train/part2_000959.jpg,.jpg,glass_blur,2,2830535982,part2_000959__A1C__glass_blur__s2.png
part2_000960,/root/autodl-tmp/helmet_yolo_v10/images/train/part2_000960.jpg,.jpg,gaussian_noise,1,3559153790,part2_000960__A1C__gaussian_noise__s1.png
part2_000966,/root/autodl-tmp/helmet_yolo_v10/images/train/part2_000966.jpg,.jpg,motion_blur,1,2680585648,part2_000966__A1C__motion_blur__s1.png
part2_000968,/root/autodl-tmp/helmet_yolo_v10/images/train/part2_000968.jpg,.jpg,pixelate,3,318171565,part2_000968__A1C__pixelate__s3.png
part2_000972,/root/autodl-tmp/helmet_yolo_v10/images/train/part2_000972.jpg,.jpg,snow,2,4163361678,part2_000972__A1C__snow__s2.png
part2_000973,/root/autodl-tmp/helmet_yolo_v10/images/train/part2_000973.jpg,.jpg,impulse_noise,1,1176641274,part2_000973__A1C__impulse_noise__s1.png
part2_000976,/root/autodl-tmp/helmet_yolo_v10/images/train/part2_000976.jpg,.jpg,gaussian_noise,1,1405695962,part2_000976__A1C__gaussian_noise__s1.png
part2_000977,/root/autodl-tmp/helmet_yolo_v10/images/train/part2_000977.jpg,.jpg,motion_blur,1,1976655745,part2_000977__A1C__motion_blur__s1.png
part2_000981,/root/autodl-tmp/helmet_yolo_v10/images/train/part2_000981.jpg,.jpg,glass_blur,3,766568931,part2_000981__A1C__glass_blur__s3.png
part2_000982,/root/autodl-tmp/helmet_yolo_v10/images/train/part2_000982.jpg,.jpg,snow,2,4235722750,part2_000982__A1C__snow__s2.png
part2_000984,/root/autodl-tmp/helmet_yolo_v10/images/train/part2_000984.jpg,.jpg,impulse_noise,1,2963408881,part2_000984__A1C__impulse_noise__s1.png
part2_000985,/root/autodl-tmp/helmet_yolo_v10/images/train/part2_000985.jpg,.jpg,impulse_noise,1,3507295574,part2_000985__A1C__impulse_noise__s1.png
part2_000986,/root/autodl-tmp/helmet_yolo_v10/images/train/part2_000986.jpg,.jpg,jpeg_compression,2,4196240124,part2_000986__A1C__jpeg_compression__s2.png
part2_000990,/root/autodl-tmp/helmet_yolo_v10/images/train/part2_000990.jpg,.jpg,brightness,2,2862966347,part2_000990__A1C__brightness__s2.png
part2_000996,/root/autodl-tmp/helmet_yolo_v10/images/train/part2_000996.jpg,.jpg,shot_noise,2,1505888737,part2_000996__A1C__shot_noise__s2.png
part2_001001,/root/autodl-tmp/helmet_yolo_v10/images/train/part2_001001.jpg,.jpg,zoom_blur,2,4093172687,part2_001001__A1C__zoom_blur__s2.png
part2_001002,/root/autodl-tmp/helmet_yolo_v10/images/train/part2_001002.jpg,.jpg,shot_noise,3,333140130,part2_001002__A1C__shot_noise__s3.png
part2_001005,/root/autodl-tmp/helmet_yolo_v10/images/train/part2_001005.jpg,.jpg,zoom_blur,1,3822124588,part2_001005__A1C__zoom_blur__s1.png
part2_001007,/root/autodl-tmp/helmet_yolo_v10/images/train/part2_001007.jpg,.jpg,brightness,2,800897560,part2_001007__A1C__brightness__s2.png
part2_001010,/root/autodl-tmp/helmet_yolo_v10/images/train/part2_001010.jpg,.jpg,fog,3,2099006280,part2_001010__A1C__fog__s3.png
part2_001013,/root/autodl-tmp/helmet_yolo_v10/images/train/part2_001013.jpg,.jpg,snow,2,3146427814,part2_001013__A1C__snow__s2.png
part2_001014,/root/autodl-tmp/helmet_yolo_v10/images/train/part2_001014.jpg,.jpg,motion_blur,1,486496009,part2_001014__A1C__motion_blur__s1.png
part2_001015,/root/autodl-tmp/helmet_yolo_v10/images/train/part2_001015.jpg,.jpg,gaussian_noise,1,2160135296,part2_001015__A1C__gaussian_noise__s1.png
part2_001016,/root/autodl-tmp/helmet_yolo_v10/images/train/part2_001016.jpg,.jpg,defocus_blur,3,3214963110,part2_001016__A1C__defocus_blur__s3.png
part2_001017,/root/autodl-tmp/helmet_yolo_v10/images/train/part2_001017.jpg,.jpg,impulse_noise,3,3790314815,part2_001017__A1C__impulse_noise__s3.png
part2_001018,/root/autodl-tmp/helmet_yolo_v10/images/train/part2_001018.jpg,.jpg,brightness,1,1414898943,part2_001018__A1C__brightness__s1.png
part2_001020,/root/autodl-tmp/helmet_yolo_v10/images/train/part2_001020.jpg,.jpg,pixelate,1,1402821262,part2_001020__A1C__pixelate__s1.png
part2_001028,/root/autodl-tmp/helmet_yolo_v10/images/train/part2_001028.jpg,.jpg,brightness,2,357842782,part2_001028__A1C__brightness__s2.png
part2_001029,/root/autodl-tmp/helmet_yolo_v10/images/train/part2_001029.jpg,.jpg,frost,3,1694997525,part2_001029__A1C__frost__s3.png
part2_001030,/root/autodl-tmp/helmet_yolo_v10/images/train/part2_001030.jpg,.jpg,glass_blur,2,556300372,part2_001030__A1C__glass_blur__s2.png
part2_001034,/root/autodl-tmp/helmet_yolo_v10/images/train/part2_001034.jpg,.jpg,frost,3,1038686052,part2_001034__A1C__frost__s3.png
part2_001035,/root/autodl-tmp/helmet_yolo_v10/images/train/part2_001035.jpg,.jpg,jpeg_compression,2,368756431,part2_001035__A1C__jpeg_compression__s2.png
part2_001036,/root/autodl-tmp/helmet_yolo_v10/images/train/part2_001036.jpg,.jpg,fog,2,1158831402,part2_001036__A1C__fog__s2.png
part2_001038,/root/autodl-tmp/helmet_yolo_v10/images/train/part2_001038.jpg,.jpg,snow,3,1124820818,part2_001038__A1C__snow__s3.png
part2_001039,/root/autodl-tmp/helmet_yolo_v10/images/train/part2_001039.jpg,.jpg,motion_blur,3,1158886701,part2_001039__A1C__motion_blur__s3.png
part2_001043,/root/autodl-tmp/helmet_yolo_v10/images/train/part2_001043.jpg,.jpg,impulse_noise,3,3854223387,part2_001043__A1C__impulse_noise__s3.png
part2_001044,/root/autodl-tmp/helmet_yolo_v10/images/train/part2_001044.jpg,.jpg,snow,3,3839993164,part2_001044__A1C__snow__s3.png
part2_001046,/root/autodl-tmp/helmet_yolo_v10/images/train/part2_001046.jpg,.jpg,glass_blur,3,2656416317,part2_001046__A1C__glass_blur__s3.png
part2_001049,/root/autodl-tmp/helmet_yolo_v10/images/train/part2_001049.jpg,.jpg,motion_blur,2,4060161173,part2_001049__A1C__motion_blur__s2.png
part2_001051,/root/autodl-tmp/helmet_yolo_v10/images/train/part2_001051.jpg,.jpg,snow,1,1492546573,part2_001051__A1C__snow__s1.png
part2_001052,/root/autodl-tmp/helmet_yolo_v10/images/train/part2_001052.jpg,.jpg,glass_blur,3,2303551552,part2_001052__A1C__glass_blur__s3.png
part2_001057,/root/autodl-tmp/helmet_yolo_v10/images/train/part2_001057.jpg,.jpg,defocus_blur,2,55490396,part2_001057__A1C__defocus_blur__s2.png
part2_001062,/root/autodl-tmp/helmet_yolo_v10/images/train/part2_001062.jpg,.jpg,contrast,2,84928955,part2_001062__A1C__contrast__s2.png
part2_001063,/root/autodl-tmp/helmet_yolo_v10/images/train/part2_001063.jpg,.jpg,pixelate,1,1543592521,part2_001063__A1C__pixelate__s1.png
part2_001066,/root/autodl-tmp/helmet_yolo_v10/images/train/part2_001066.jpg,.jpg,jpeg_compression,1,2983498124,part2_001066__A1C__jpeg_compression__s1.png
part2_001067,/root/autodl-tmp/helmet_yolo_v10/images/train/part2_001067.jpg,.jpg,brightness,2,3472322672,part2_001067__A1C__brightness__s2.png
part2_001068,/root/autodl-tmp/helmet_yolo_v10/images/train/part2_001068.jpg,.jpg,frost,3,2634844243,part2_001068__A1C__frost__s3.png
part2_001070,/root/autodl-tmp/helmet_yolo_v10/images/train/part2_001070.jpg,.jpg,snow,3,3977451874,part2_001070__A1C__snow__s3.png
part2_001071,/root/autodl-tmp/helmet_yolo_v10/images/train/part2_001071.jpg,.jpg,jpeg_compression,2,246624523,part2_001071__A1C__jpeg_compression__s2.png
part2_001072,/root/autodl-tmp/helmet_yolo_v10/images/train/part2_001072.jpg,.jpg,gaussian_noise,1,2369014897,part2_001072__A1C__gaussian_noise__s1.png
part2_001075,/root/autodl-tmp/helmet_yolo_v10/images/train/part2_001075.jpg,.jpg,zoom_blur,1,750099958,part2_001075__A1C__zoom_blur__s1.png
part2_001077,/root/autodl-tmp/helmet_yolo_v10/images/train/part2_001077.jpg,.jpg,brightness,3,4210951821,part2_001077__A1C__brightness__s3.png
part2_001080,/root/autodl-tmp/helmet_yolo_v10/images/train/part2_001080.jpg,.jpg,contrast,1,3595625446,part2_001080__A1C__contrast__s1.png
part2_001081,/root/autodl-tmp/helmet_yolo_v10/images/train/part2_001081.jpg,.jpg,snow,1,640761829,part2_001081__A1C__snow__s1.png
part2_001084,/root/autodl-tmp/helmet_yolo_v10/images/train/part2_001084.jpg,.jpg,jpeg_compression,2,2675264607,part2_001084__A1C__jpeg_compression__s2.png
part2_001085,/root/autodl-tmp/helmet_yolo_v10/images/train/part2_001085.jpg,.jpg,frost,2,2869420291,part2_001085__A1C__frost__s2.png
part2_001088,/root/autodl-tmp/helmet_yolo_v10/images/train/part2_001088.jpg,.jpg,pixelate,1,1876799677,part2_001088__A1C__pixelate__s1.png
part2_001089,/root/autodl-tmp/helmet_yolo_v10/images/train/part2_001089.jpg,.jpg,motion_blur,2,2865009573,part2_001089__A1C__motion_blur__s2.png
part2_001090,/root/autodl-tmp/helmet_yolo_v10/images/train/part2_001090.jpg,.jpg,gaussian_noise,1,1418985559,part2_001090__A1C__gaussian_noise__s1.png
part2_001092,/root/autodl-tmp/helmet_yolo_v10/images/train/part2_001092.jpg,.jpg,fog,1,3022091102,part2_001092__A1C__fog__s1.png
part2_001094,/root/autodl-tmp/helmet_yolo_v10/images/train/part2_001094.jpg,.jpg,pixelate,1,3230976239,part2_001094__A1C__pixelate__s1.png
part2_001095,/root/autodl-tmp/helmet_yolo_v10/images/train/part2_001095.jpg,.jpg,frost,1,1094966019,part2_001095__A1C__frost__s1.png
part2_001099,/root/autodl-tmp/helmet_yolo_v10/images/train/part2_001099.jpg,.jpg,impulse_noise,1,2483022683,part2_001099__A1C__impulse_noise__s1.png
part2_001100,/root/autodl-tmp/helmet_yolo_v10/images/train/part2_001100.jpg,.jpg,brightness,1,2958114560,part2_001100__A1C__brightness__s1.png
part2_001101,/root/autodl-tmp/helmet_yolo_v10/images/train/part2_001101.jpg,.jpg,impulse_noise,2,1745715352,part2_001101__A1C__impulse_noise__s2.png
part2_001104,/root/autodl-tmp/helmet_yolo_v10/images/train/part2_001104.jpg,.jpg,jpeg_compression,3,1071297748,part2_001104__A1C__jpeg_compression__s3.png
part2_001106,/root/autodl-tmp/helmet_yolo_v10/images/train/part2_001106.jpg,.jpg,motion_blur,1,1278223,part2_001106__A1C__motion_blur__s1.png
part2_001107,/root/autodl-tmp/helmet_yolo_v10/images/train/part2_001107.jpg,.jpg,gaussian_noise,2,1557263300,part2_001107__A1C__gaussian_noise__s2.png
part2_001108,/root/autodl-tmp/helmet_yolo_v10/images/train/part2_001108.jpg,.jpg,motion_blur,3,1332720526,part2_001108__A1C__motion_blur__s3.png
part2_001109,/root/autodl-tmp/helmet_yolo_v10/images/train/part2_001109.jpg,.jpg,shot_noise,1,216956459,part2_001109__A1C__shot_noise__s1.png
part2_001110,/root/autodl-tmp/helmet_yolo_v10/images/train/part2_001110.jpg,.jpg,impulse_noise,1,2237049500,part2_001110__A1C__impulse_noise__s1.png
part2_001112,/root/autodl-tmp/helmet_yolo_v10/images/train/part2_001112.jpg,.jpg,motion_blur,2,2177459758,part2_001112__A1C__motion_blur__s2.png
part2_001115,/root/autodl-tmp/helmet_yolo_v10/images/train/part2_001115.jpg,.jpg,pixelate,2,1481761126,part2_001115__A1C__pixelate__s2.png
part2_001117,/root/autodl-tmp/helmet_yolo_v10/images/train/part2_001117.jpg,.jpg,zoom_blur,1,1504747006,part2_001117__A1C__zoom_blur__s1.png
part2_001118,/root/autodl-tmp/helmet_yolo_v10/images/train/part2_001118.jpg,.jpg,impulse_noise,1,1631404701,part2_001118__A1C__impulse_noise__s1.png
part2_001119,/root/autodl-tmp/helmet_yolo_v10/images/train/part2_001119.jpg,.jpg,impulse_noise,2,1550906692,part2_001119__A1C__impulse_noise__s2.png
part2_001121,/root/autodl-tmp/helmet_yolo_v10/images/train/part2_001121.jpg,.jpg,glass_blur,2,1300109207,part2_001121__A1C__glass_blur__s2.png
part2_001122,/root/autodl-tmp/helmet_yolo_v10/images/train/part2_001122.jpg,.jpg,motion_blur,3,1252756161,part2_001122__A1C__motion_blur__s3.png
part2_001126,/root/autodl-tmp/helmet_yolo_v10/images/train/part2_001126.jpg,.jpg,shot_noise,2,1328090977,part2_001126__A1C__shot_noise__s2.png
part2_001133,/root/autodl-tmp/helmet_yolo_v10/images/train/part2_001133.jpg,.jpg,zoom_blur,2,721392477,part2_001133__A1C__zoom_blur__s2.png
part2_001134,/root/autodl-tmp/helmet_yolo_v10/images/train/part2_001134.jpg,.jpg,contrast,2,2143598156,part2_001134__A1C__contrast__s2.png
part2_001136,/root/autodl-tmp/helmet_yolo_v10/images/train/part2_001136.jpg,.jpg,motion_blur,1,118703817,part2_001136__A1C__motion_blur__s1.png
part2_001137,/root/autodl-tmp/helmet_yolo_v10/images/train/part2_001137.jpg,.jpg,zoom_blur,1,3263314286,part2_001137__A1C__zoom_blur__s1.png
part2_001138,/root/autodl-tmp/helmet_yolo_v10/images/train/part2_001138.jpg,.jpg,brightness,2,3788442327,part2_001138__A1C__brightness__s2.png
part2_001140,/root/autodl-tmp/helmet_yolo_v10/images/train/part2_001140.jpg,.jpg,contrast,3,2666532383,part2_001140__A1C__contrast__s3.png
part2_001141,/root/autodl-tmp/helmet_yolo_v10/images/train/part2_001141.jpg,.jpg,pixelate,2,1217420648,part2_001141__A1C__pixelate__s2.png
part2_001142,/root/autodl-tmp/helmet_yolo_v10/images/train/part2_001142.jpg,.jpg,gaussian_noise,3,3500991031,part2_001142__A1C__gaussian_noise__s3.png
part2_001143,/root/autodl-tmp/helmet_yolo_v10/images/train/part2_001143.jpg,.jpg,pixelate,2,173095665,part2_001143__A1C__pixelate__s2.png
part2_001150,/root/autodl-tmp/helmet_yolo_v10/images/train/part2_001150.jpg,.jpg,contrast,2,638513410,part2_001150__A1C__contrast__s2.png
part2_001152,/root/autodl-tmp/helmet_yolo_v10/images/train/part2_001152.jpg,.jpg,shot_noise,2,3075109938,part2_001152__A1C__shot_noise__s2.png
part2_001154,/root/autodl-tmp/helmet_yolo_v10/images/train/part2_001154.jpg,.jpg,jpeg_compression,3,3278364116,part2_001154__A1C__jpeg_compression__s3.png
part2_001156,/root/autodl-tmp/helmet_yolo_v10/images/train/part2_001156.jpg,.jpg,glass_blur,1,3884296872,part2_001156__A1C__glass_blur__s1.png
part2_001159,/root/autodl-tmp/helmet_yolo_v10/images/train/part2_001159.jpg,.jpg,zoom_blur,3,1056106035,part2_001159__A1C__zoom_blur__s3.png
part2_001160,/root/autodl-tmp/helmet_yolo_v10/images/train/part2_001160.jpg,.jpg,impulse_noise,1,2784472420,part2_001160__A1C__impulse_noise__s1.png
part2_001161,/root/autodl-tmp/helmet_yolo_v10/images/train/part2_001161.jpg,.jpg,snow,3,4012564561,part2_001161__A1C__snow__s3.png
part2_001163,/root/autodl-tmp/helmet_yolo_v10/images/train/part2_001163.jpg,.jpg,snow,1,3595617454,part2_001163__A1C__snow__s1.png
part2_001166,/root/autodl-tmp/helmet_yolo_v10/images/train/part2_001166.jpg,.jpg,jpeg_compression,3,312899424,part2_001166__A1C__jpeg_compression__s3.png
part2_001169,/root/autodl-tmp/helmet_yolo_v10/images/train/part2_001169.jpg,.jpg,snow,1,1764667432,part2_001169__A1C__snow__s1.png
part2_001170,/root/autodl-tmp/helmet_yolo_v10/images/train/part2_001170.jpg,.jpg,contrast,1,2016468846,part2_001170__A1C__contrast__s1.png
part2_001171,/root/autodl-tmp/helmet_yolo_v10/images/train/part2_001171.jpg,.jpg,glass_blur,2,3349748058,part2_001171__A1C__glass_blur__s2.png
part2_001172,/root/autodl-tmp/helmet_yolo_v10/images/train/part2_001172.jpg,.jpg,defocus_blur,2,38106319,part2_001172__A1C__defocus_blur__s2.png
part2_001174,/root/autodl-tmp/helmet_yolo_v10/images/train/part2_001174.jpg,.jpg,brightness,2,825194521,part2_001174__A1C__brightness__s2.png
part2_001175,/root/autodl-tmp/helmet_yolo_v10/images/train/part2_001175.jpg,.jpg,jpeg_compression,2,3441035405,part2_001175__A1C__jpeg_compression__s2.png
part2_001177,/root/autodl-tmp/helmet_yolo_v10/images/train/part2_001177.jpg,.jpg,snow,2,2703465356,part2_001177__A1C__snow__s2.png
part2_001178,/root/autodl-tmp/helmet_yolo_v10/images/train/part2_001178.jpg,.jpg,brightness,2,3237075497,part2_001178__A1C__brightness__s2.png
part2_001182,/root/autodl-tmp/helmet_yolo_v10/images/train/part2_001182.jpg,.jpg,frost,2,1670117014,part2_001182__A1C__frost__s2.png
part2_001185,/root/autodl-tmp/helmet_yolo_v10/images/train/part2_001185.jpg,.jpg,gaussian_noise,1,4243225967,part2_001185__A1C__gaussian_noise__s1.png
part2_001186,/root/autodl-tmp/helmet_yolo_v10/images/train/part2_001186.jpg,.jpg,gaussian_noise,1,1528243093,part2_001186__A1C__gaussian_noise__s1.png
part2_001188,/root/autodl-tmp/helmet_yolo_v10/images/train/part2_001188.jpg,.jpg,shot_noise,1,3253235399,part2_001188__A1C__shot_noise__s1.png
part2_001189,/root/autodl-tmp/helmet_yolo_v10/images/train/part2_001189.jpg,.jpg,contrast,3,376992718,part2_001189__A1C__contrast__s3.png
part2_001190,/root/autodl-tmp/helmet_yolo_v10/images/train/part2_001190.jpg,.jpg,snow,2,2283540635,part2_001190__A1C__snow__s2.png
part2_001194,/root/autodl-tmp/helmet_yolo_v10/images/train/part2_001194.jpg,.jpg,zoom_blur,1,1121137117,part2_001194__A1C__zoom_blur__s1.png
part2_001195,/root/autodl-tmp/helmet_yolo_v10/images/train/part2_001195.jpg,.jpg,jpeg_compression,2,3921904487,part2_001195__A1C__jpeg_compression__s2.png
part2_001198,/root/autodl-tmp/helmet_yolo_v10/images/train/part2_001198.jpg,.jpg,gaussian_noise,2,3006033494,part2_001198__A1C__gaussian_noise__s2.png
part2_001201,/root/autodl-tmp/helmet_yolo_v10/images/train/part2_001201.jpg,.jpg,fog,1,1913608302,part2_001201__A1C__fog__s1.png
part2_001203,/root/autodl-tmp/helmet_yolo_v10/images/train/part2_001203.jpg,.jpg,shot_noise,1,1531102387,part2_001203__A1C__shot_noise__s1.png
part2_001204,/root/autodl-tmp/helmet_yolo_v10/images/train/part2_001204.jpg,.jpg,zoom_blur,1,506167297,part2_001204__A1C__zoom_blur__s1.png
part2_001209,/root/autodl-tmp/helmet_yolo_v10/images/train/part2_001209.jpg,.jpg,contrast,2,4104800674,part2_001209__A1C__contrast__s2.png
part2_001211,/root/autodl-tmp/helmet_yolo_v10/images/train/part2_001211.jpg,.jpg,jpeg_compression,2,1288184496,part2_001211__A1C__jpeg_compression__s2.png
part2_001214,/root/autodl-tmp/helmet_yolo_v10/images/train/part2_001214.jpg,.jpg,gaussian_noise,1,442974996,part2_001214__A1C__gaussian_noise__s1.png
part2_001215,/root/autodl-tmp/helmet_yolo_v10/images/train/part2_001215.jpg,.jpg,contrast,2,3370846166,part2_001215__A1C__contrast__s2.png
part2_001220,/root/autodl-tmp/helmet_yolo_v10/images/train/part2_001220.jpg,.jpg,brightness,1,1167699467,part2_001220__A1C__brightness__s1.png
part2_001221,/root/autodl-tmp/helmet_yolo_v10/images/train/part2_001221.jpg,.jpg,gaussian_noise,1,4171093193,part2_001221__A1C__gaussian_noise__s1.png
part2_001222,/root/autodl-tmp/helmet_yolo_v10/images/train/part2_001222.jpg,.jpg,glass_blur,3,2316586299,part2_001222__A1C__glass_blur__s3.png
part2_001225,/root/autodl-tmp/helmet_yolo_v10/images/train/part2_001225.jpg,.jpg,defocus_blur,3,4222476025,part2_001225__A1C__defocus_blur__s3.png
part2_001228,/root/autodl-tmp/helmet_yolo_v10/images/train/part2_001228.jpg,.jpg,impulse_noise,2,3270437670,part2_001228__A1C__impulse_noise__s2.png
part2_001229,/root/autodl-tmp/helmet_yolo_v10/images/train/part2_001229.jpg,.jpg,impulse_noise,1,1502813910,part2_001229__A1C__impulse_noise__s1.png
part2_001230,/root/autodl-tmp/helmet_yolo_v10/images/train/part2_001230.jpg,.jpg,frost,3,413737016,part2_001230__A1C__frost__s3.png
part2_001232,/root/autodl-tmp/helmet_yolo_v10/images/train/part2_001232.jpg,.jpg,gaussian_noise,3,1480874674,part2_001232__A1C__gaussian_noise__s3.png
part2_001233,/root/autodl-tmp/helmet_yolo_v10/images/train/part2_001233.jpg,.jpg,jpeg_compression,1,429453665,part2_001233__A1C__jpeg_compression__s1.png
part2_001234,/root/autodl-tmp/helmet_yolo_v10/images/train/part2_001234.jpg,.jpg,shot_noise,2,4056585574,part2_001234__A1C__shot_noise__s2.png
part2_001235,/root/autodl-tmp/helmet_yolo_v10/images/train/part2_001235.jpg,.jpg,gaussian_noise,2,1324273673,part2_001235__A1C__gaussian_noise__s2.png
part2_001236,/root/autodl-tmp/helmet_yolo_v10/images/train/part2_001236.jpg,.jpg,contrast,3,714390279,part2_001236__A1C__contrast__s3.png
part2_001241,/root/autodl-tmp/helmet_yolo_v10/images/train/part2_001241.jpg,.jpg,contrast,3,2282377728,part2_001241__A1C__contrast__s3.png
part2_001242,/root/autodl-tmp/helmet_yolo_v10/images/train/part2_001242.jpg,.jpg,snow,1,566608019,part2_001242__A1C__snow__s1.png
part2_001245,/root/autodl-tmp/helmet_yolo_v10/images/train/part2_001245.jpg,.jpg,motion_blur,1,2925802331,part2_001245__A1C__motion_blur__s1.png
part2_001246,/root/autodl-tmp/helmet_yolo_v10/images/train/part2_001246.jpg,.jpg,frost,1,3880499050,part2_001246__A1C__frost__s1.png
part2_001247,/root/autodl-tmp/helmet_yolo_v10/images/train/part2_001247.jpg,.jpg,pixelate,2,3691584454,part2_001247__A1C__pixelate__s2.png
part2_001248,/root/autodl-tmp/helmet_yolo_v10/images/train/part2_001248.jpg,.jpg,snow,3,4050496421,part2_001248__A1C__snow__s3.png
part2_001250,/root/autodl-tmp/helmet_yolo_v10/images/train/part2_001250.jpg,.jpg,frost,1,720390273,part2_001250__A1C__frost__s1.png
part2_001253,/root/autodl-tmp/helmet_yolo_v10/images/train/part2_001253.jpg,.jpg,gaussian_noise,3,2539594626,part2_001253__A1C__gaussian_noise__s3.png
part2_001255,/root/autodl-tmp/helmet_yolo_v10/images/train/part2_001255.jpg,.jpg,jpeg_compression,1,2264961885,part2_001255__A1C__jpeg_compression__s1.png
part2_001256,/root/autodl-tmp/helmet_yolo_v10/images/train/part2_001256.jpg,.jpg,shot_noise,2,1387189208,part2_001256__A1C__shot_noise__s2.png
part2_001257,/root/autodl-tmp/helmet_yolo_v10/images/train/part2_001257.jpg,.jpg,brightness,3,3627703277,part2_001257__A1C__brightness__s3.png
part2_001258,/root/autodl-tmp/helmet_yolo_v10/images/train/part2_001258.jpg,.jpg,snow,2,4200483299,part2_001258__A1C__snow__s2.png
part2_001260,/root/autodl-tmp/helmet_yolo_v10/images/train/part2_001260.jpg,.jpg,fog,2,3085176921,part2_001260__A1C__fog__s2.png
part2_001265,/root/autodl-tmp/helmet_yolo_v10/images/train/part2_001265.jpg,.jpg,motion_blur,2,2229804858,part2_001265__A1C__motion_blur__s2.png
part2_001266,/root/autodl-tmp/helmet_yolo_v10/images/train/part2_001266.jpg,.jpg,motion_blur,3,445272290,part2_001266__A1C__motion_blur__s3.png
part2_001270,/root/autodl-tmp/helmet_yolo_v10/images/train/part2_001270.jpg,.jpg,gaussian_noise,2,3011206925,part2_001270__A1C__gaussian_noise__s2.png
part2_001271,/root/autodl-tmp/helmet_yolo_v10/images/train/part2_001271.jpg,.jpg,jpeg_compression,3,1498751602,part2_001271__A1C__jpeg_compression__s3.png
part2_001272,/root/autodl-tmp/helmet_yolo_v10/images/train/part2_001272.jpg,.jpg,jpeg_compression,3,1509825659,part2_001272__A1C__jpeg_compression__s3.png
part2_001273,/root/autodl-tmp/helmet_yolo_v10/images/train/part2_001273.jpg,.jpg,frost,2,3901143549,part2_001273__A1C__frost__s2.png
part2_001274,/root/autodl-tmp/helmet_yolo_v10/images/train/part2_001274.jpg,.jpg,fog,1,1746365565,part2_001274__A1C__fog__s1.png
part2_001276,/root/autodl-tmp/helmet_yolo_v10/images/train/part2_001276.jpg,.jpg,glass_blur,3,282430479,part2_001276__A1C__glass_blur__s3.png
part2_001278,/root/autodl-tmp/helmet_yolo_v10/images/train/part2_001278.jpg,.jpg,jpeg_compression,3,3280276451,part2_001278__A1C__jpeg_compression__s3.png
part2_001281,/root/autodl-tmp/helmet_yolo_v10/images/train/part2_001281.jpg,.jpg,motion_blur,3,1992661732,part2_001281__A1C__motion_blur__s3.png
part2_001282,/root/autodl-tmp/helmet_yolo_v10/images/train/part2_001282.jpg,.jpg,jpeg_compression,2,3856688622,part2_001282__A1C__jpeg_compression__s2.png
part2_001284,/root/autodl-tmp/helmet_yolo_v10/images/train/part2_001284.jpg,.jpg,contrast,1,1153647929,part2_001284__A1C__contrast__s1.png
part2_001285,/root/autodl-tmp/helmet_yolo_v10/images/train/part2_001285.jpg,.jpg,contrast,2,3463651170,part2_001285__A1C__contrast__s2.png
part2_001297,/root/autodl-tmp/helmet_yolo_v10/images/train/part2_001297.jpg,.jpg,contrast,1,514725125,part2_001297__A1C__contrast__s1.png
part2_001298,/root/autodl-tmp/helmet_yolo_v10/images/train/part2_001298.jpg,.jpg,jpeg_compression,1,635006112,part2_001298__A1C__jpeg_compression__s1.png
part2_001299,/root/autodl-tmp/helmet_yolo_v10/images/train/part2_001299.jpg,.jpg,brightness,1,2802344652,part2_001299__A1C__brightness__s1.png
part2_001301,/root/autodl-tmp/helmet_yolo_v10/images/train/part2_001301.jpg,.jpg,jpeg_compression,3,3843949383,part2_001301__A1C__jpeg_compression__s3.png
part2_001303,/root/autodl-tmp/helmet_yolo_v10/images/train/part2_001303.jpg,.jpg,contrast,2,3630809147,part2_001303__A1C__contrast__s2.png
part2_001309,/root/autodl-tmp/helmet_yolo_v10/images/train/part2_001309.jpg,.jpg,motion_blur,1,579938545,part2_001309__A1C__motion_blur__s1.png
part2_001313,/root/autodl-tmp/helmet_yolo_v10/images/train/part2_001313.jpg,.jpg,shot_noise,1,3464136488,part2_001313__A1C__shot_noise__s1.png
part2_001314,/root/autodl-tmp/helmet_yolo_v10/images/train/part2_001314.jpg,.jpg,gaussian_noise,1,1152911769,part2_001314__A1C__gaussian_noise__s1.png
part2_001317,/root/autodl-tmp/helmet_yolo_v10/images/train/part2_001317.jpg,.jpg,pixelate,3,3757920787,part2_001317__A1C__pixelate__s3.png
part2_001318,/root/autodl-tmp/helmet_yolo_v10/images/train/part2_001318.jpg,.jpg,fog,1,4115531586,part2_001318__A1C__fog__s1.png
part2_001321,/root/autodl-tmp/helmet_yolo_v10/images/train/part2_001321.jpg,.jpg,snow,1,3998445066,part2_001321__A1C__snow__s1.png
part2_001325,/root/autodl-tmp/helmet_yolo_v10/images/train/part2_001325.jpg,.jpg,gaussian_noise,1,3712342168,part2_001325__A1C__gaussian_noise__s1.png
part2_001327,/root/autodl-tmp/helmet_yolo_v10/images/train/part2_001327.jpg,.jpg,contrast,1,3939600495,part2_001327__A1C__contrast__s1.png
part2_001330,/root/autodl-tmp/helmet_yolo_v10/images/train/part2_001330.jpg,.jpg,gaussian_noise,3,2654530112,part2_001330__A1C__gaussian_noise__s3.png
part2_001331,/root/autodl-tmp/helmet_yolo_v10/images/train/part2_001331.jpg,.jpg,snow,3,1981188885,part2_001331__A1C__snow__s3.png
part2_001334,/root/autodl-tmp/helmet_yolo_v10/images/train/part2_001334.jpg,.jpg,zoom_blur,1,639377904,part2_001334__A1C__zoom_blur__s1.png
part2_001335,/root/autodl-tmp/helmet_yolo_v10/images/train/part2_001335.jpg,.jpg,fog,2,2026741826,part2_001335__A1C__fog__s2.png
part2_001336,/root/autodl-tmp/helmet_yolo_v10/images/train/part2_001336.jpg,.jpg,defocus_blur,1,1462142694,part2_001336__A1C__defocus_blur__s1.png
part2_001342,/root/autodl-tmp/helmet_yolo_v10/images/train/part2_001342.jpg,.jpg,shot_noise,2,2360503377,part2_001342__A1C__shot_noise__s2.png
part2_001345,/root/autodl-tmp/helmet_yolo_v10/images/train/part2_001345.jpg,.jpg,brightness,1,3265509370,part2_001345__A1C__brightness__s1.png
part2_001351,/root/autodl-tmp/helmet_yolo_v10/images/train/part2_001351.jpg,.jpg,contrast,2,3727921241,part2_001351__A1C__contrast__s2.png
part2_001352,/root/autodl-tmp/helmet_yolo_v10/images/train/part2_001352.jpg,.jpg,defocus_blur,2,2353193576,part2_001352__A1C__defocus_blur__s2.png
part2_001353,/root/autodl-tmp/helmet_yolo_v10/images/train/part2_001353.jpg,.jpg,jpeg_compression,1,2310990194,part2_001353__A1C__jpeg_compression__s1.png
part2_001357,/root/autodl-tmp/helmet_yolo_v10/images/train/part2_001357.jpg,.jpg,snow,3,1178420378,part2_001357__A1C__snow__s3.png
part2_001358,/root/autodl-tmp/helmet_yolo_v10/images/train/part2_001358.jpg,.jpg,impulse_noise,1,492148341,part2_001358__A1C__impulse_noise__s1.png
part2_001359,/root/autodl-tmp/helmet_yolo_v10/images/train/part2_001359.jpg,.jpg,glass_blur,1,3814463792,part2_001359__A1C__glass_blur__s1.png
part2_001360,/root/autodl-tmp/helmet_yolo_v10/images/train/part2_001360.jpg,.jpg,glass_blur,1,3072252607,part2_001360__A1C__glass_blur__s1.png
part2_001361,/root/autodl-tmp/helmet_yolo_v10/images/train/part2_001361.jpg,.jpg,defocus_blur,3,1100179231,part2_001361__A1C__defocus_blur__s3.png
part2_001363,/root/autodl-tmp/helmet_yolo_v10/images/train/part2_001363.jpg,.jpg,shot_noise,1,2139651384,part2_001363__A1C__shot_noise__s1.png
part2_001364,/root/autodl-tmp/helmet_yolo_v10/images/train/part2_001364.jpg,.jpg,glass_blur,1,2461470971,part2_001364__A1C__glass_blur__s1.png
part2_001365,/root/autodl-tmp/helmet_yolo_v10/images/train/part2_001365.jpg,.jpg,contrast,1,331455308,part2_001365__A1C__contrast__s1.png
part2_001367,/root/autodl-tmp/helmet_yolo_v10/images/train/part2_001367.jpg,.jpg,glass_blur,3,3755193259,part2_001367__A1C__glass_blur__s3.png
part2_001368,/root/autodl-tmp/helmet_yolo_v10/images/train/part2_001368.jpg,.jpg,contrast,2,2090013092,part2_001368__A1C__contrast__s2.png
part2_001369,/root/autodl-tmp/helmet_yolo_v10/images/train/part2_001369.jpg,.jpg,motion_blur,2,420292427,part2_001369__A1C__motion_blur__s2.png
part2_001370,/root/autodl-tmp/helmet_yolo_v10/images/train/part2_001370.jpg,.jpg,contrast,1,361738522,part2_001370__A1C__contrast__s1.png
part2_001374,/root/autodl-tmp/helmet_yolo_v10/images/train/part2_001374.jpg,.jpg,zoom_blur,3,1936349632,part2_001374__A1C__zoom_blur__s3.png
part2_001375,/root/autodl-tmp/helmet_yolo_v10/images/train/part2_001375.jpg,.jpg,fog,3,2321956410,part2_001375__A1C__fog__s3.png
part2_001377,/root/autodl-tmp/helmet_yolo_v10/images/train/part2_001377.jpg,.jpg,frost,3,3000098590,part2_001377__A1C__frost__s3.png
part2_001379,/root/autodl-tmp/helmet_yolo_v10/images/train/part2_001379.jpg,.jpg,frost,1,4184340176,part2_001379__A1C__frost__s1.png
part2_001381,/root/autodl-tmp/helmet_yolo_v10/images/train/part2_001381.jpg,.jpg,fog,3,899215010,part2_001381__A1C__fog__s3.png
part2_001385,/root/autodl-tmp/helmet_yolo_v10/images/train/part2_001385.jpg,.jpg,frost,2,3292993783,part2_001385__A1C__frost__s2.png
part2_001386,/root/autodl-tmp/helmet_yolo_v10/images/train/part2_001386.jpg,.jpg,defocus_blur,3,4002165206,part2_001386__A1C__defocus_blur__s3.png
part2_001387,/root/autodl-tmp/helmet_yolo_v10/images/train/part2_001387.jpg,.jpg,brightness,3,63389086,part2_001387__A1C__brightness__s3.png
part2_001388,/root/autodl-tmp/helmet_yolo_v10/images/train/part2_001388.jpg,.jpg,jpeg_compression,2,360844954,part2_001388__A1C__jpeg_compression__s2.png
part2_001389,/root/autodl-tmp/helmet_yolo_v10/images/train/part2_001389.jpg,.jpg,impulse_noise,1,3599917403,part2_001389__A1C__impulse_noise__s1.png
part2_001390,/root/autodl-tmp/helmet_yolo_v10/images/train/part2_001390.jpg,.jpg,contrast,3,1213669872,part2_001390__A1C__contrast__s3.png
part2_001392,/root/autodl-tmp/helmet_yolo_v10/images/train/part2_001392.jpg,.jpg,defocus_blur,2,194388940,part2_001392__A1C__defocus_blur__s2.png
part2_001394,/root/autodl-tmp/helmet_yolo_v10/images/train/part2_001394.jpg,.jpg,shot_noise,3,2083628937,part2_001394__A1C__shot_noise__s3.png
part2_001395,/root/autodl-tmp/helmet_yolo_v10/images/train/part2_001395.jpg,.jpg,pixelate,3,800041057,part2_001395__A1C__pixelate__s3.png
part2_001396,/root/autodl-tmp/helmet_yolo_v10/images/train/part2_001396.jpg,.jpg,zoom_blur,2,632995518,part2_001396__A1C__zoom_blur__s2.png
part2_001397,/root/autodl-tmp/helmet_yolo_v10/images/train/part2_001397.jpg,.jpg,impulse_noise,1,1506316132,part2_001397__A1C__impulse_noise__s1.png
part2_001398,/root/autodl-tmp/helmet_yolo_v10/images/train/part2_001398.jpg,.jpg,brightness,3,609752650,part2_001398__A1C__brightness__s3.png
part2_001399,/root/autodl-tmp/helmet_yolo_v10/images/train/part2_001399.jpg,.jpg,motion_blur,3,3703761257,part2_001399__A1C__motion_blur__s3.png
part2_001400,/root/autodl-tmp/helmet_yolo_v10/images/train/part2_001400.jpg,.jpg,frost,2,801910389,part2_001400__A1C__frost__s2.png
part2_001401,/root/autodl-tmp/helmet_yolo_v10/images/train/part2_001401.jpg,.jpg,brightness,2,2545050088,part2_001401__A1C__brightness__s2.png
part2_001402,/root/autodl-tmp/helmet_yolo_v10/images/train/part2_001402.jpg,.jpg,glass_blur,1,900322175,part2_001402__A1C__glass_blur__s1.png
part2_001407,/root/autodl-tmp/helmet_yolo_v10/images/train/part2_001407.jpg,.jpg,glass_blur,3,2488460801,part2_001407__A1C__glass_blur__s3.png
part2_001408,/root/autodl-tmp/helmet_yolo_v10/images/train/part2_001408.jpg,.jpg,fog,1,4100604687,part2_001408__A1C__fog__s1.png
part2_001409,/root/autodl-tmp/helmet_yolo_v10/images/train/part2_001409.jpg,.jpg,glass_blur,2,2846419257,part2_001409__A1C__glass_blur__s2.png
part2_001414,/root/autodl-tmp/helmet_yolo_v10/images/train/part2_001414.jpg,.jpg,snow,1,337126752,part2_001414__A1C__snow__s1.png
part2_001415,/root/autodl-tmp/helmet_yolo_v10/images/train/part2_001415.jpg,.jpg,brightness,3,804324721,part2_001415__A1C__brightness__s3.png
part2_001416,/root/autodl-tmp/helmet_yolo_v10/images/train/part2_001416.jpg,.jpg,motion_blur,3,2092162918,part2_001416__A1C__motion_blur__s3.png
part2_001419,/root/autodl-tmp/helmet_yolo_v10/images/train/part2_001419.jpg,.jpg,brightness,1,2996939951,part2_001419__A1C__brightness__s1.png
part2_001427,/root/autodl-tmp/helmet_yolo_v10/images/train/part2_001427.jpg,.jpg,brightness,3,957825129,part2_001427__A1C__brightness__s3.png
part2_001429,/root/autodl-tmp/helmet_yolo_v10/images/train/part2_001429.jpg,.jpg,gaussian_noise,3,549105244,part2_001429__A1C__gaussian_noise__s3.png
part2_001431,/root/autodl-tmp/helmet_yolo_v10/images/train/part2_001431.jpg,.jpg,impulse_noise,1,2404580338,part2_001431__A1C__impulse_noise__s1.png
part2_001434,/root/autodl-tmp/helmet_yolo_v10/images/train/part2_001434.jpg,.jpg,pixelate,3,1163364564,part2_001434__A1C__pixelate__s3.png
part2_001435,/root/autodl-tmp/helmet_yolo_v10/images/train/part2_001435.jpg,.jpg,brightness,3,2871851727,part2_001435__A1C__brightness__s3.png
part2_001437,/root/autodl-tmp/helmet_yolo_v10/images/train/part2_001437.jpg,.jpg,snow,1,1565896322,part2_001437__A1C__snow__s1.png
part2_001438,/root/autodl-tmp/helmet_yolo_v10/images/train/part2_001438.jpg,.jpg,motion_blur,2,613631091,part2_001438__A1C__motion_blur__s2.png
part2_001451,/root/autodl-tmp/helmet_yolo_v10/images/train/part2_001451.jpg,.jpg,jpeg_compression,3,2279780600,part2_001451__A1C__jpeg_compression__s3.png
part2_001452,/root/autodl-tmp/helmet_yolo_v10/images/train/part2_001452.jpg,.jpg,pixelate,2,1367391177,part2_001452__A1C__pixelate__s2.png
part2_001453,/root/autodl-tmp/helmet_yolo_v10/images/train/part2_001453.jpg,.jpg,impulse_noise,3,109573645,part2_001453__A1C__impulse_noise__s3.png
part2_001454,/root/autodl-tmp/helmet_yolo_v10/images/train/part2_001454.jpg,.jpg,frost,2,791156481,part2_001454__A1C__frost__s2.png
part2_001458,/root/autodl-tmp/helmet_yolo_v10/images/train/part2_001458.jpg,.jpg,defocus_blur,2,1388183447,part2_001458__A1C__defocus_blur__s2.png
part2_001459,/root/autodl-tmp/helmet_yolo_v10/images/train/part2_001459.jpg,.jpg,gaussian_noise,1,697843093,part2_001459__A1C__gaussian_noise__s1.png
part2_001464,/root/autodl-tmp/helmet_yolo_v10/images/train/part2_001464.jpg,.jpg,fog,2,1470656960,part2_001464__A1C__fog__s2.png
part2_001466,/root/autodl-tmp/helmet_yolo_v10/images/train/part2_001466.jpg,.jpg,brightness,2,2441710072,part2_001466__A1C__brightness__s2.png
part2_001467,/root/autodl-tmp/helmet_yolo_v10/images/train/part2_001467.jpg,.jpg,snow,3,320564223,part2_001467__A1C__snow__s3.png
part2_001469,/root/autodl-tmp/helmet_yolo_v10/images/train/part2_001469.jpg,.jpg,glass_blur,1,325009866,part2_001469__A1C__glass_blur__s1.png
part2_001471,/root/autodl-tmp/helmet_yolo_v10/images/train/part2_001471.jpg,.jpg,shot_noise,2,4109719244,part2_001471__A1C__shot_noise__s2.png
part2_001472,/root/autodl-tmp/helmet_yolo_v10/images/train/part2_001472.jpg,.jpg,gaussian_noise,3,1700681752,part2_001472__A1C__gaussian_noise__s3.png
part2_001473,/root/autodl-tmp/helmet_yolo_v10/images/train/part2_001473.jpg,.jpg,pixelate,3,2572167141,part2_001473__A1C__pixelate__s3.png
part2_001475,/root/autodl-tmp/helmet_yolo_v10/images/train/part2_001475.jpg,.jpg,jpeg_compression,1,2210117331,part2_001475__A1C__jpeg_compression__s1.png
part2_001477,/root/autodl-tmp/helmet_yolo_v10/images/train/part2_001477.jpg,.jpg,pixelate,2,3899396603,part2_001477__A1C__pixelate__s2.png
part2_001478,/root/autodl-tmp/helmet_yolo_v10/images/train/part2_001478.jpg,.jpg,jpeg_compression,2,1207491547,part2_001478__A1C__jpeg_compression__s2.png
part2_001479,/root/autodl-tmp/helmet_yolo_v10/images/train/part2_001479.jpg,.jpg,snow,1,1770152326,part2_001479__A1C__snow__s1.png
part2_001484,/root/autodl-tmp/helmet_yolo_v10/images/train/part2_001484.jpg,.jpg,frost,3,3153968663,part2_001484__A1C__frost__s3.png
part2_001485,/root/autodl-tmp/helmet_yolo_v10/images/train/part2_001485.jpg,.jpg,snow,1,4278055750,part2_001485__A1C__snow__s1.png
part2_001486,/root/autodl-tmp/helmet_yolo_v10/images/train/part2_001486.jpg,.jpg,defocus_blur,1,2674270883,part2_001486__A1C__defocus_blur__s1.png
part2_001490,/root/autodl-tmp/helmet_yolo_v10/images/train/part2_001490.jpg,.jpg,motion_blur,1,1672516886,part2_001490__A1C__motion_blur__s1.png
part2_001491,/root/autodl-tmp/helmet_yolo_v10/images/train/part2_001491.jpg,.jpg,motion_blur,1,2438602344,part2_001491__A1C__motion_blur__s1.png
part2_001492,/root/autodl-tmp/helmet_yolo_v10/images/train/part2_001492.jpg,.jpg,zoom_blur,1,1195301669,part2_001492__A1C__zoom_blur__s1.png
part2_001495,/root/autodl-tmp/helmet_yolo_v10/images/train/part2_001495.jpg,.jpg,contrast,2,3080703348,part2_001495__A1C__contrast__s2.png
part2_001497,/root/autodl-tmp/helmet_yolo_v10/images/train/part2_001497.jpg,.jpg,snow,1,3314522458,part2_001497__A1C__snow__s1.png
part2_001498,/root/autodl-tmp/helmet_yolo_v10/images/train/part2_001498.jpg,.jpg,jpeg_compression,2,2350255066,part2_001498__A1C__jpeg_compression__s2.png
part2_001499,/root/autodl-tmp/helmet_yolo_v10/images/train/part2_001499.jpg,.jpg,frost,1,1267780680,part2_001499__A1C__frost__s1.png
part2_001500,/root/autodl-tmp/helmet_yolo_v10/images/train/part2_001500.jpg,.jpg,impulse_noise,1,246415727,part2_001500__A1C__impulse_noise__s1.png
part2_001501,/root/autodl-tmp/helmet_yolo_v10/images/train/part2_001501.jpg,.jpg,defocus_blur,3,1797097597,part2_001501__A1C__defocus_blur__s3.png
part2_001505,/root/autodl-tmp/helmet_yolo_v10/images/train/part2_001505.jpg,.jpg,contrast,2,3564365007,part2_001505__A1C__contrast__s2.png
part2_001506,/root/autodl-tmp/helmet_yolo_v10/images/train/part2_001506.jpg,.jpg,pixelate,1,2957594516,part2_001506__A1C__pixelate__s1.png
part2_001507,/root/autodl-tmp/helmet_yolo_v10/images/train/part2_001507.jpg,.jpg,glass_blur,3,3000459307,part2_001507__A1C__glass_blur__s3.png
part2_001508,/root/autodl-tmp/helmet_yolo_v10/images/train/part2_001508.jpg,.jpg,motion_blur,3,2215292096,part2_001508__A1C__motion_blur__s3.png
part2_001509,/root/autodl-tmp/helmet_yolo_v10/images/train/part2_001509.jpg,.jpg,glass_blur,2,59391281,part2_001509__A1C__glass_blur__s2.png
part2_001511,/root/autodl-tmp/helmet_yolo_v10/images/train/part2_001511.jpg,.jpg,gaussian_noise,3,3139463021,part2_001511__A1C__gaussian_noise__s3.png
part2_001512,/root/autodl-tmp/helmet_yolo_v10/images/train/part2_001512.jpg,.jpg,shot_noise,1,1081176588,part2_001512__A1C__shot_noise__s1.png
part2_001514,/root/autodl-tmp/helmet_yolo_v10/images/train/part2_001514.jpg,.jpg,snow,2,1203859901,part2_001514__A1C__snow__s2.png
part2_001515,/root/autodl-tmp/helmet_yolo_v10/images/train/part2_001515.jpg,.jpg,glass_blur,1,108461094,part2_001515__A1C__glass_blur__s1.png
part2_001516,/root/autodl-tmp/helmet_yolo_v10/images/train/part2_001516.jpg,.jpg,shot_noise,1,4131847573,part2_001516__A1C__shot_noise__s1.png
part2_001519,/root/autodl-tmp/helmet_yolo_v10/images/train/part2_001519.jpg,.jpg,gaussian_noise,2,2828536081,part2_001519__A1C__gaussian_noise__s2.png
part2_001521,/root/autodl-tmp/helmet_yolo_v10/images/train/part2_001521.jpg,.jpg,brightness,3,4023469226,part2_001521__A1C__brightness__s3.png
part2_001522,/root/autodl-tmp/helmet_yolo_v10/images/train/part2_001522.jpg,.jpg,contrast,2,2736119525,part2_001522__A1C__contrast__s2.png
part2_001526,/root/autodl-tmp/helmet_yolo_v10/images/train/part2_001526.jpg,.jpg,fog,3,860372385,part2_001526__A1C__fog__s3.png
part2_001527,/root/autodl-tmp/helmet_yolo_v10/images/train/part2_001527.jpg,.jpg,frost,1,3679777761,part2_001527__A1C__frost__s1.png
part2_001528,/root/autodl-tmp/helmet_yolo_v10/images/train/part2_001528.jpg,.jpg,shot_noise,2,2418179737,part2_001528__A1C__shot_noise__s2.png
part2_001529,/root/autodl-tmp/helmet_yolo_v10/images/train/part2_001529.jpg,.jpg,jpeg_compression,2,1518889316,part2_001529__A1C__jpeg_compression__s2.png
part2_001530,/root/autodl-tmp/helmet_yolo_v10/images/train/part2_001530.jpg,.jpg,motion_blur,1,2396002924,part2_001530__A1C__motion_blur__s1.png
part2_001531,/root/autodl-tmp/helmet_yolo_v10/images/train/part2_001531.jpg,.jpg,brightness,1,2007221021,part2_001531__A1C__brightness__s1.png
part2_001536,/root/autodl-tmp/helmet_yolo_v10/images/train/part2_001536.jpg,.jpg,impulse_noise,1,896754913,part2_001536__A1C__impulse_noise__s1.png
part2_001538,/root/autodl-tmp/helmet_yolo_v10/images/train/part2_001538.jpg,.jpg,shot_noise,2,2964460245,part2_001538__A1C__shot_noise__s2.png
part2_001539,/root/autodl-tmp/helmet_yolo_v10/images/train/part2_001539.jpg,.jpg,pixelate,2,541826949,part2_001539__A1C__pixelate__s2.png
part2_001542,/root/autodl-tmp/helmet_yolo_v10/images/train/part2_001542.jpg,.jpg,shot_noise,1,1714638627,part2_001542__A1C__shot_noise__s1.png
part2_001545,/root/autodl-tmp/helmet_yolo_v10/images/train/part2_001545.jpg,.jpg,shot_noise,2,1516903151,part2_001545__A1C__shot_noise__s2.png
part2_001546,/root/autodl-tmp/helmet_yolo_v10/images/train/part2_001546.jpg,.jpg,frost,3,3707617730,part2_001546__A1C__frost__s3.png
part2_001547,/root/autodl-tmp/helmet_yolo_v10/images/train/part2_001547.jpg,.jpg,contrast,2,678318473,part2_001547__A1C__contrast__s2.png
part2_001548,/root/autodl-tmp/helmet_yolo_v10/images/train/part2_001548.jpg,.jpg,pixelate,3,548777470,part2_001548__A1C__pixelate__s3.png
part2_001552,/root/autodl-tmp/helmet_yolo_v10/images/train/part2_001552.jpg,.jpg,glass_blur,1,1392257565,part2_001552__A1C__glass_blur__s1.png
part2_001554,/root/autodl-tmp/helmet_yolo_v10/images/train/part2_001554.jpg,.jpg,pixelate,2,1168084210,part2_001554__A1C__pixelate__s2.png
part2_001558,/root/autodl-tmp/helmet_yolo_v10/images/train/part2_001558.jpg,.jpg,shot_noise,2,3437207689,part2_001558__A1C__shot_noise__s2.png
part2_001560,/root/autodl-tmp/helmet_yolo_v10/images/train/part2_001560.jpg,.jpg,pixelate,3,592764634,part2_001560__A1C__pixelate__s3.png
part2_001562,/root/autodl-tmp/helmet_yolo_v10/images/train/part2_001562.jpg,.jpg,defocus_blur,2,2735905235,part2_001562__A1C__defocus_blur__s2.png
part2_001564,/root/autodl-tmp/helmet_yolo_v10/images/train/part2_001564.jpg,.jpg,brightness,1,7120529,part2_001564__A1C__brightness__s1.png
part2_001566,/root/autodl-tmp/helmet_yolo_v10/images/train/part2_001566.jpg,.jpg,zoom_blur,3,1675039944,part2_001566__A1C__zoom_blur__s3.png
part2_001567,/root/autodl-tmp/helmet_yolo_v10/images/train/part2_001567.jpg,.jpg,motion_blur,3,2733946179,part2_001567__A1C__motion_blur__s3.png
part2_001568,/root/autodl-tmp/helmet_yolo_v10/images/train/part2_001568.jpg,.jpg,brightness,2,3208645012,part2_001568__A1C__brightness__s2.png
part2_001570,/root/autodl-tmp/helmet_yolo_v10/images/train/part2_001570.jpg,.jpg,jpeg_compression,3,680055738,part2_001570__A1C__jpeg_compression__s3.png
part2_001571,/root/autodl-tmp/helmet_yolo_v10/images/train/part2_001571.jpg,.jpg,jpeg_compression,2,2994769861,part2_001571__A1C__jpeg_compression__s2.png
part2_001575,/root/autodl-tmp/helmet_yolo_v10/images/train/part2_001575.jpg,.jpg,zoom_blur,2,3302983934,part2_001575__A1C__zoom_blur__s2.png
part2_001576,/root/autodl-tmp/helmet_yolo_v10/images/train/part2_001576.jpg,.jpg,jpeg_compression,1,251202423,part2_001576__A1C__jpeg_compression__s1.png
part2_001579,/root/autodl-tmp/helmet_yolo_v10/images/train/part2_001579.jpg,.jpg,contrast,3,3156971684,part2_001579__A1C__contrast__s3.png
part2_001585,/root/autodl-tmp/helmet_yolo_v10/images/train/part2_001585.jpg,.jpg,frost,1,3718372027,part2_001585__A1C__frost__s1.png
part2_001588,/root/autodl-tmp/helmet_yolo_v10/images/train/part2_001588.jpg,.jpg,defocus_blur,1,4047280300,part2_001588__A1C__defocus_blur__s1.png
part2_001592,/root/autodl-tmp/helmet_yolo_v10/images/train/part2_001592.jpg,.jpg,glass_blur,1,2113554430,part2_001592__A1C__glass_blur__s1.png
part2_001593,/root/autodl-tmp/helmet_yolo_v10/images/train/part2_001593.jpg,.jpg,glass_blur,3,3876642900,part2_001593__A1C__glass_blur__s3.png
part2_001596,/root/autodl-tmp/helmet_yolo_v10/images/train/part2_001596.jpg,.jpg,pixelate,2,1396620164,part2_001596__A1C__pixelate__s2.png
part2_001597,/root/autodl-tmp/helmet_yolo_v10/images/train/part2_001597.jpg,.jpg,frost,1,458533081,part2_001597__A1C__frost__s1.png
part2_001598,/root/autodl-tmp/helmet_yolo_v10/images/train/part2_001598.jpg,.jpg,fog,3,3772476695,part2_001598__A1C__fog__s3.png
part2_001600,/root/autodl-tmp/helmet_yolo_v10/images/train/part2_001600.jpg,.jpg,shot_noise,2,1565400734,part2_001600__A1C__shot_noise__s2.png
part2_001602,/root/autodl-tmp/helmet_yolo_v10/images/train/part2_001602.jpg,.jpg,jpeg_compression,1,2405011219,part2_001602__A1C__jpeg_compression__s1.png
part2_001605,/root/autodl-tmp/helmet_yolo_v10/images/train/part2_001605.jpg,.jpg,snow,2,2510047800,part2_001605__A1C__snow__s2.png
part2_001607,/root/autodl-tmp/helmet_yolo_v10/images/train/part2_001607.jpg,.jpg,motion_blur,2,2784388227,part2_001607__A1C__motion_blur__s2.png
part2_001608,/root/autodl-tmp/helmet_yolo_v10/images/train/part2_001608.jpg,.jpg,shot_noise,1,350248047,part2_001608__A1C__shot_noise__s1.png
part2_001610,/root/autodl-tmp/helmet_yolo_v10/images/train/part2_001610.jpg,.jpg,defocus_blur,3,900508655,part2_001610__A1C__defocus_blur__s3.png
part2_001611,/root/autodl-tmp/helmet_yolo_v10/images/train/part2_001611.jpg,.jpg,glass_blur,2,679521384,part2_001611__A1C__glass_blur__s2.png
part2_001612,/root/autodl-tmp/helmet_yolo_v10/images/train/part2_001612.jpg,.jpg,impulse_noise,3,1670472631,part2_001612__A1C__impulse_noise__s3.png
part2_001615,/root/autodl-tmp/helmet_yolo_v10/images/train/part2_001615.jpg,.jpg,contrast,2,2665149067,part2_001615__A1C__contrast__s2.png
part2_001616,/root/autodl-tmp/helmet_yolo_v10/images/train/part2_001616.jpg,.jpg,zoom_blur,1,2365219253,part2_001616__A1C__zoom_blur__s1.png
part2_001621,/root/autodl-tmp/helmet_yolo_v10/images/train/part2_001621.jpg,.jpg,motion_blur,2,1148555447,part2_001621__A1C__motion_blur__s2.png
part2_001622,/root/autodl-tmp/helmet_yolo_v10/images/train/part2_001622.jpg,.jpg,brightness,3,656341789,part2_001622__A1C__brightness__s3.png
part2_001626,/root/autodl-tmp/helmet_yolo_v10/images/train/part2_001626.jpg,.jpg,pixelate,1,1209626540,part2_001626__A1C__pixelate__s1.png
part2_001629,/root/autodl-tmp/helmet_yolo_v10/images/train/part2_001629.jpg,.jpg,shot_noise,3,1632890794,part2_001629__A1C__shot_noise__s3.png
part2_001633,/root/autodl-tmp/helmet_yolo_v10/images/train/part2_001633.jpg,.jpg,contrast,2,3667814462,part2_001633__A1C__contrast__s2.png
part2_001634,/root/autodl-tmp/helmet_yolo_v10/images/train/part2_001634.jpg,.jpg,gaussian_noise,2,914450566,part2_001634__A1C__gaussian_noise__s2.png
part2_001638,/root/autodl-tmp/helmet_yolo_v10/images/train/part2_001638.jpg,.jpg,brightness,1,361727069,part2_001638__A1C__brightness__s1.png
part2_001640,/root/autodl-tmp/helmet_yolo_v10/images/train/part2_001640.jpg,.jpg,frost,3,4051723713,part2_001640__A1C__frost__s3.png
part2_001642,/root/autodl-tmp/helmet_yolo_v10/images/train/part2_001642.jpg,.jpg,jpeg_compression,2,524746796,part2_001642__A1C__jpeg_compression__s2.png
part2_001644,/root/autodl-tmp/helmet_yolo_v10/images/train/part2_001644.jpg,.jpg,shot_noise,2,1739231469,part2_001644__A1C__shot_noise__s2.png
part2_001646,/root/autodl-tmp/helmet_yolo_v10/images/train/part2_001646.jpg,.jpg,jpeg_compression,3,1559836258,part2_001646__A1C__jpeg_compression__s3.png
part2_001649,/root/autodl-tmp/helmet_yolo_v10/images/train/part2_001649.jpg,.jpg,contrast,1,3717681205,part2_001649__A1C__contrast__s1.png
part2_001650,/root/autodl-tmp/helmet_yolo_v10/images/train/part2_001650.jpg,.jpg,gaussian_noise,1,1373186617,part2_001650__A1C__gaussian_noise__s1.png
part2_001651,/root/autodl-tmp/helmet_yolo_v10/images/train/part2_001651.jpg,.jpg,motion_blur,2,605055101,part2_001651__A1C__motion_blur__s2.png
part2_001653,/root/autodl-tmp/helmet_yolo_v10/images/train/part2_001653.jpg,.jpg,pixelate,3,2295178509,part2_001653__A1C__pixelate__s3.png
part2_001655,/root/autodl-tmp/helmet_yolo_v10/images/train/part2_001655.jpg,.jpg,snow,1,1488112706,part2_001655__A1C__snow__s1.png
part2_001659,/root/autodl-tmp/helmet_yolo_v10/images/train/part2_001659.jpg,.jpg,shot_noise,1,511889018,part2_001659__A1C__shot_noise__s1.png
part2_001660,/root/autodl-tmp/helmet_yolo_v10/images/train/part2_001660.jpg,.jpg,motion_blur,3,2328278714,part2_001660__A1C__motion_blur__s3.png
part2_001661,/root/autodl-tmp/helmet_yolo_v10/images/train/part2_001661.jpg,.jpg,defocus_blur,1,2225238516,part2_001661__A1C__defocus_blur__s1.png
part2_001662,/root/autodl-tmp/helmet_yolo_v10/images/train/part2_001662.jpg,.jpg,glass_blur,3,3203568184,part2_001662__A1C__glass_blur__s3.png
part2_001663,/root/autodl-tmp/helmet_yolo_v10/images/train/part2_001663.jpg,.jpg,motion_blur,2,3106547602,part2_001663__A1C__motion_blur__s2.png
part2_001664,/root/autodl-tmp/helmet_yolo_v10/images/train/part2_001664.jpg,.jpg,snow,2,761142897,part2_001664__A1C__snow__s2.png
part2_001666,/root/autodl-tmp/helmet_yolo_v10/images/train/part2_001666.jpg,.jpg,glass_blur,3,2545287580,part2_001666__A1C__glass_blur__s3.png
part2_001669,/root/autodl-tmp/helmet_yolo_v10/images/train/part2_001669.jpg,.jpg,zoom_blur,1,3010459949,part2_001669__A1C__zoom_blur__s1.png
part2_001670,/root/autodl-tmp/helmet_yolo_v10/images/train/part2_001670.jpg,.jpg,defocus_blur,1,2107186457,part2_001670__A1C__defocus_blur__s1.png
part2_001674,/root/autodl-tmp/helmet_yolo_v10/images/train/part2_001674.jpg,.jpg,shot_noise,1,2183568468,part2_001674__A1C__shot_noise__s1.png
part2_001675,/root/autodl-tmp/helmet_yolo_v10/images/train/part2_001675.jpg,.jpg,gaussian_noise,2,2976584530,part2_001675__A1C__gaussian_noise__s2.png
part2_001678,/root/autodl-tmp/helmet_yolo_v10/images/train/part2_001678.jpg,.jpg,jpeg_compression,2,2177698407,part2_001678__A1C__jpeg_compression__s2.png
part2_001679,/root/autodl-tmp/helmet_yolo_v10/images/train/part2_001679.jpg,.jpg,contrast,3,608560687,part2_001679__A1C__contrast__s3.png
part2_001681,/root/autodl-tmp/helmet_yolo_v10/images/train/part2_001681.jpg,.jpg,frost,2,2933106165,part2_001681__A1C__frost__s2.png
part2_001685,/root/autodl-tmp/helmet_yolo_v10/images/train/part2_001685.jpg,.jpg,zoom_blur,3,1970038866,part2_001685__A1C__zoom_blur__s3.png
part2_001686,/root/autodl-tmp/helmet_yolo_v10/images/train/part2_001686.jpg,.jpg,brightness,2,1926059796,part2_001686__A1C__brightness__s2.png
part2_001688,/root/autodl-tmp/helmet_yolo_v10/images/train/part2_001688.jpg,.jpg,fog,2,251870330,part2_001688__A1C__fog__s2.png
part2_001694,/root/autodl-tmp/helmet_yolo_v10/images/train/part2_001694.jpg,.jpg,jpeg_compression,1,3366215652,part2_001694__A1C__jpeg_compression__s1.png
part2_001696,/root/autodl-tmp/helmet_yolo_v10/images/train/part2_001696.jpg,.jpg,frost,2,619356852,part2_001696__A1C__frost__s2.png
part2_001697,/root/autodl-tmp/helmet_yolo_v10/images/train/part2_001697.jpg,.jpg,contrast,1,3096065478,part2_001697__A1C__contrast__s1.png
part2_001700,/root/autodl-tmp/helmet_yolo_v10/images/train/part2_001700.jpg,.jpg,glass_blur,1,1211849833,part2_001700__A1C__glass_blur__s1.png
part2_001703,/root/autodl-tmp/helmet_yolo_v10/images/train/part2_001703.jpg,.jpg,zoom_blur,3,1630313991,part2_001703__A1C__zoom_blur__s3.png
part2_001704,/root/autodl-tmp/helmet_yolo_v10/images/train/part2_001704.jpg,.jpg,shot_noise,1,1281655360,part2_001704__A1C__shot_noise__s1.png
part2_001705,/root/autodl-tmp/helmet_yolo_v10/images/train/part2_001705.jpg,.jpg,motion_blur,2,932716018,part2_001705__A1C__motion_blur__s2.png
part2_001706,/root/autodl-tmp/helmet_yolo_v10/images/train/part2_001706.jpg,.jpg,defocus_blur,1,2447824680,part2_001706__A1C__defocus_blur__s1.png
part2_001707,/root/autodl-tmp/helmet_yolo_v10/images/train/part2_001707.jpg,.jpg,frost,1,2640899955,part2_001707__A1C__frost__s1.png
part2_001714,/root/autodl-tmp/helmet_yolo_v10/images/train/part2_001714.jpg,.jpg,motion_blur,3,543222390,part2_001714__A1C__motion_blur__s3.png
part2_001715,/root/autodl-tmp/helmet_yolo_v10/images/train/part2_001715.jpg,.jpg,impulse_noise,2,939356676,part2_001715__A1C__impulse_noise__s2.png
part2_001718,/root/autodl-tmp/helmet_yolo_v10/images/train/part2_001718.jpg,.jpg,fog,3,2547797289,part2_001718__A1C__fog__s3.png
part2_001720,/root/autodl-tmp/helmet_yolo_v10/images/train/part2_001720.jpg,.jpg,brightness,3,2348572380,part2_001720__A1C__brightness__s3.png
part2_001721,/root/autodl-tmp/helmet_yolo_v10/images/train/part2_001721.jpg,.jpg,frost,1,2999712905,part2_001721__A1C__frost__s1.png
part2_001722,/root/autodl-tmp/helmet_yolo_v10/images/train/part2_001722.jpg,.jpg,gaussian_noise,1,877702318,part2_001722__A1C__gaussian_noise__s1.png
part2_001724,/root/autodl-tmp/helmet_yolo_v10/images/train/part2_001724.jpg,.jpg,frost,1,3829558097,part2_001724__A1C__frost__s1.png
part2_001725,/root/autodl-tmp/helmet_yolo_v10/images/train/part2_001725.jpg,.jpg,jpeg_compression,1,584789659,part2_001725__A1C__jpeg_compression__s1.png
part2_001726,/root/autodl-tmp/helmet_yolo_v10/images/train/part2_001726.jpg,.jpg,snow,3,3095611982,part2_001726__A1C__snow__s3.png
part2_001727,/root/autodl-tmp/helmet_yolo_v10/images/train/part2_001727.jpg,.jpg,jpeg_compression,3,54052216,part2_001727__A1C__jpeg_compression__s3.png
part2_001728,/root/autodl-tmp/helmet_yolo_v10/images/train/part2_001728.jpg,.jpg,defocus_blur,2,2062780307,part2_001728__A1C__defocus_blur__s2.png
part2_001729,/root/autodl-tmp/helmet_yolo_v10/images/train/part2_001729.jpg,.jpg,defocus_blur,1,2071952840,part2_001729__A1C__defocus_blur__s1.png
part2_001730,/root/autodl-tmp/helmet_yolo_v10/images/train/part2_001730.jpg,.jpg,motion_blur,2,3465681964,part2_001730__A1C__motion_blur__s2.png
part2_001733,/root/autodl-tmp/helmet_yolo_v10/images/train/part2_001733.jpg,.jpg,motion_blur,3,2605543496,part2_001733__A1C__motion_blur__s3.png
part2_001734,/root/autodl-tmp/helmet_yolo_v10/images/train/part2_001734.jpg,.jpg,pixelate,2,31102360,part2_001734__A1C__pixelate__s2.png
part2_001735,/root/autodl-tmp/helmet_yolo_v10/images/train/part2_001735.jpg,.jpg,jpeg_compression,2,226552240,part2_001735__A1C__jpeg_compression__s2.png
part2_001737,/root/autodl-tmp/helmet_yolo_v10/images/train/part2_001737.jpg,.jpg,impulse_noise,2,3873457693,part2_001737__A1C__impulse_noise__s2.png
part2_001738,/root/autodl-tmp/helmet_yolo_v10/images/train/part2_001738.jpg,.jpg,brightness,3,1130809476,part2_001738__A1C__brightness__s3.png
part2_001740,/root/autodl-tmp/helmet_yolo_v10/images/train/part2_001740.jpg,.jpg,contrast,1,3132479130,part2_001740__A1C__contrast__s1.png
part2_001742,/root/autodl-tmp/helmet_yolo_v10/images/train/part2_001742.jpg,.jpg,contrast,1,2573486221,part2_001742__A1C__contrast__s1.png
part2_001745,/root/autodl-tmp/helmet_yolo_v10/images/train/part2_001745.jpg,.jpg,shot_noise,2,313260720,part2_001745__A1C__shot_noise__s2.png
part2_001746,/root/autodl-tmp/helmet_yolo_v10/images/train/part2_001746.jpg,.jpg,snow,1,3974816137,part2_001746__A1C__snow__s1.png
part2_001748,/root/autodl-tmp/helmet_yolo_v10/images/train/part2_001748.jpg,.jpg,shot_noise,3,1247415755,part2_001748__A1C__shot_noise__s3.png
part2_001749,/root/autodl-tmp/helmet_yolo_v10/images/train/part2_001749.jpg,.jpg,pixelate,1,1817958559,part2_001749__A1C__pixelate__s1.png
part2_001755,/root/autodl-tmp/helmet_yolo_v10/images/train/part2_001755.jpg,.jpg,fog,3,3252420827,part2_001755__A1C__fog__s3.png
part2_001757,/root/autodl-tmp/helmet_yolo_v10/images/train/part2_001757.jpg,.jpg,impulse_noise,1,1406594226,part2_001757__A1C__impulse_noise__s1.png
part2_001759,/root/autodl-tmp/helmet_yolo_v10/images/train/part2_001759.jpg,.jpg,frost,2,643822551,part2_001759__A1C__frost__s2.png
part2_001760,/root/autodl-tmp/helmet_yolo_v10/images/train/part2_001760.jpg,.jpg,fog,3,1240855289,part2_001760__A1C__fog__s3.png
part2_001762,/root/autodl-tmp/helmet_yolo_v10/images/train/part2_001762.jpg,.jpg,contrast,2,316061953,part2_001762__A1C__contrast__s2.png
part2_001765,/root/autodl-tmp/helmet_yolo_v10/images/train/part2_001765.jpg,.jpg,brightness,1,1089170721,part2_001765__A1C__brightness__s1.png
part2_001766,/root/autodl-tmp/helmet_yolo_v10/images/train/part2_001766.jpg,.jpg,snow,1,3048995754,part2_001766__A1C__snow__s1.png
part2_001767,/root/autodl-tmp/helmet_yolo_v10/images/train/part2_001767.jpg,.jpg,motion_blur,2,1314663465,part2_001767__A1C__motion_blur__s2.png
part2_001768,/root/autodl-tmp/helmet_yolo_v10/images/train/part2_001768.jpg,.jpg,glass_blur,1,3186091690,part2_001768__A1C__glass_blur__s1.png
part2_001771,/root/autodl-tmp/helmet_yolo_v10/images/train/part2_001771.jpg,.jpg,fog,1,1713235613,part2_001771__A1C__fog__s1.png
part2_001772,/root/autodl-tmp/helmet_yolo_v10/images/train/part2_001772.jpg,.jpg,pixelate,3,802400763,part2_001772__A1C__pixelate__s3.png
part2_001775,/root/autodl-tmp/helmet_yolo_v10/images/train/part2_001775.jpg,.jpg,zoom_blur,3,723718410,part2_001775__A1C__zoom_blur__s3.png
part2_001776,/root/autodl-tmp/helmet_yolo_v10/images/train/part2_001776.jpg,.jpg,contrast,1,4081457418,part2_001776__A1C__contrast__s1.png
part2_001777,/root/autodl-tmp/helmet_yolo_v10/images/train/part2_001777.jpg,.jpg,defocus_blur,3,3209850697,part2_001777__A1C__defocus_blur__s3.png
part2_001779,/root/autodl-tmp/helmet_yolo_v10/images/train/part2_001779.jpg,.jpg,pixelate,1,2378366871,part2_001779__A1C__pixelate__s1.png
part2_001784,/root/autodl-tmp/helmet_yolo_v10/images/train/part2_001784.jpg,.jpg,shot_noise,2,3804964313,part2_001784__A1C__shot_noise__s2.png
part2_001785,/root/autodl-tmp/helmet_yolo_v10/images/train/part2_001785.jpg,.jpg,frost,1,122740418,part2_001785__A1C__frost__s1.png
part2_001786,/root/autodl-tmp/helmet_yolo_v10/images/train/part2_001786.jpg,.jpg,pixelate,1,1982119843,part2_001786__A1C__pixelate__s1.png
part2_001787,/root/autodl-tmp/helmet_yolo_v10/images/train/part2_001787.jpg,.jpg,defocus_blur,2,805965429,part2_001787__A1C__defocus_blur__s2.png
part2_001789,/root/autodl-tmp/helmet_yolo_v10/images/train/part2_001789.jpg,.jpg,defocus_blur,3,1151287045,part2_001789__A1C__defocus_blur__s3.png
part2_001790,/root/autodl-tmp/helmet_yolo_v10/images/train/part2_001790.jpg,.jpg,frost,3,2504103799,part2_001790__A1C__frost__s3.png
part2_001792,/root/autodl-tmp/helmet_yolo_v10/images/train/part2_001792.jpg,.jpg,contrast,1,1276350563,part2_001792__A1C__contrast__s1.png
part2_001794,/root/autodl-tmp/helmet_yolo_v10/images/train/part2_001794.jpg,.jpg,motion_blur,3,1767641447,part2_001794__A1C__motion_blur__s3.png
part2_001795,/root/autodl-tmp/helmet_yolo_v10/images/train/part2_001795.jpg,.jpg,impulse_noise,3,1135068975,part2_001795__A1C__impulse_noise__s3.png
part2_001798,/root/autodl-tmp/helmet_yolo_v10/images/train/part2_001798.jpg,.jpg,pixelate,3,3135855521,part2_001798__A1C__pixelate__s3.png
part2_001806,/root/autodl-tmp/helmet_yolo_v10/images/train/part2_001806.jpg,.jpg,jpeg_compression,1,3880054043,part2_001806__A1C__jpeg_compression__s1.png
part2_001807,/root/autodl-tmp/helmet_yolo_v10/images/train/part2_001807.jpg,.jpg,motion_blur,1,1400137577,part2_001807__A1C__motion_blur__s1.png
part2_001808,/root/autodl-tmp/helmet_yolo_v10/images/train/part2_001808.jpg,.jpg,snow,2,946053270,part2_001808__A1C__snow__s2.png
part2_001810,/root/autodl-tmp/helmet_yolo_v10/images/train/part2_001810.jpg,.jpg,impulse_noise,1,128066111,part2_001810__A1C__impulse_noise__s1.png
part2_001812,/root/autodl-tmp/helmet_yolo_v10/images/train/part2_001812.jpg,.jpg,frost,1,2886288583,part2_001812__A1C__frost__s1.png
part2_001813,/root/autodl-tmp/helmet_yolo_v10/images/train/part2_001813.jpg,.jpg,contrast,1,3120697521,part2_001813__A1C__contrast__s1.png
part2_001817,/root/autodl-tmp/helmet_yolo_v10/images/train/part2_001817.jpg,.jpg,frost,1,2135523781,part2_001817__A1C__frost__s1.png
part2_001819,/root/autodl-tmp/helmet_yolo_v10/images/train/part2_001819.jpg,.jpg,contrast,3,1405700692,part2_001819__A1C__contrast__s3.png
part2_001820,/root/autodl-tmp/helmet_yolo_v10/images/train/part2_001820.jpg,.jpg,snow,1,2885538956,part2_001820__A1C__snow__s1.png
part2_001824,/root/autodl-tmp/helmet_yolo_v10/images/train/part2_001824.jpg,.jpg,jpeg_compression,1,3198005623,part2_001824__A1C__jpeg_compression__s1.png
part2_001826,/root/autodl-tmp/helmet_yolo_v10/images/train/part2_001826.jpg,.jpg,fog,2,2021482171,part2_001826__A1C__fog__s2.png
part2_001834,/root/autodl-tmp/helmet_yolo_v10/images/train/part2_001834.jpg,.jpg,motion_blur,1,1110697688,part2_001834__A1C__motion_blur__s1.png
part2_001837,/root/autodl-tmp/helmet_yolo_v10/images/train/part2_001837.jpg,.jpg,brightness,1,92653497,part2_001837__A1C__brightness__s1.png
part2_001839,/root/autodl-tmp/helmet_yolo_v10/images/train/part2_001839.jpg,.jpg,snow,1,347209551,part2_001839__A1C__snow__s1.png
part2_001842,/root/autodl-tmp/helmet_yolo_v10/images/train/part2_001842.jpg,.jpg,gaussian_noise,2,3669291887,part2_001842__A1C__gaussian_noise__s2.png
part2_001844,/root/autodl-tmp/helmet_yolo_v10/images/train/part2_001844.jpg,.jpg,glass_blur,3,1371902824,part2_001844__A1C__glass_blur__s3.png
part2_001845,/root/autodl-tmp/helmet_yolo_v10/images/train/part2_001845.jpg,.jpg,brightness,2,659422462,part2_001845__A1C__brightness__s2.png
part2_001849,/root/autodl-tmp/helmet_yolo_v10/images/train/part2_001849.jpg,.jpg,jpeg_compression,3,119870856,part2_001849__A1C__jpeg_compression__s3.png
part2_001850,/root/autodl-tmp/helmet_yolo_v10/images/train/part2_001850.jpg,.jpg,contrast,1,2472897867,part2_001850__A1C__contrast__s1.png
part2_001852,/root/autodl-tmp/helmet_yolo_v10/images/train/part2_001852.jpg,.jpg,motion_blur,3,3632308374,part2_001852__A1C__motion_blur__s3.png
part2_001853,/root/autodl-tmp/helmet_yolo_v10/images/train/part2_001853.jpg,.jpg,contrast,1,2258942092,part2_001853__A1C__contrast__s1.png
part2_001856,/root/autodl-tmp/helmet_yolo_v10/images/train/part2_001856.jpg,.jpg,contrast,2,1773052156,part2_001856__A1C__contrast__s2.png
part2_001858,/root/autodl-tmp/helmet_yolo_v10/images/train/part2_001858.jpg,.jpg,impulse_noise,3,4045433410,part2_001858__A1C__impulse_noise__s3.png
part2_001861,/root/autodl-tmp/helmet_yolo_v10/images/train/part2_001861.jpg,.jpg,zoom_blur,1,2621186825,part2_001861__A1C__zoom_blur__s1.png
part2_001865,/root/autodl-tmp/helmet_yolo_v10/images/train/part2_001865.jpg,.jpg,defocus_blur,1,2695914111,part2_001865__A1C__defocus_blur__s1.png
part2_001868,/root/autodl-tmp/helmet_yolo_v10/images/train/part2_001868.jpg,.jpg,glass_blur,2,3938758666,part2_001868__A1C__glass_blur__s2.png
part2_001870,/root/autodl-tmp/helmet_yolo_v10/images/train/part2_001870.jpg,.jpg,pixelate,1,2836117187,part2_001870__A1C__pixelate__s1.png
part2_001873,/root/autodl-tmp/helmet_yolo_v10/images/train/part2_001873.jpg,.jpg,glass_blur,2,2938063960,part2_001873__A1C__glass_blur__s2.png
part2_001874,/root/autodl-tmp/helmet_yolo_v10/images/train/part2_001874.jpg,.jpg,contrast,2,1163797567,part2_001874__A1C__contrast__s2.png
part2_001876,/root/autodl-tmp/helmet_yolo_v10/images/train/part2_001876.jpg,.jpg,contrast,3,2924835723,part2_001876__A1C__contrast__s3.png
part2_001877,/root/autodl-tmp/helmet_yolo_v10/images/train/part2_001877.jpg,.jpg,fog,3,1448694444,part2_001877__A1C__fog__s3.png
part2_001884,/root/autodl-tmp/helmet_yolo_v10/images/train/part2_001884.jpg,.jpg,shot_noise,2,3165723954,part2_001884__A1C__shot_noise__s2.png
part2_001885,/root/autodl-tmp/helmet_yolo_v10/images/train/part2_001885.jpg,.jpg,shot_noise,3,239828627,part2_001885__A1C__shot_noise__s3.png
part2_001886,/root/autodl-tmp/helmet_yolo_v10/images/train/part2_001886.jpg,.jpg,defocus_blur,2,1892702281,part2_001886__A1C__defocus_blur__s2.png
part2_001887,/root/autodl-tmp/helmet_yolo_v10/images/train/part2_001887.jpg,.jpg,snow,2,2020100658,part2_001887__A1C__snow__s2.png
part2_001888,/root/autodl-tmp/helmet_yolo_v10/images/train/part2_001888.jpg,.jpg,defocus_blur,1,4215298979,part2_001888__A1C__defocus_blur__s1.png
part2_001890,/root/autodl-tmp/helmet_yolo_v10/images/train/part2_001890.jpg,.jpg,pixelate,2,3913614397,part2_001890__A1C__pixelate__s2.png
part2_001891,/root/autodl-tmp/helmet_yolo_v10/images/train/part2_001891.jpg,.jpg,frost,1,3815116023,part2_001891__A1C__frost__s1.png
part2_001892,/root/autodl-tmp/helmet_yolo_v10/images/train/part2_001892.jpg,.jpg,frost,3,3524134049,part2_001892__A1C__frost__s3.png
part2_001894,/root/autodl-tmp/helmet_yolo_v10/images/train/part2_001894.jpg,.jpg,brightness,1,3478533231,part2_001894__A1C__brightness__s1.png
part2_001897,/root/autodl-tmp/helmet_yolo_v10/images/train/part2_001897.jpg,.jpg,impulse_noise,2,3779015494,part2_001897__A1C__impulse_noise__s2.png
part2_001898,/root/autodl-tmp/helmet_yolo_v10/images/train/part2_001898.jpg,.jpg,fog,2,3856062607,part2_001898__A1C__fog__s2.png
part2_001899,/root/autodl-tmp/helmet_yolo_v10/images/train/part2_001899.jpg,.jpg,contrast,2,2464821691,part2_001899__A1C__contrast__s2.png
part2_001900,/root/autodl-tmp/helmet_yolo_v10/images/train/part2_001900.jpg,.jpg,jpeg_compression,2,1368913437,part2_001900__A1C__jpeg_compression__s2.png
part2_001901,/root/autodl-tmp/helmet_yolo_v10/images/train/part2_001901.jpg,.jpg,zoom_blur,1,3863689494,part2_001901__A1C__zoom_blur__s1.png
part2_001903,/root/autodl-tmp/helmet_yolo_v10/images/train/part2_001903.jpg,.jpg,fog,3,1035577965,part2_001903__A1C__fog__s3.png
part2_001904,/root/autodl-tmp/helmet_yolo_v10/images/train/part2_001904.jpg,.jpg,motion_blur,3,1587202806,part2_001904__A1C__motion_blur__s3.png
part2_001906,/root/autodl-tmp/helmet_yolo_v10/images/train/part2_001906.jpg,.jpg,contrast,1,1172496047,part2_001906__A1C__contrast__s1.png
part2_001910,/root/autodl-tmp/helmet_yolo_v10/images/train/part2_001910.jpg,.jpg,glass_blur,2,2419085462,part2_001910__A1C__glass_blur__s2.png
part2_001913,/root/autodl-tmp/helmet_yolo_v10/images/train/part2_001913.jpg,.jpg,zoom_blur,3,3756185938,part2_001913__A1C__zoom_blur__s3.png
part2_001916,/root/autodl-tmp/helmet_yolo_v10/images/train/part2_001916.jpg,.jpg,gaussian_noise,1,2886482488,part2_001916__A1C__gaussian_noise__s1.png
part2_001917,/root/autodl-tmp/helmet_yolo_v10/images/train/part2_001917.jpg,.jpg,zoom_blur,2,4206414936,part2_001917__A1C__zoom_blur__s2.png
part2_001919,/root/autodl-tmp/helmet_yolo_v10/images/train/part2_001919.jpg,.jpg,gaussian_noise,1,576536172,part2_001919__A1C__gaussian_noise__s1.png
part2_001920,/root/autodl-tmp/helmet_yolo_v10/images/train/part2_001920.jpg,.jpg,shot_noise,3,1213064532,part2_001920__A1C__shot_noise__s3.png
part2_001921,/root/autodl-tmp/helmet_yolo_v10/images/train/part2_001921.jpg,.jpg,glass_blur,2,3498496130,part2_001921__A1C__glass_blur__s2.png
part2_001922,/root/autodl-tmp/helmet_yolo_v10/images/train/part2_001922.jpg,.jpg,pixelate,2,2450871569,part2_001922__A1C__pixelate__s2.png
part2_001925,/root/autodl-tmp/helmet_yolo_v10/images/train/part2_001925.jpg,.jpg,zoom_blur,2,1845304117,part2_001925__A1C__zoom_blur__s2.png
part2_001927,/root/autodl-tmp/helmet_yolo_v10/images/train/part2_001927.jpg,.jpg,defocus_blur,3,3112355129,part2_001927__A1C__defocus_blur__s3.png
part2_001928,/root/autodl-tmp/helmet_yolo_v10/images/train/part2_001928.jpg,.jpg,zoom_blur,3,1577847120,part2_001928__A1C__zoom_blur__s3.png
part2_001930,/root/autodl-tmp/helmet_yolo_v10/images/train/part2_001930.jpg,.jpg,fog,2,4094795263,part2_001930__A1C__fog__s2.png
part2_001932,/root/autodl-tmp/helmet_yolo_v10/images/train/part2_001932.jpg,.jpg,motion_blur,1,2508178651,part2_001932__A1C__motion_blur__s1.png
part2_001933,/root/autodl-tmp/helmet_yolo_v10/images/train/part2_001933.jpg,.jpg,shot_noise,1,4000129011,part2_001933__A1C__shot_noise__s1.png
part2_001935,/root/autodl-tmp/helmet_yolo_v10/images/train/part2_001935.jpg,.jpg,shot_noise,1,2103123076,part2_001935__A1C__shot_noise__s1.png
part2_001939,/root/autodl-tmp/helmet_yolo_v10/images/train/part2_001939.jpg,.jpg,brightness,2,3068156045,part2_001939__A1C__brightness__s2.png
part2_001940,/root/autodl-tmp/helmet_yolo_v10/images/train/part2_001940.jpg,.jpg,zoom_blur,2,1501910509,part2_001940__A1C__zoom_blur__s2.png
part2_001941,/root/autodl-tmp/helmet_yolo_v10/images/train/part2_001941.jpg,.jpg,glass_blur,1,499090423,part2_001941__A1C__glass_blur__s1.png
part2_001943,/root/autodl-tmp/helmet_yolo_v10/images/train/part2_001943.jpg,.jpg,jpeg_compression,3,2375338102,part2_001943__A1C__jpeg_compression__s3.png
part2_001944,/root/autodl-tmp/helmet_yolo_v10/images/train/part2_001944.jpg,.jpg,brightness,3,2348454019,part2_001944__A1C__brightness__s3.png
part2_001946,/root/autodl-tmp/helmet_yolo_v10/images/train/part2_001946.jpg,.jpg,motion_blur,1,2619268347,part2_001946__A1C__motion_blur__s1.png
part2_001947,/root/autodl-tmp/helmet_yolo_v10/images/train/part2_001947.jpg,.jpg,fog,1,1715933859,part2_001947__A1C__fog__s1.png
part2_001948,/root/autodl-tmp/helmet_yolo_v10/images/train/part2_001948.jpg,.jpg,brightness,1,1652928682,part2_001948__A1C__brightness__s1.png
part2_001949,/root/autodl-tmp/helmet_yolo_v10/images/train/part2_001949.jpg,.jpg,contrast,1,1069624628,part2_001949__A1C__contrast__s1.png
part2_001950,/root/autodl-tmp/helmet_yolo_v10/images/train/part2_001950.jpg,.jpg,contrast,2,307582621,part2_001950__A1C__contrast__s2.png
part2_001952,/root/autodl-tmp/helmet_yolo_v10/images/train/part2_001952.jpg,.jpg,motion_blur,2,1314084082,part2_001952__A1C__motion_blur__s2.png
part2_001953,/root/autodl-tmp/helmet_yolo_v10/images/train/part2_001953.jpg,.jpg,jpeg_compression,1,4175118694,part2_001953__A1C__jpeg_compression__s1.png
part2_001954,/root/autodl-tmp/helmet_yolo_v10/images/train/part2_001954.jpg,.jpg,frost,1,36843633,part2_001954__A1C__frost__s1.png
part2_001955,/root/autodl-tmp/helmet_yolo_v10/images/train/part2_001955.jpg,.jpg,jpeg_compression,3,2087903424,part2_001955__A1C__jpeg_compression__s3.png
part2_001956,/root/autodl-tmp/helmet_yolo_v10/images/train/part2_001956.jpg,.jpg,zoom_blur,1,957491148,part2_001956__A1C__zoom_blur__s1.png
part2_001958,/root/autodl-tmp/helmet_yolo_v10/images/train/part2_001958.jpg,.jpg,jpeg_compression,1,1052562576,part2_001958__A1C__jpeg_compression__s1.png
part2_001960,/root/autodl-tmp/helmet_yolo_v10/images/train/part2_001960.jpg,.jpg,glass_blur,2,3074007442,part2_001960__A1C__glass_blur__s2.png
part2_001961,/root/autodl-tmp/helmet_yolo_v10/images/train/part2_001961.jpg,.jpg,impulse_noise,3,851662192,part2_001961__A1C__impulse_noise__s3.png
part2_001962,/root/autodl-tmp/helmet_yolo_v10/images/train/part2_001962.jpg,.jpg,jpeg_compression,3,3844470341,part2_001962__A1C__jpeg_compression__s3.png
part2_001963,/root/autodl-tmp/helmet_yolo_v10/images/train/part2_001963.jpg,.jpg,brightness,2,4157525503,part2_001963__A1C__brightness__s2.png
part2_001965,/root/autodl-tmp/helmet_yolo_v10/images/train/part2_001965.jpg,.jpg,shot_noise,3,543172970,part2_001965__A1C__shot_noise__s3.png
part2_001967,/root/autodl-tmp/helmet_yolo_v10/images/train/part2_001967.jpg,.jpg,defocus_blur,1,2678458996,part2_001967__A1C__defocus_blur__s1.png
part2_001972,/root/autodl-tmp/helmet_yolo_v10/images/train/part2_001972.jpg,.jpg,zoom_blur,2,3796928787,part2_001972__A1C__zoom_blur__s2.png
part2_001975,/root/autodl-tmp/helmet_yolo_v10/images/train/part2_001975.jpg,.jpg,pixelate,3,2210169155,part2_001975__A1C__pixelate__s3.png
part2_001976,/root/autodl-tmp/helmet_yolo_v10/images/train/part2_001976.jpg,.jpg,brightness,1,241128460,part2_001976__A1C__brightness__s1.png
part2_001981,/root/autodl-tmp/helmet_yolo_v10/images/train/part2_001981.jpg,.jpg,zoom_blur,3,1364953502,part2_001981__A1C__zoom_blur__s3.png
part2_001984,/root/autodl-tmp/helmet_yolo_v10/images/train/part2_001984.jpg,.jpg,jpeg_compression,2,2844381420,part2_001984__A1C__jpeg_compression__s2.png
part2_001986,/root/autodl-tmp/helmet_yolo_v10/images/train/part2_001986.jpg,.jpg,shot_noise,2,225213944,part2_001986__A1C__shot_noise__s2.png
part2_001991,/root/autodl-tmp/helmet_yolo_v10/images/train/part2_001991.jpg,.jpg,zoom_blur,1,2059735626,part2_001991__A1C__zoom_blur__s1.png
part2_001994,/root/autodl-tmp/helmet_yolo_v10/images/train/part2_001994.jpg,.jpg,frost,2,3146948132,part2_001994__A1C__frost__s2.png
part2_001995,/root/autodl-tmp/helmet_yolo_v10/images/train/part2_001995.jpg,.jpg,snow,3,18665553,part2_001995__A1C__snow__s3.png
part2_001998,/root/autodl-tmp/helmet_yolo_v10/images/train/part2_001998.jpg,.jpg,brightness,1,1996741270,part2_001998__A1C__brightness__s1.png
part2_001999,/root/autodl-tmp/helmet_yolo_v10/images/train/part2_001999.jpg,.jpg,gaussian_noise,3,3194285042,part2_001999__A1C__gaussian_noise__s3.png
part2_002000,/root/autodl-tmp/helmet_yolo_v10/images/train/part2_002000.jpg,.jpg,pixelate,2,1206494721,part2_002000__A1C__pixelate__s2.png
part2_002002,/root/autodl-tmp/helmet_yolo_v10/images/train/part2_002002.jpg,.jpg,zoom_blur,3,3170334582,part2_002002__A1C__zoom_blur__s3.png
part2_002005,/root/autodl-tmp/helmet_yolo_v10/images/train/part2_002005.jpg,.jpg,motion_blur,3,705071952,part2_002005__A1C__motion_blur__s3.png
part2_002006,/root/autodl-tmp/helmet_yolo_v10/images/train/part2_002006.jpg,.jpg,jpeg_compression,1,4088365461,part2_002006__A1C__jpeg_compression__s1.png
part2_002010,/root/autodl-tmp/helmet_yolo_v10/images/train/part2_002010.jpg,.jpg,frost,2,3335030438,part2_002010__A1C__frost__s2.png
part2_002011,/root/autodl-tmp/helmet_yolo_v10/images/train/part2_002011.jpg,.jpg,zoom_blur,1,3927473055,part2_002011__A1C__zoom_blur__s1.png
part2_002014,/root/autodl-tmp/helmet_yolo_v10/images/train/part2_002014.jpg,.jpg,jpeg_compression,2,304881002,part2_002014__A1C__jpeg_compression__s2.png
part2_002015,/root/autodl-tmp/helmet_yolo_v10/images/train/part2_002015.jpg,.jpg,snow,2,1853676552,part2_002015__A1C__snow__s2.png
part2_002016,/root/autodl-tmp/helmet_yolo_v10/images/train/part2_002016.jpg,.jpg,shot_noise,1,1511745321,part2_002016__A1C__shot_noise__s1.png
part2_002017,/root/autodl-tmp/helmet_yolo_v10/images/train/part2_002017.jpg,.jpg,glass_blur,3,2427842960,part2_002017__A1C__glass_blur__s3.png
part2_002018,/root/autodl-tmp/helmet_yolo_v10/images/train/part2_002018.jpg,.jpg,jpeg_compression,2,598975543,part2_002018__A1C__jpeg_compression__s2.png
part2_002019,/root/autodl-tmp/helmet_yolo_v10/images/train/part2_002019.jpg,.jpg,pixelate,1,1885914327,part2_002019__A1C__pixelate__s1.png
part2_002021,/root/autodl-tmp/helmet_yolo_v10/images/train/part2_002021.jpg,.jpg,snow,2,4280100446,part2_002021__A1C__snow__s2.png
part2_002022,/root/autodl-tmp/helmet_yolo_v10/images/train/part2_002022.jpg,.jpg,defocus_blur,3,3899610138,part2_002022__A1C__defocus_blur__s3.png
part2_002023,/root/autodl-tmp/helmet_yolo_v10/images/train/part2_002023.jpg,.jpg,gaussian_noise,1,1239790115,part2_002023__A1C__gaussian_noise__s1.png
part2_002024,/root/autodl-tmp/helmet_yolo_v10/images/train/part2_002024.jpg,.jpg,zoom_blur,2,4062126664,part2_002024__A1C__zoom_blur__s2.png
part2_002025,/root/autodl-tmp/helmet_yolo_v10/images/train/part2_002025.jpg,.jpg,jpeg_compression,3,480023376,part2_002025__A1C__jpeg_compression__s3.png
part2_002026,/root/autodl-tmp/helmet_yolo_v10/images/train/part2_002026.jpg,.jpg,snow,3,3833376711,part2_002026__A1C__snow__s3.png
part2_002029,/root/autodl-tmp/helmet_yolo_v10/images/train/part2_002029.jpg,.jpg,fog,1,2427982468,part2_002029__A1C__fog__s1.png
part2_002033,/root/autodl-tmp/helmet_yolo_v10/images/train/part2_002033.jpg,.jpg,impulse_noise,1,1185487409,part2_002033__A1C__impulse_noise__s1.png
part2_002040,/root/autodl-tmp/helmet_yolo_v10/images/train/part2_002040.jpg,.jpg,defocus_blur,1,1467193533,part2_002040__A1C__defocus_blur__s1.png
part2_002042,/root/autodl-tmp/helmet_yolo_v10/images/train/part2_002042.jpg,.jpg,pixelate,2,2035676160,part2_002042__A1C__pixelate__s2.png
part2_002043,/root/autodl-tmp/helmet_yolo_v10/images/train/part2_002043.jpg,.jpg,jpeg_compression,2,2071483716,part2_002043__A1C__jpeg_compression__s2.png
part2_002047,/root/autodl-tmp/helmet_yolo_v10/images/train/part2_002047.jpg,.jpg,motion_blur,2,4085509820,part2_002047__A1C__motion_blur__s2.png
part2_002048,/root/autodl-tmp/helmet_yolo_v10/images/train/part2_002048.jpg,.jpg,shot_noise,2,135767945,part2_002048__A1C__shot_noise__s2.png
part2_002049,/root/autodl-tmp/helmet_yolo_v10/images/train/part2_002049.jpg,.jpg,pixelate,1,365791704,part2_002049__A1C__pixelate__s1.png
part2_002050,/root/autodl-tmp/helmet_yolo_v10/images/train/part2_002050.jpg,.jpg,shot_noise,2,353343065,part2_002050__A1C__shot_noise__s2.png
part2_002051,/root/autodl-tmp/helmet_yolo_v10/images/train/part2_002051.jpg,.jpg,jpeg_compression,1,3863950270,part2_002051__A1C__jpeg_compression__s1.png
part2_002057,/root/autodl-tmp/helmet_yolo_v10/images/train/part2_002057.jpg,.jpg,pixelate,2,815459864,part2_002057__A1C__pixelate__s2.png
part2_002058,/root/autodl-tmp/helmet_yolo_v10/images/train/part2_002058.jpg,.jpg,shot_noise,2,3090525314,part2_002058__A1C__shot_noise__s2.png
part2_002060,/root/autodl-tmp/helmet_yolo_v10/images/train/part2_002060.jpg,.jpg,shot_noise,1,3110235353,part2_002060__A1C__shot_noise__s1.png
part2_002061,/root/autodl-tmp/helmet_yolo_v10/images/train/part2_002061.jpg,.jpg,shot_noise,3,271890672,part2_002061__A1C__shot_noise__s3.png
part2_002062,/root/autodl-tmp/helmet_yolo_v10/images/train/part2_002062.jpg,.jpg,brightness,1,2185458400,part2_002062__A1C__brightness__s1.png
part2_002063,/root/autodl-tmp/helmet_yolo_v10/images/train/part2_002063.jpg,.jpg,motion_blur,1,956348774,part2_002063__A1C__motion_blur__s1.png
part2_002064,/root/autodl-tmp/helmet_yolo_v10/images/train/part2_002064.jpg,.jpg,fog,2,3868760531,part2_002064__A1C__fog__s2.png
part2_002065,/root/autodl-tmp/helmet_yolo_v10/images/train/part2_002065.jpg,.jpg,zoom_blur,3,3576694750,part2_002065__A1C__zoom_blur__s3.png
part2_002069,/root/autodl-tmp/helmet_yolo_v10/images/train/part2_002069.jpg,.jpg,contrast,2,1347961258,part2_002069__A1C__contrast__s2.png
part2_002071,/root/autodl-tmp/helmet_yolo_v10/images/train/part2_002071.jpg,.jpg,motion_blur,2,1059183271,part2_002071__A1C__motion_blur__s2.png
part2_002072,/root/autodl-tmp/helmet_yolo_v10/images/train/part2_002072.jpg,.jpg,defocus_blur,1,3212155757,part2_002072__A1C__defocus_blur__s1.png
part2_002073,/root/autodl-tmp/helmet_yolo_v10/images/train/part2_002073.jpg,.jpg,pixelate,1,675493184,part2_002073__A1C__pixelate__s1.png
part2_002074,/root/autodl-tmp/helmet_yolo_v10/images/train/part2_002074.jpg,.jpg,jpeg_compression,2,3930390747,part2_002074__A1C__jpeg_compression__s2.png
part2_002075,/root/autodl-tmp/helmet_yolo_v10/images/train/part2_002075.jpg,.jpg,zoom_blur,1,64569797,part2_002075__A1C__zoom_blur__s1.png
part2_002077,/root/autodl-tmp/helmet_yolo_v10/images/train/part2_002077.jpg,.jpg,fog,3,2825887136,part2_002077__A1C__fog__s3.png
part2_002078,/root/autodl-tmp/helmet_yolo_v10/images/train/part2_002078.jpg,.jpg,impulse_noise,1,1302211890,part2_002078__A1C__impulse_noise__s1.png
part2_002080,/root/autodl-tmp/helmet_yolo_v10/images/train/part2_002080.jpg,.jpg,zoom_blur,1,552386944,part2_002080__A1C__zoom_blur__s1.png
part2_002081,/root/autodl-tmp/helmet_yolo_v10/images/train/part2_002081.jpg,.jpg,impulse_noise,3,3744344135,part2_002081__A1C__impulse_noise__s3.png
part2_002086,/root/autodl-tmp/helmet_yolo_v10/images/train/part2_002086.jpg,.jpg,frost,3,1111337469,part2_002086__A1C__frost__s3.png
part2_002087,/root/autodl-tmp/helmet_yolo_v10/images/train/part2_002087.jpg,.jpg,defocus_blur,2,244215184,part2_002087__A1C__defocus_blur__s2.png
part2_002088,/root/autodl-tmp/helmet_yolo_v10/images/train/part2_002088.jpg,.jpg,shot_noise,3,2011222188,part2_002088__A1C__shot_noise__s3.png
part2_002089,/root/autodl-tmp/helmet_yolo_v10/images/train/part2_002089.jpg,.jpg,pixelate,3,709700592,part2_002089__A1C__pixelate__s3.png
part2_002090,/root/autodl-tmp/helmet_yolo_v10/images/train/part2_002090.jpg,.jpg,glass_blur,2,3164177823,part2_002090__A1C__glass_blur__s2.png
part2_002091,/root/autodl-tmp/helmet_yolo_v10/images/train/part2_002091.jpg,.jpg,jpeg_compression,3,3487779855,part2_002091__A1C__jpeg_compression__s3.png
part2_002092,/root/autodl-tmp/helmet_yolo_v10/images/train/part2_002092.jpg,.jpg,shot_noise,2,4248836691,part2_002092__A1C__shot_noise__s2.png
part2_002095,/root/autodl-tmp/helmet_yolo_v10/images/train/part2_002095.jpg,.jpg,pixelate,3,3967449197,part2_002095__A1C__pixelate__s3.png
part2_002096,/root/autodl-tmp/helmet_yolo_v10/images/train/part2_002096.jpg,.jpg,shot_noise,3,3144535228,part2_002096__A1C__shot_noise__s3.png
part2_002097,/root/autodl-tmp/helmet_yolo_v10/images/train/part2_002097.jpg,.jpg,impulse_noise,2,2739145565,part2_002097__A1C__impulse_noise__s2.png
part2_002098,/root/autodl-tmp/helmet_yolo_v10/images/train/part2_002098.jpg,.jpg,contrast,1,4253294982,part2_002098__A1C__contrast__s1.png
part2_002099,/root/autodl-tmp/helmet_yolo_v10/images/train/part2_002099.jpg,.jpg,shot_noise,2,3653075295,part2_002099__A1C__shot_noise__s2.png
part2_002101,/root/autodl-tmp/helmet_yolo_v10/images/train/part2_002101.jpg,.jpg,jpeg_compression,1,3179516970,part2_002101__A1C__jpeg_compression__s1.png
part2_002102,/root/autodl-tmp/helmet_yolo_v10/images/train/part2_002102.jpg,.jpg,zoom_blur,3,3140611340,part2_002102__A1C__zoom_blur__s3.png
part2_002103,/root/autodl-tmp/helmet_yolo_v10/images/train/part2_002103.jpg,.jpg,frost,2,2872926264,part2_002103__A1C__frost__s2.png
part2_002104,/root/autodl-tmp/helmet_yolo_v10/images/train/part2_002104.jpg,.jpg,gaussian_noise,2,2909428249,part2_002104__A1C__gaussian_noise__s2.png
part2_002105,/root/autodl-tmp/helmet_yolo_v10/images/train/part2_002105.jpg,.jpg,shot_noise,1,2147580756,part2_002105__A1C__shot_noise__s1.png
part2_002107,/root/autodl-tmp/helmet_yolo_v10/images/train/part2_002107.jpg,.jpg,impulse_noise,2,1934799979,part2_002107__A1C__impulse_noise__s2.png
part2_002109,/root/autodl-tmp/helmet_yolo_v10/images/train/part2_002109.jpg,.jpg,contrast,1,3730919286,part2_002109__A1C__contrast__s1.png
part2_002111,/root/autodl-tmp/helmet_yolo_v10/images/train/part2_002111.jpg,.jpg,zoom_blur,3,2136682446,part2_002111__A1C__zoom_blur__s3.png
part2_002112,/root/autodl-tmp/helmet_yolo_v10/images/train/part2_002112.jpg,.jpg,snow,1,422468104,part2_002112__A1C__snow__s1.png
part2_002116,/root/autodl-tmp/helmet_yolo_v10/images/train/part2_002116.jpg,.jpg,frost,2,1766814132,part2_002116__A1C__frost__s2.png
part2_002117,/root/autodl-tmp/helmet_yolo_v10/images/train/part2_002117.jpg,.jpg,fog,3,3883063854,part2_002117__A1C__fog__s3.png
part2_002126,/root/autodl-tmp/helmet_yolo_v10/images/train/part2_002126.jpg,.jpg,defocus_blur,2,1979756225,part2_002126__A1C__defocus_blur__s2.png
part2_002127,/root/autodl-tmp/helmet_yolo_v10/images/train/part2_002127.jpg,.jpg,impulse_noise,3,4154184317,part2_002127__A1C__impulse_noise__s3.png
part2_002133,/root/autodl-tmp/helmet_yolo_v10/images/train/part2_002133.jpg,.jpg,snow,3,2498698340,part2_002133__A1C__snow__s3.png
part2_002134,/root/autodl-tmp/helmet_yolo_v10/images/train/part2_002134.jpg,.jpg,contrast,3,522790284,part2_002134__A1C__contrast__s3.png
part2_002136,/root/autodl-tmp/helmet_yolo_v10/images/train/part2_002136.jpg,.jpg,snow,2,3602222742,part2_002136__A1C__snow__s2.png
part2_002137,/root/autodl-tmp/helmet_yolo_v10/images/train/part2_002137.jpg,.jpg,zoom_blur,2,1072498269,part2_002137__A1C__zoom_blur__s2.png
part2_002139,/root/autodl-tmp/helmet_yolo_v10/images/train/part2_002139.jpg,.jpg,frost,1,3415157925,part2_002139__A1C__frost__s1.png
part2_002141,/root/autodl-tmp/helmet_yolo_v10/images/train/part2_002141.jpg,.jpg,snow,3,351276719,part2_002141__A1C__snow__s3.png
part2_002142,/root/autodl-tmp/helmet_yolo_v10/images/train/part2_002142.jpg,.jpg,zoom_blur,3,2003864929,part2_002142__A1C__zoom_blur__s3.png
part2_002143,/root/autodl-tmp/helmet_yolo_v10/images/train/part2_002143.jpg,.jpg,frost,2,849740853,part2_002143__A1C__frost__s2.png
part2_002144,/root/autodl-tmp/helmet_yolo_v10/images/train/part2_002144.jpg,.jpg,contrast,1,2139948120,part2_002144__A1C__contrast__s1.png
part2_002145,/root/autodl-tmp/helmet_yolo_v10/images/train/part2_002145.jpg,.jpg,snow,1,2188920097,part2_002145__A1C__snow__s1.png
part2_002146,/root/autodl-tmp/helmet_yolo_v10/images/train/part2_002146.jpg,.jpg,shot_noise,2,3154673006,part2_002146__A1C__shot_noise__s2.png
part2_002147,/root/autodl-tmp/helmet_yolo_v10/images/train/part2_002147.jpg,.jpg,shot_noise,2,3028630946,part2_002147__A1C__shot_noise__s2.png
part2_002148,/root/autodl-tmp/helmet_yolo_v10/images/train/part2_002148.jpg,.jpg,fog,1,2939400794,part2_002148__A1C__fog__s1.png
part2_002149,/root/autodl-tmp/helmet_yolo_v10/images/train/part2_002149.jpg,.jpg,pixelate,2,2984139711,part2_002149__A1C__pixelate__s2.png
part2_002150,/root/autodl-tmp/helmet_yolo_v10/images/train/part2_002150.jpg,.jpg,motion_blur,3,4055427617,part2_002150__A1C__motion_blur__s3.png
part2_002151,/root/autodl-tmp/helmet_yolo_v10/images/train/part2_002151.jpg,.jpg,zoom_blur,1,2062173606,part2_002151__A1C__zoom_blur__s1.png
part2_002152,/root/autodl-tmp/helmet_yolo_v10/images/train/part2_002152.jpg,.jpg,impulse_noise,3,3136966671,part2_002152__A1C__impulse_noise__s3.png
part2_002159,/root/autodl-tmp/helmet_yolo_v10/images/train/part2_002159.jpg,.jpg,impulse_noise,3,1154649023,part2_002159__A1C__impulse_noise__s3.png
part2_002160,/root/autodl-tmp/helmet_yolo_v10/images/train/part2_002160.jpg,.jpg,zoom_blur,1,3483500601,part2_002160__A1C__zoom_blur__s1.png
part2_002161,/root/autodl-tmp/helmet_yolo_v10/images/train/part2_002161.jpg,.jpg,snow,2,2606816435,part2_002161__A1C__snow__s2.png
part2_002164,/root/autodl-tmp/helmet_yolo_v10/images/train/part2_002164.jpg,.jpg,contrast,1,2375809580,part2_002164__A1C__contrast__s1.png
part2_002167,/root/autodl-tmp/helmet_yolo_v10/images/train/part2_002167.jpg,.jpg,snow,2,3113710408,part2_002167__A1C__snow__s2.png
part2_002169,/root/autodl-tmp/helmet_yolo_v10/images/train/part2_002169.jpg,.jpg,shot_noise,2,1573944816,part2_002169__A1C__shot_noise__s2.png
part2_002170,/root/autodl-tmp/helmet_yolo_v10/images/train/part2_002170.jpg,.jpg,snow,1,873112768,part2_002170__A1C__snow__s1.png
part2_002173,/root/autodl-tmp/helmet_yolo_v10/images/train/part2_002173.jpg,.jpg,shot_noise,1,3408334368,part2_002173__A1C__shot_noise__s1.png
part2_002181,/root/autodl-tmp/helmet_yolo_v10/images/train/part2_002181.jpg,.jpg,shot_noise,1,2589228311,part2_002181__A1C__shot_noise__s1.png
part2_002182,/root/autodl-tmp/helmet_yolo_v10/images/train/part2_002182.jpg,.jpg,jpeg_compression,1,2920999615,part2_002182__A1C__jpeg_compression__s1.png
part2_002183,/root/autodl-tmp/helmet_yolo_v10/images/train/part2_002183.jpg,.jpg,fog,2,2496906093,part2_002183__A1C__fog__s2.png
part2_002185,/root/autodl-tmp/helmet_yolo_v10/images/train/part2_002185.jpg,.jpg,motion_blur,3,2957513943,part2_002185__A1C__motion_blur__s3.png
part2_002187,/root/autodl-tmp/helmet_yolo_v10/images/train/part2_002187.jpg,.jpg,defocus_blur,1,212728292,part2_002187__A1C__defocus_blur__s1.png
part2_002192,/root/autodl-tmp/helmet_yolo_v10/images/train/part2_002192.jpg,.jpg,impulse_noise,1,2155047471,part2_002192__A1C__impulse_noise__s1.png
part2_002193,/root/autodl-tmp/helmet_yolo_v10/images/train/part2_002193.jpg,.jpg,frost,1,3692345181,part2_002193__A1C__frost__s1.png
part2_002194,/root/autodl-tmp/helmet_yolo_v10/images/train/part2_002194.jpg,.jpg,jpeg_compression,1,2646968568,part2_002194__A1C__jpeg_compression__s1.png
part2_002195,/root/autodl-tmp/helmet_yolo_v10/images/train/part2_002195.jpg,.jpg,gaussian_noise,2,4123951579,part2_002195__A1C__gaussian_noise__s2.png
part2_002197,/root/autodl-tmp/helmet_yolo_v10/images/train/part2_002197.jpg,.jpg,pixelate,1,1198235332,part2_002197__A1C__pixelate__s1.png
part2_002198,/root/autodl-tmp/helmet_yolo_v10/images/train/part2_002198.jpg,.jpg,jpeg_compression,2,3017448879,part2_002198__A1C__jpeg_compression__s2.png
part2_002201,/root/autodl-tmp/helmet_yolo_v10/images/train/part2_002201.jpg,.jpg,pixelate,3,2911878113,part2_002201__A1C__pixelate__s3.png
part2_002203,/root/autodl-tmp/helmet_yolo_v10/images/train/part2_002203.jpg,.jpg,frost,2,218595373,part2_002203__A1C__frost__s2.png
part2_002206,/root/autodl-tmp/helmet_yolo_v10/images/train/part2_002206.jpg,.jpg,glass_blur,2,2817197669,part2_002206__A1C__glass_blur__s2.png
part2_002208,/root/autodl-tmp/helmet_yolo_v10/images/train/part2_002208.jpg,.jpg,snow,3,593749337,part2_002208__A1C__snow__s3.png
part2_002210,/root/autodl-tmp/helmet_yolo_v10/images/train/part2_002210.jpg,.jpg,shot_noise,3,345705356,part2_002210__A1C__shot_noise__s3.png
part2_002211,/root/autodl-tmp/helmet_yolo_v10/images/train/part2_002211.jpg,.jpg,brightness,3,2839317700,part2_002211__A1C__brightness__s3.png
part2_002213,/root/autodl-tmp/helmet_yolo_v10/images/train/part2_002213.jpg,.jpg,shot_noise,2,3924051765,part2_002213__A1C__shot_noise__s2.png
part2_002214,/root/autodl-tmp/helmet_yolo_v10/images/train/part2_002214.jpg,.jpg,zoom_blur,3,897126961,part2_002214__A1C__zoom_blur__s3.png
part2_002215,/root/autodl-tmp/helmet_yolo_v10/images/train/part2_002215.jpg,.jpg,shot_noise,3,3597511565,part2_002215__A1C__shot_noise__s3.png
part2_002217,/root/autodl-tmp/helmet_yolo_v10/images/train/part2_002217.jpg,.jpg,motion_blur,2,203902679,part2_002217__A1C__motion_blur__s2.png
part2_002221,/root/autodl-tmp/helmet_yolo_v10/images/train/part2_002221.jpg,.jpg,gaussian_noise,3,3963662361,part2_002221__A1C__gaussian_noise__s3.png
part2_002227,/root/autodl-tmp/helmet_yolo_v10/images/train/part2_002227.jpg,.jpg,impulse_noise,1,352572034,part2_002227__A1C__impulse_noise__s1.png
part2_002228,/root/autodl-tmp/helmet_yolo_v10/images/train/part2_002228.jpg,.jpg,zoom_blur,1,132397475,part2_002228__A1C__zoom_blur__s1.png
part2_002230,/root/autodl-tmp/helmet_yolo_v10/images/train/part2_002230.jpg,.jpg,snow,1,1353060802,part2_002230__A1C__snow__s1.png
part2_002231,/root/autodl-tmp/helmet_yolo_v10/images/train/part2_002231.jpg,.jpg,frost,1,1020341057,part2_002231__A1C__frost__s1.png
part2_002232,/root/autodl-tmp/helmet_yolo_v10/images/train/part2_002232.jpg,.jpg,jpeg_compression,3,3789709182,part2_002232__A1C__jpeg_compression__s3.png
part2_002234,/root/autodl-tmp/helmet_yolo_v10/images/train/part2_002234.jpg,.jpg,motion_blur,2,2643381701,part2_002234__A1C__motion_blur__s2.png
part2_002237,/root/autodl-tmp/helmet_yolo_v10/images/train/part2_002237.jpg,.jpg,jpeg_compression,3,3094518017,part2_002237__A1C__jpeg_compression__s3.png
part2_002241,/root/autodl-tmp/helmet_yolo_v10/images/train/part2_002241.jpg,.jpg,glass_blur,1,621662740,part2_002241__A1C__glass_blur__s1.png
part2_002243,/root/autodl-tmp/helmet_yolo_v10/images/train/part2_002243.jpg,.jpg,brightness,3,1065653163,part2_002243__A1C__brightness__s3.png
part2_002245,/root/autodl-tmp/helmet_yolo_v10/images/train/part2_002245.jpg,.jpg,shot_noise,1,1410836956,part2_002245__A1C__shot_noise__s1.png
part2_002249,/root/autodl-tmp/helmet_yolo_v10/images/train/part2_002249.jpg,.jpg,motion_blur,1,4225319092,part2_002249__A1C__motion_blur__s1.png
part2_002250,/root/autodl-tmp/helmet_yolo_v10/images/train/part2_002250.jpg,.jpg,brightness,2,1074966812,part2_002250__A1C__brightness__s2.png
part2_002251,/root/autodl-tmp/helmet_yolo_v10/images/train/part2_002251.jpg,.jpg,zoom_blur,2,2168191740,part2_002251__A1C__zoom_blur__s2.png
part2_002255,/root/autodl-tmp/helmet_yolo_v10/images/train/part2_002255.jpg,.jpg,glass_blur,2,3330952424,part2_002255__A1C__glass_blur__s2.png
part2_002256,/root/autodl-tmp/helmet_yolo_v10/images/train/part2_002256.jpg,.jpg,zoom_blur,3,3916243135,part2_002256__A1C__zoom_blur__s3.png
part2_002262,/root/autodl-tmp/helmet_yolo_v10/images/train/part2_002262.jpg,.jpg,gaussian_noise,2,2499353771,part2_002262__A1C__gaussian_noise__s2.png
part2_002265,/root/autodl-tmp/helmet_yolo_v10/images/train/part2_002265.jpg,.jpg,frost,1,1516544621,part2_002265__A1C__frost__s1.png
part2_002273,/root/autodl-tmp/helmet_yolo_v10/images/train/part2_002273.jpg,.jpg,shot_noise,2,2622533475,part2_002273__A1C__shot_noise__s2.png
part2_002275,/root/autodl-tmp/helmet_yolo_v10/images/train/part2_002275.jpg,.jpg,snow,1,648442714,part2_002275__A1C__snow__s1.png
part2_002277,/root/autodl-tmp/helmet_yolo_v10/images/train/part2_002277.jpg,.jpg,frost,3,1846064684,part2_002277__A1C__frost__s3.png
part2_002278,/root/autodl-tmp/helmet_yolo_v10/images/train/part2_002278.jpg,.jpg,jpeg_compression,1,2754750909,part2_002278__A1C__jpeg_compression__s1.png
part2_002279,/root/autodl-tmp/helmet_yolo_v10/images/train/part2_002279.jpg,.jpg,contrast,3,2164439950,part2_002279__A1C__contrast__s3.png
part2_002283,/root/autodl-tmp/helmet_yolo_v10/images/train/part2_002283.jpg,.jpg,motion_blur,1,3445831529,part2_002283__A1C__motion_blur__s1.png
part2_002285,/root/autodl-tmp/helmet_yolo_v10/images/train/part2_002285.jpg,.jpg,contrast,3,2741262833,part2_002285__A1C__contrast__s3.png
part2_002290,/root/autodl-tmp/helmet_yolo_v10/images/train/part2_002290.jpg,.jpg,motion_blur,1,3400617152,part2_002290__A1C__motion_blur__s1.png
part2_002291,/root/autodl-tmp/helmet_yolo_v10/images/train/part2_002291.jpg,.jpg,gaussian_noise,1,3120998391,part2_002291__A1C__gaussian_noise__s1.png
part2_002294,/root/autodl-tmp/helmet_yolo_v10/images/train/part2_002294.jpg,.jpg,motion_blur,3,694847597,part2_002294__A1C__motion_blur__s3.png
part2_002296,/root/autodl-tmp/helmet_yolo_v10/images/train/part2_002296.jpg,.jpg,defocus_blur,2,2627719832,part2_002296__A1C__defocus_blur__s2.png
part2_002297,/root/autodl-tmp/helmet_yolo_v10/images/train/part2_002297.jpg,.jpg,brightness,1,26753698,part2_002297__A1C__brightness__s1.png
part2_002298,/root/autodl-tmp/helmet_yolo_v10/images/train/part2_002298.jpg,.jpg,snow,2,873593737,part2_002298__A1C__snow__s2.png
part2_002299,/root/autodl-tmp/helmet_yolo_v10/images/train/part2_002299.jpg,.jpg,gaussian_noise,2,1328256548,part2_002299__A1C__gaussian_noise__s2.png
part2_002300,/root/autodl-tmp/helmet_yolo_v10/images/train/part2_002300.jpg,.jpg,glass_blur,3,1082217865,part2_002300__A1C__glass_blur__s3.png
part2_002301,/root/autodl-tmp/helmet_yolo_v10/images/train/part2_002301.jpg,.jpg,fog,1,3675895316,part2_002301__A1C__fog__s1.png
part2_002304,/root/autodl-tmp/helmet_yolo_v10/images/train/part2_002304.jpg,.jpg,motion_blur,3,1794351604,part2_002304__A1C__motion_blur__s3.png
part2_002306,/root/autodl-tmp/helmet_yolo_v10/images/train/part2_002306.jpg,.jpg,zoom_blur,2,906187629,part2_002306__A1C__zoom_blur__s2.png
part2_002307,/root/autodl-tmp/helmet_yolo_v10/images/train/part2_002307.jpg,.jpg,gaussian_noise,2,3899589863,part2_002307__A1C__gaussian_noise__s2.png
part2_002308,/root/autodl-tmp/helmet_yolo_v10/images/train/part2_002308.jpg,.jpg,impulse_noise,2,77744148,part2_002308__A1C__impulse_noise__s2.png
part2_002310,/root/autodl-tmp/helmet_yolo_v10/images/train/part2_002310.jpg,.jpg,frost,3,606441361,part2_002310__A1C__frost__s3.png
part2_002313,/root/autodl-tmp/helmet_yolo_v10/images/train/part2_002313.jpg,.jpg,gaussian_noise,3,3920732927,part2_002313__A1C__gaussian_noise__s3.png
part2_002315,/root/autodl-tmp/helmet_yolo_v10/images/train/part2_002315.jpg,.jpg,defocus_blur,3,3046303976,part2_002315__A1C__defocus_blur__s3.png
part2_002319,/root/autodl-tmp/helmet_yolo_v10/images/train/part2_002319.jpg,.jpg,glass_blur,1,3435774080,part2_002319__A1C__glass_blur__s1.png
part2_002322,/root/autodl-tmp/helmet_yolo_v10/images/train/part2_002322.jpg,.jpg,gaussian_noise,1,2648011073,part2_002322__A1C__gaussian_noise__s1.png
part2_002324,/root/autodl-tmp/helmet_yolo_v10/images/train/part2_002324.jpg,.jpg,glass_blur,2,2013621799,part2_002324__A1C__glass_blur__s2.png
part2_002325,/root/autodl-tmp/helmet_yolo_v10/images/train/part2_002325.jpg,.jpg,defocus_blur,1,1629875276,part2_002325__A1C__defocus_blur__s1.png
part2_002327,/root/autodl-tmp/helmet_yolo_v10/images/train/part2_002327.jpg,.jpg,glass_blur,1,3838657861,part2_002327__A1C__glass_blur__s1.png
part2_002330,/root/autodl-tmp/helmet_yolo_v10/images/train/part2_002330.jpg,.jpg,jpeg_compression,3,2386383926,part2_002330__A1C__jpeg_compression__s3.png
part2_002331,/root/autodl-tmp/helmet_yolo_v10/images/train/part2_002331.jpg,.jpg,fog,1,1023747367,part2_002331__A1C__fog__s1.png
part2_002332,/root/autodl-tmp/helmet_yolo_v10/images/train/part2_002332.jpg,.jpg,shot_noise,2,4274361113,part2_002332__A1C__shot_noise__s2.png
part2_002336,/root/autodl-tmp/helmet_yolo_v10/images/train/part2_002336.jpg,.jpg,shot_noise,3,3400080315,part2_002336__A1C__shot_noise__s3.png
part2_002337,/root/autodl-tmp/helmet_yolo_v10/images/train/part2_002337.jpg,.jpg,pixelate,1,4022185907,part2_002337__A1C__pixelate__s1.png
part2_002338,/root/autodl-tmp/helmet_yolo_v10/images/train/part2_002338.jpg,.jpg,impulse_noise,2,3308722832,part2_002338__A1C__impulse_noise__s2.png
part2_002339,/root/autodl-tmp/helmet_yolo_v10/images/train/part2_002339.jpg,.jpg,gaussian_noise,2,2418509451,part2_002339__A1C__gaussian_noise__s2.png
part2_002340,/root/autodl-tmp/helmet_yolo_v10/images/train/part2_002340.jpg,.jpg,jpeg_compression,2,358936013,part2_002340__A1C__jpeg_compression__s2.png
part2_002341,/root/autodl-tmp/helmet_yolo_v10/images/train/part2_002341.jpg,.jpg,frost,3,859882881,part2_002341__A1C__frost__s3.png
part2_002342,/root/autodl-tmp/helmet_yolo_v10/images/train/part2_002342.jpg,.jpg,motion_blur,1,3169309712,part2_002342__A1C__motion_blur__s1.png
part2_002343,/root/autodl-tmp/helmet_yolo_v10/images/train/part2_002343.jpg,.jpg,jpeg_compression,3,3893523778,part2_002343__A1C__jpeg_compression__s3.png
part2_002344,/root/autodl-tmp/helmet_yolo_v10/images/train/part2_002344.jpg,.jpg,snow,1,2171775932,part2_002344__A1C__snow__s1.png
part2_002353,/root/autodl-tmp/helmet_yolo_v10/images/train/part2_002353.jpg,.jpg,snow,3,3494502684,part2_002353__A1C__snow__s3.png
part2_002355,/root/autodl-tmp/helmet_yolo_v10/images/train/part2_002355.jpg,.jpg,gaussian_noise,2,4217749286,part2_002355__A1C__gaussian_noise__s2.png
part2_002363,/root/autodl-tmp/helmet_yolo_v10/images/train/part2_002363.jpg,.jpg,pixelate,3,2514015223,part2_002363__A1C__pixelate__s3.png
part2_002368,/root/autodl-tmp/helmet_yolo_v10/images/train/part2_002368.jpg,.jpg,brightness,3,3791348317,part2_002368__A1C__brightness__s3.png
part2_002369,/root/autodl-tmp/helmet_yolo_v10/images/train/part2_002369.jpg,.jpg,gaussian_noise,2,760606430,part2_002369__A1C__gaussian_noise__s2.png
part2_002372,/root/autodl-tmp/helmet_yolo_v10/images/train/part2_002372.jpg,.jpg,contrast,2,1297192913,part2_002372__A1C__contrast__s2.png
part2_002376,/root/autodl-tmp/helmet_yolo_v10/images/train/part2_002376.jpg,.jpg,impulse_noise,3,2724087692,part2_002376__A1C__impulse_noise__s3.png
part2_002378,/root/autodl-tmp/helmet_yolo_v10/images/train/part2_002378.jpg,.jpg,pixelate,1,1914124795,part2_002378__A1C__pixelate__s1.png
part2_002382,/root/autodl-tmp/helmet_yolo_v10/images/train/part2_002382.jpg,.jpg,contrast,1,2346841412,part2_002382__A1C__contrast__s1.png
part2_002383,/root/autodl-tmp/helmet_yolo_v10/images/train/part2_002383.jpg,.jpg,snow,1,2983231650,part2_002383__A1C__snow__s1.png
part2_002386,/root/autodl-tmp/helmet_yolo_v10/images/train/part2_002386.jpg,.jpg,fog,1,1764157164,part2_002386__A1C__fog__s1.png
part2_002391,/root/autodl-tmp/helmet_yolo_v10/images/train/part2_002391.jpg,.jpg,brightness,3,1255868829,part2_002391__A1C__brightness__s3.png
part2_002392,/root/autodl-tmp/helmet_yolo_v10/images/train/part2_002392.jpg,.jpg,fog,2,3269369889,part2_002392__A1C__fog__s2.png
part2_002393,/root/autodl-tmp/helmet_yolo_v10/images/train/part2_002393.jpg,.jpg,fog,3,914840968,part2_002393__A1C__fog__s3.png
